review,label
bản thân ngôi trường khá là kém ấn tượng cơ sở hạ tầng và điều kiện lớp học đạt tiêu chuẩn chung nhưng có một số câu lạc bộ và sự kiện năng động hỗ trợ trong suốt cả năm chương trình học không có gì đặc biệt nhưng luôn có đội ngũ nhân viên hữu ích túc trực,0
chất lượng giáo dục tốt,2
học phí rất cao cơ sở vật chất không đạt tiêu chuẩn,0
rong rai,2
tuyệt vời,2
tốt,2
quá khó,0
giáo viên có cơ sở tốt,2
rất tốt,2
được rồi,1
ừm,1
đẹp và hiện đại,2
trải nghiệm tồi tệ,0
địa điểm tốt,2
một nơi để đến,2
mùa thu ptit bài ca về tình bạn và khát vọng khi cơn gió mùa thu nhẹ nhàng thổi từng chiếc lá vàng sân trường ptit trở nên,2
mặc dù là người dễ tính nhưng từ khi vào trường này nhiều lần anh cảm thấy vô cùng khó chịu với cổng trường và nhân viên bảo vệ xe không có biển báo đỗ xe không được nói chuyện to tiếng với học sinh học phí,0
khuôn viên trường thoáng mát viện công nghệ bưu chính viễn thông là một đơn vị nghiên cứu giáo dục,2
cơ sở vật chất tốt giảng viên có trình độ chuyên môn cao rất đáng để học,2
cháu trai tôi học ở trường này và cần giấy xác nhận tình trạng học vấn để được miễn nghĩa vụ quân sự nhưng cháu đã nộp cách đây 5 ngày và đến giờ cháu vẫn chưa có giấy này mỗi lần tôi hỏi bộ,0
người quan trọng nhất trong trường là người giữ xe nếu bạn cảm thấy không thoải mái ngay từ khi bắt đầu học bạn sẽ không thể học được chúng tôi hy vọng sẽ cải thiện bước đầu tiên này,0
điều hòa là trang thiết bị tối thiểu ở trường học nhưng lại là xa xỉ ở ptit mặc dù trường phải trả gần 20 triệu mỗi học kỳ và học phí tăng hằng năm,0
chúng tôi tha thiết cầu xin cơ sở phía bắc giúp đỡ chúng tôi từ cơ sở phía nam ngôi trường phía nam có cảm giác như họ đã quay ngược thời gian trở về thời kháng chiến,0
cơ sở vật chất và trang thiết bị của trường khá đầy đủ và hiện đại đáp ứng nhu cầu thiết yếu để học sinh có môi trường học tập hiệu quả nhất,2
học viện được thành lập năm 1997 và là đơn vị tiên phong trong lĩnh vực bưu chính viễn thông tại việt nam,2
thuê một nhóm bảo vệ chỉ để quát mắng học sinh thái độ tệ,0
nhà trường đã cấp mã đặt lại mật khẩu slink trong bao lâu rồi,0
ngôi trường này luôn nằm trong top các trường đào tạo công nghệ các bạn hãy tham khảo nhé chúng tôi chào đón các bạn sinh viên mới của học viện bưu chính,2
tôi đến đây để học và sau khi đăng ký lịch học tôi vẫn bị hack như thường lệ trường công nghệ có sinh viên liên tục hack trang web qldt và không có giải pháp nào nếu bạn có ý định học một chuyên ngành mới tại trường,0
cơ sở vật chất rất tốt đi học mùa hè chỉ sợ lạnh chứ không sợ nóng giảng viên nhiệt tình được 10 điểm,2
cơ sở vật chất của trường được xây dựng lại mới và tiếp tục được cải thiện chương trình giảng dạy được cập nhật và liên tục đổi mới,2
đừng nghe những bình luận 5 sao tất cả đều là dối trá chương trình giảng dạy toàn là sách giáo khoa từ những năm 2000 trình độ tiếng anh rất kém phát âm giống như đọc hiểu hơn nữa không bao giờ có giải pháp dễ dàng cho học sinh trong mọi thứ đừng bao giờ đến đây để học,0
tôi phải nói rằng mkt nằm trong top nhưng trường không bao giờ tuyên bố là top bất kỳ ai học sẽ vào được cf,2
tôi học marketing tại ptit thầy cô giảng dạy môn marketing rất nhiệt tình và thân thiện chương trình giảng dạy liên tục được cập nhật và đổi mới,2
cơ sở vật chất và giáo viên tuyệt vời tôi rất yêu trường này,2
hiện đang học năm thứ 3 chuyên ngành digital mar tại trường tôi thực sự cảm thấy việc chọn trường là đúng đắn,2
chương trình học chuyên sâu kiến thức được áp dụng vào cuộc sống tự hào là học sinh của trường,2
học sinh rất thân thiện và học rất giỏi các giáo viên cũng rất nhiệt tình và có nhiều hoạt động học tập và thể thao bổ ích và sáng tạo,2
học viện bưu chính viễn thông ptit là trường chuyên đào tạo đại học chính quy với nhiều sinh viên theo học tại đây và cũng là nơi đào tạo tốt nhất tại việt nam tọa lạc ngay trên đường nguyễn trãi,2
bạn đang xem đánh giá từ ptit uy tín đây là một ngôi trường có nhiều bạn bè rộng rãi nhưng không quá rộng rãi nhưng chỉ là hòa thuận vật liệu ổn giáo viên tuyệt vời có nhiều câu lạc bộ nhưng phong trào toàn học sinh không phổ biến như các trường khác trong khu vực trường đang ngày càng hoàn thiện điều này điều này rất có giá trị,2
km10 trần phú phường mộ lao quận hà đông thành phố hà nội việt nam trường học rộng đẹp thư viện đẹp mát mẻ học sinh đáng yêu và thân thiện,2
học phí quá đắt so với cơ sở vật chất,0
vị trí thuận tiện cho việc đi lại và học tập của học sinh trường có khu nội trú,2
tôi chán phải cho trường 1 sao rồi dù sao thì tôi cũng chán rồi và quay lại,0
môi trường học tập và trải nghiệm thầy cô và bạn bè đều tốt bụng,2
cơ sở vật chất siêu chất lượng chương trình tiếp thị kỹ thuật số ở đây phải được gọi là tuyệt vời,2
cơ sở vật chất đang được cải thiện tốt học marketing ở đây khá tốt,2
anh trai tôi đang học mkt ptit anh ấy nói rằng anh ấy là một giáo viên và chương trình giảng dạy rất giỏi,2
môi trường năng động và tươi mát giáo viên nhiệt tình và dễ thương,2
tôi hy vọng nhà trường sẽ sớm hoàn thành việc xây dựng bãi đỗ xe 4 tầng và cơ sở vật chất mới,1
tôi đã đến trường chơi vài lần vì bạn thân của tôi học ở đó hihi,1
mặc dù trường không lớn lắm nhưng có nhiều cây xanh và khuôn viên trường sạch đẹp,2
cơ sở vật chất đã được cải thiện nên tôi đánh giá 5 sao ở đây,2
chất lượng giảng dạy tốt cơ sở vật chất trung bình nhưng học phí cao royal academy,0
học viện hoàng gia phòng thí nghiệm hoàng gia học phí hoàng gia trường mới có máy lạnh nên khá tốt nhưng học phí nên giảm và khuôn viên trường không rộng như tưởng tượng,0
học viện bưu chính viễn thông ngôi trường rộng đẹp nhiều sinh viên,2
cơ sở vật chất được cải thiện nhiều hoạt động thú vị,2
cơ sở vật chất chất lượng chương trình học tuyệt vời,2
sinh viên ngành bưu chính viễn thông được đào tạo nhiều chuyên ngành kế toán công nghệ thông tin,2
đây là nơi học tập tuy nhiên các cơ sở vật chất có thể sử dụng được,1
ngôi trường này nghiệp chướng quá toàn bộ học sinh của trường này đều tự tử vì kiến trúc trước khi tôi ở số 9 ngõ 167 nguyễn văn trỗi nhà ông toàn có một sinh viên bưu điện chết ở phòng bên cạnh nhà tôi phải có gốc rễ và kết quả thì mới tốt nghiệp khỏe mạnh,0
không gian trường học rộng rãi thoáng đãng khá tốt cho học sinh,2
học viện thu học phí vô lý mà tôi không hiểu nổi x2 khoản học phí bất ngờ trong khi học viên không hề nói gì về vấn đề này trước khi nhập học,0
máy điều hòa hỏng 1 tháng rồi mà chưa sửa,0
tôi có thể đăng ký ở ký túc xá ở đâu,1
tiện nghi rất bình thường mùa hè ít khi bật điều hòa nếu là điều hòa tổng thì phải đợi cả tòa nhà mở cửa mới bật được,0
tín dụng 750k không cần máy lạnh,0
mọi người đừng nhìn vào những bình luận 5 sao vì chúng là của nhân viên nhà trường tiếp theo tôi sẽ nói về các vấn đề của trường ưu điểm đầu tiên tôi không thấy có ưu điểm nào khác ngoài nhà vệ sinh sạch sẽ và thang máy nhanh nhược điểm giảng viên thì,0
học marketing chính thức nhưng chất lượng cao,2
việc hội đồng lao động sinh viên tăng học phí thật khó hiểu gấu có giáo viên chất lượng nhưng cơ sở vật chất kém,0
xin hãy giúp tôi sửa sân a3,0
nằm ở khu vực phía tây bắc của thành phố gần các trường đại học khác,1
học viện công nghệ bưu chính viễn thông tuyển sinh gần 4300 sinh viên bằng 4 phương thức xét tuyển bao gồm xét tuyển điểm thi tốt nghiệp thpt,1
trường học tuyệt vời ngoại trừ học phí,2
trải nghiệm vào ban đêm rất tệ nhà trường cho học sinh hát đến tận 130 sáng gây mất trật tự và bất tiện cho những người xung quanh vào ban đêm,0
trường thì giàu nhưng không thể xây được nhà để xe có mái che cho học sinh,0
tôi không hiểu tại sao d vẫn trượt vì tình trạng sức khỏe của mình nhà trường chỉ đang cố gắng thu tiền của học sinh cũng không có hoạt động nào cả không có gì tốt đẹp cả nếu bạn xem thì đừng nên đăng ký vào trường này,0
ngôi trường quen thuộc ngay gần nhà tôi cách nhà tôi 300m nên từ nhỏ tôi thường đến trường chơi và khi còn là học sinh tôi cũng học tại ngôi trường này biết bao kỷ niệm khi chứng kiến ngôi trường thay đổi từng ngày trong gần 30 năm,2
học viện đẹp chất lượng học tập tốt,2
điểm thi thường dao động mạnh các môn anh ấy dạy thì tệ các môn khác thì bình thường cơ sở vật chất thì kém học phí thì cao,0
trường học nhỏ sân được sử dụng làm bãi đậu xe hoạt động của thang máy rất khó hiểu,0
học viện được chuyển từ tập đoàn bưu chính viễn thông sang bộ thông tin và truyền thông là đơn vị sự nghiệp công lập trực thuộc bộ có vị thế là trường đại học trung tâm nghiên cứu trọng điểm của ngành thông tin và truyền thông việt nam nam,1
đây là viện kỹ thuật bưu điện trực thuộc học viện học viên sẽ học tại hà đông đối diện khoa kiến trúc bạn nên sửa lại địa điểm để học viên và người có nhu cầu có thể tìm đúng địa chỉ,1
con tôi học ở trường này đến bây giờ tôi mới nhận ra rằng trường này rất tệ,0
học phí rất đắt cơ sở vật chất có lẽ từ những năm 90 năm nay nếu tôi học lại khóa học đó chắc chắn tôi sẽ mất một tuần lương,0
phòng tuyển sinh chán quá phải không,0
cho tôi một ngôi sao vì học viện đã đánh trượt tôi môn thống kê và xác suất mà không có lý do gì,0
điểm thấp nên chỉ 1 sao,0
đồng ý,2
môi trường học tập tốt,2
bảo vệ khá tệ bực bội tôi không có tiền lẻ nên tôi đã rút hết tiền lẻ và lấy lại bộ đồ này thật buồn cho đội ngũ bảo vệ ở đây,0
miễn học miễn thi nhưng vẫn thu 30 học phí bạn vẫn còn thời gian để từ bỏ mong muốn của mình,0
ptit tuyệt vời,2
học viện công nghệ bưu chính viễn thông là trường đại học trọng điểm quốc gia về lĩnh vực cntt,2
trường có nhiều cây xanh sân trường tương đối rộng rãi cổng trường gần trạm xe buýt,2
số 30 trần phú nhé mọi người,1
thiết bị đã được nâng cấp và trông sang trọng,2
chỉ là không thích nó thôi,0
hu đây cũng là học viện công nghệ bưu chính viễn thông à vậy khoa trần phú là khoa nào vậy,1
tôi không còn bất kỳ bức ảnh nào của trường nữa,1
trải nghiệm tuyệt vời,2
trường học thật tuyệt vời,2
trụ sở chính của ptit mình chưa từng đến đây nhưng cơ bản là mình học ở ptit hà đông và mình rất thích trường này nên mình vote 5,2
10 điểm,2
ngôi trường này rất tuyệt vời,2
chất lượng giảng dạy tốt đội ngũ nhân viên chưa xứng tầm với vị thế của trường,0
đây là viện kỹ thuật bưu chính trực thuộc học viện sinh viên sẽ học tại hà đông,1
phòng thừa nhưng không cho học sinh học thô lỗ,0
đây không phải là trường đại học bạn sẽ học ở hà đông,0
học phí của trường này hơi đắt,0
ngôi trường nhỏ và có bãi đậu xe nhưng đã bị cắt bớt để làm sân bóng đá,0
học phí quá cao so với cơ sở vật chất,0
tôi không cân nhắc đến việc nhập học vào trường đó,0
amazing dienthoaivui,2
xấu,0
ahihi,1
chú ý và nhiệt tình,2
nhấp chuột,1
là những trường đại học tốt nhất ở việt nam,2
viện kinh tế bưu chính và viện khoa học công nghệ bưu chính đều nằm ở địa chỉ này,1
bắt đầu học cách sử dụng công nghệ số để chi tiêu,1
đi ngang qua trường cũ ở một địa điểm rất khác,1
học phí cao cơ sở vật chất kém,0
khuôn viên trường đẹp giảng viên nhiệt tình giúp đỡ sinh viên,2
bạn không nên vào trường này,0
địa chỉ 122 hoàng gia việt nam,1
trường rất tốt học sinh rất thân thiện,2
ước mơ thời trẻ của tôi hy vọng là 6 tháng sau,2
trường ptit lớn và dạy tốt,2
bên đường gần nhà thuốc đông y cuối đường nguyễn trãi,1
trường học rất tốt tôi đã yêu rồi,2
học tập khá thú vị học phí đắt,1
tôi vẫn còn nghi ngờ nhưng vẫn cho nó 5,2
trường đại học đào tạo bưu chính hàng đầu,2
trường này toàn là facebook,0
mùa đông đi qua tắc đường,0
hoặc nơi này là trường học phù hợp ok,2
ngôi trường đẹp và thoáng mát,2
học viện hoàng gia học viện hoàng gia học phí hoàng gia,2
đào tạo chất lượng cao,2
11 điểm,2
đánh giá 5 sao,2
một nơi thực sự tuyệt vời,2
rộng và đẹp,2
học phí tăng,0
có sẵn wifi,2
11 đồng,2
dịch vụ tốt,2
10 đêm,2
biện pháp chồn,0
dễ tìm,2
address 122 hoang quoc viet nghia tan cau giay vietnam,1
rất thú vị,2
không hối tiếc,2
học viện hoàng gia,2
khá tốt cho việc học tập,2
đào tạo tài năng,2
học viện công nghệ bưu chính viễn thông,1
rất đáng để học,2
học tập tốt,2
học viện bưu chính,1
được rồi trường học,1
cơ sở 2 hvbcvt,1
học viện tốt,2
công nghệ 40,1
trường học tốt,2
chất lượng,2
tọa lạc tại khu vực trung tâm thủ đô đại học kinh tế quốc dân neu là trường đại học tốt nhất để học ngành kinh tếkinh doanh tại việt nam 1010,2
trường đại học tuyệt vời nơi tôi đã dành 4 năm để học về ngành du lịch và kinh tế nói chung giảng viên nhiệt tình và cơ sở vật chất tuyệt vời thư viện rộng rãi và yên tĩnh,2
đối với một kỳ nghỉ tiết kiệm nơi này ổn chỉ cần đặt kỳ vọng của bạn phù hợp với nơi mà bạn đã trả 10 đô la cho một phòng đôi lớn phòng tắm riêng và bữa sáng,1
nhân viên ở đây rất tử tế hiếu khách và hữu ích chúng tôi đến lúc 7 giờ tối và họ có thể đặt cho chúng tôi một tour tham quan vịnh hạ long vào sáng hôm sau phòng sạch sẽ nhân viên nói tiếng anh tốt bữa sáng đơn giản nhưng được bao gồm giá trị tuyệt vời chúng tôi thậm chí còn có,2
tôi ước mình có nhiều sao hơn để cho phòng rất đẹp bữa sáng và cà phê miễn phí chất lượng nhưng điểm nổi bật là những người làm việc ở đây tôi vô cùng kinh ngạc về sự tốt bụng hữu ích và thân thiện của họ tôi nghĩ đây là nơi dễ chịu nhất mà chúng tôi từng ở,2
kỳ nghỉ tuyệt vời và trải nghiệm tiết kiệm nhất mà tôi từng có nhân viên tuyệt vời và vô cùng trung thực mọi thứ đều có giá cả hợp lý và,2
đây là ngày đầu tiên của chúng tôi ở việt nam trong chuyến đi kéo dài 20 ngày tôi thực sự muốn cảm ơn cặp đôi đang quản lý bất động sản này họ rất hợp tác và cố gắng hướng dẫn khách hết sức có thể bất động sản khá nhỏ nhưng vị trí thì,2
khách sạn gia đình cực kỳ thân thiện với mức giá tuyệt vời có cà phê và bữa sáng mỗi sáng và có xe tay ga ngay bên cạnh với giá 80k hãy hỏi lễ tân bất cứ điều gì và bạn sẽ được đáp ứng mà không có vấn đề gì và họ sẽ làm cho bạn,2
lựa chọn tốt nhất mà chúng tôi đã chọn cho chuyến du lịch tiết kiệm của mình trên đường phòng bạn sẽ có nước nóng máy sấy tóc và máy lạnh các nhân viên rất thân thiện và đưa ra những khuyến nghị tốt nhất mà bạn cần thêm vào đó với mức giá này chúng tôi còn được miễn phí bữa sáng,2
nghe này sau khi ở việt nam một tháng và ở trong hàng chục khách sạn khác nhau một điều đã trở nên rất rõ ràng dịch vụ không quan trọng vào cuối ngày nếu bạn không có được một đêm ngủ ngon nệm ở đây dễ dàng,0
chủ nhà cực kỳ tốt bụng và dễ tính họ rất hữu ích trong việc đặt tour và dịch vụ tôi muốn và không thúc ép nếu tôi không quan tâm phòng rộng rãi giường thoải mái máy lạnh dịch vụ giặt ủi và cho thuê xe đạp giá cả phải chăng cô ấy thậm chí còn giảm giá phòng cho tôi sau khi tôi phải trả một số tiền sửa xe đạp khi tôi gặp tai nạn nhỏ,2
hoàn hảo phòng sạch sẽ và đẹp giá trị đồng tiền,2
tốt tốt,2
không có gì để nói xấu về khách sạn này tôi chỉ ở đó 3 đêm phòng sạch sẽ giường khá thoải mái vị trí thực sự tốt chúng tôi được giới thiệu tham gia một chuyến du ngoạn trọn ngày với cat ba green trail travel và chúng tôi đã,2
vị trí rất tốt đi bộ 3 phút đến phố chính với tất cả các quán bar và nhà hàng có thể có tiếng xe hơi chạy qua vào ban đêm và nếu bạn là người ngủ nông thì hãy mang theo nút tai,0
vợ tôi và tôi đã ở khách sạn này 3 đêm mặc dù khách sạn và phòng ốc có vẻ hơi cũ nhưng người quản lý người việt nam rõ ràng đã khiến bạn quên đi điều đó,2
chúng tôi ở 2 đêm trong một phòng đôi có mọi thứ bạn có thể cần chỉ hơi tối một chút bữa sáng rất ngon và khẩu phần ăn đủ với mức giá này thì chỗ nghỉ tuyệt vời,2
tôi chưa bao giờ đăng bài đánh giá về một khách sạn trước đây nhưng lần này thì hoàn toàn cần thiết phòng sạch sẽ rộng rãi đáng yêu vị trí tốt nhân viên tuyệt vời tôi và bạn tôi là những người duy nhất ở đây vì tờ báo trung quốc mới,2
tôi thích neu chủ yếu vì cơ sở hạ tầng tuyệt vời của trường,2
phòng tuyệt vời so với giá trị sạch sẽ và rộng rãi lễ tân rất hữu ích và đáng yêu phoan tôi không biết đó có phải là cách bạn viết tắt của anh ấy không,2
khách sạn và dịch vụ tuyệt vời ngay trung tâm tôi đã ở đây ba đêm và chắc chắn sẽ chọn lại rất sạch sẽ nói chung và họ cũng dọn phòng cho tôi sau đêm thứ hai nhân viên thực sự tốt bụng,2
một sự chào đón tuyệt vời và một đội ngũ luôn sẵn sàng giúp đỡ phòng và khách sạn rất sạch sẽ ngay trung tâm cung cấp tất cả các dịch vụ tham quan giặt ủi ăn sáng gia đình rất tốt cảm ơn,2
người phụ nữ ở quầy lễ tân rất hữu ích trong mọi việc cho dù đó là đặt tour cung cấp thông tin về thời gian xe buýt và cách đến công viên quốc gia hay những thứ liên quan đến phòng,2
một trong những trường đại học hàng đầu tại việt nam cơ sở hạ tầng và chương trình giáo dục đều tuyệt vời bạn không thể mong đợi gì hơn trong môi trường đổi mới này cập nhật vẫn là 45,2
gia đình điều hành nơi này rất thân thiện và hữu ích vị trí tuyệt vời và bao gồm bữa sáng miễn phí và con gái của họ rất dễ thương cảm ơn bạn,2
mọi thứ đều ổn đặt tour du thuyền trong ngày tại khách sạn phòng chỉ có túi dầu gội đầu rất bất tiện,0
vị trí tốt gần phố chính phòng ổn so với giá bữa sáng không tuyệt vời nhưng cũng tạm ổn về nhân viên họ tốt bụng nhưng không ai nói được tiếng anh,1
nói thẳng ra thì giá rất rẻ với mức giá đó bạn sẽ có một căn phòng rộng rãi có máy lạnh chỉ cần nhớ bảo cô ấy ấn nút liên lạc ở quầy lễ tân là được họ rất tử tế sẽ làm mọi cách có thể để giúp bạn và bạn sẽ nhận được dịch vụ tiêu chuẩn,2
khách sạn đẹp với mức giá phải chăng đi bộ một đoạn ngắn là đến vịnh với nhiều cửa hàng và nhà hàng,2
hai sao chỉ vì nhân viên đây là một khách sạn thực sự tệ không có wifi trong phòng hơi bẩn không đủ đèn trong phòng ồn ào giường tệ nhân viên là lý do duy nhất khiến tôi ở lại và không chuyển sang nơi khác,0
rất rẻ phòng trông cũng ổn,2
giá trị tốt với mức giá rất rẻ phòng lớn và nhân viên tốt vòi hoa sen có dòng nước rất yếu cần yêu cầu họ dọn phòng và thay khăn,2
khách sạn đẹp không phải là mới nhất nhưng khá ổn và cung cấp dịch vụ tốt,2
giá trị tuyệt vời phòng rộng rãi và sạch sẽ nhân viên rất thân thiện và hữu ích bữa sáng ngon miệng,2
phòng ổn khá cơ bản không có khu vực tắm vòi sen chỉ có vòi sen gắn trên tường trong phòng tắm tính phí 17 triệu vmd giá quá cao,0
khách sạn rất tốt giá rẻ phòng sạch sẽ giường thoải mái và chủ nhà rất tốt bụng,2
nơi tốt trung tâm yên tĩnh để lưu trú nhân viên thực sự chào đón và hữu ích,2
neu cung cấp nhiều khóa học với nhiều chuyên ngành khác nhau các phòng học được trang bị đầy đủ máy lạnh máy chiếu chất lượng giảng dạy tốt giáo viên nhiệt tình hỗ trợ và có phương pháp giảng dạy tốt,2
đây là trường đại học của tôi trường rộng và đẹp 3 nhân tiện có rất nhiều giảng viên tuyệt vời và sinh viên thân thiện ở đó,2
phòng đẹp giường và nệm thoải mái nhân viên rất tốt bụng và hữu ích zieo nhân viên lễ tân thật tuyệt vời và đã giúp chúng tôi mọi thứ chúng tôi cần,2
vài phút đến bãi biển phòng lớn được trang bị đầy đủ tiện nghi và bữa sáng tuyệt vời với giá cả phải chăng,2
những người làm việc ở đây rất đáng yêu rất nhiệt tình và giá phòng rất rẻ,2
trường đại học này được biết đến là trường đại học kinh tế hoàng gia tại việt nam,2
nhân viên rất thân thiện đã có một kỳ nghỉ tuyệt vời,2
nhân viên lễ tân thân thiện nói tiếng anh tốt wifi rất nhanh và máy lạnh lạnh sẽ quay lại,2
khách sạn rất rẻ có bao gồm bữa sáng dịch vụ rất tử tế tùy chọn thuê xe đạp và dịch vụ giặt ủi,2
trường đại học kinh tế tốt với sinh viên tốt và giáo viên tốt,2
chị cả của tôi đang học nó tôi nghĩ đó là một thành tựu lớn nhưng tương lai tôi không thi,0
phòng lớn đẹp và nhân viên rất thân thiện bữa sáng hơi thất vọng một chút,2
tòa nhà có tầm nhìn đẹp xung quanh có nhiều lựa chọn đồ ăn đường phố,2
lớp học của tôi khá tuyệt nhưng tôi là giảng viên có lẽ không phải là người đánh giá công bằng,0
trường đại học số 1 về kinh tế trên toàn quốc giảng dạy tốt sinh viên tốt và khuôn viên trường rộng,2
gia đình đáng yêu giường đẹp,2
trường đại học tốt nhất để học ngành kinh tế với nhiều chương trình được công nhận quốc tế,2
khách sạn tốt nhưng hãy chú ý đến việc thanh toán vào cuối kỳ nghỉ,2
có sẵn diện tích lớnthật tuyệt,2
địa điểm tuyệt vời để checkin,2
nơi tuyệt vời để bạn tự khám phá xem con gái đẹp đến thế nào,2
mức giá cao ngất ngưởng cho loại dịch vụ và giáo dục này,0
dịch vụ tốt phòng ở cơ bản,2
neu cũng cung cấp hàng chục khóa học dành cho chuyên gia bao gồm cả mba,2
thật tuyệt đẹp,2
mm,0
rất đẹp,2
quá rẻ so với những gì bạn nhận được bữa sáng hơi chán,0
muon dc học o day wa,2
xuất sắc,2
tuy nhiên nó lớn hơn gấp nghìn lần so với hình ảnh hiển thị trên mạng,2
5 sao trường đại học tốt nhất hà nội,2
quán cà phê,1
học tập tốt nhất của cuộc đời,2
vl tốt,0
một trong những trường đại học kinh tế tốt nhất tại hà nội,2
nj,1
nhân viên sạch sẽ và hữu ích,2
đại học tuyệt vời,2
trường đại học tốt nhưng có nhiều thủ tục hành chính,1
trường đại học hàng đầu tại việt nam,2
xin hãy đợi tôi,2
trường đại học tốt nhất tại việt nam,2
mới của tôi,1
môi trường học tập tốt nhất,2
mới x,1
viện đào tạo quốc tế đại học kinh tế quốc dân,1
giấc mơ của tôi,2
trường đại học tệ nhất,0
trường đại học kinh tế tốt nhất tại hà nội,2
nhà của tôi,2
một nơi tốt để học tập,2
20072011,1
đẹp,2
vậy nên,1
yêu,2
trường đại học tuyệt vời,2
tôi yêu neu,2
tốt nhất,2
tuyệt,2
trường đại học đẹp,2
nơi tốt đẹp,2
trường đại học tốt nhất,2
đó là trường đại học của tôi,1
trường đại học tốt,2
trường đại học của tôi,1
có nhiều thay đổi so với những năm trước lhoong tự hào là một trong những trường đại học có truyền thống lâu đời tại thủ đô,2
tốt nghiệp đại học kinh tế quốc dân neu là một hành trình đầy thử thách nhưng cũng vô cùng bổ ích,2
tôi không hiểu tại sao mọi người có thể đánh giá 12 vì những lý do như trường cho phép họ trượt sau 4 năm học tại trường tôi thực sự hạnh phúc một trường kinh tế danh tiếng,2
trường rất đẹp và chuyên nghiệp tôi có cơ hội hợp tác trong công tác truyền thông cho trường nên thường xuyên đến đó tôi cảm thấy học sinh của trường cũng rất năng động và tích cực,2
trường đại học kinh tế quốc dân neu là một trong những cơ sở đào tạo kinh tế hàng đầu và uy tín nhất tại việt nam được thành lập vào năm 1956 neu luôn giữ vững vị thế tiên phong trong đào tạo và nghiên cứu trong các lĩnh vực,2
có được vị trí như ngày hôm nay khiến tôi cảm thấy hài lòng và biết ơn neu,2
chúng tôi là hệ thống cấp độ 2 và muốn bình luận như sau 1 nhiều văn bản pháp lý đã hết hạn trong nhiều năm nhưng chương trình học từ xa không được cập nhật tất nhiên khi tham gia kỳ thi nội dung của,0
kinh nghiệm nhớ lưu lại tvana mediskin clinic,1
có những vấn đề mà nhà trường chưa thực sự hiểu được đối với học sinh mặc dù vấn đề đã tồn tại trong một thời gian dài và nhiều học sinh đã lên tiếng,0
bán hàng tốt nhưng đào tạo kém giáo viên txcn không nhiệt tình hỏi nhưng không thèm trả lời gọi điện chỉ nhắc thanh toán và chất lượng dạy và học không được chú ý,0
ngôi trường rộng lớn đẹp như công viên và được tổ chức tốt,2
đại học kinh tế quốc dân là một trường đại học lâu đời và khá nổi tiếng tại việt nam,2
ngôi trường mà tôi đã gắn bó từ những ngày còn là học sinh yêu trường nhiều lắm,2
một trải nghiệm tuyệt vời khi bạn đến bạn sẽ được chào đón nồng nhiệt rất vui vẻ và nhẹ nhàng phòng sạch sẽ và nệm rất mềm bữa sáng ngon ngoài sức tưởng tượng của bạn khá gần bãi biển gần,2
trường của t học chăm chỉ để vào neu và mình thấy xứng đáng neu là nền tảng tuyệt vời cho hành trình săn học bổng du học thạc sĩ của mình,2
trường đại học kinh tế quốc dân neu tọa lạc tại vị trí giao thông thuận tiện là trường đại học lâu đời và khá nổi tiếng tại việt nam,2
sau 7 năm quay lại trường tôi không nhận ra trường chút nào giật mình trường đẹp các cửa hàng tôi từng ngồi cũng đã thay đổi cho 4 sao vì trường không cho ô tô vào cũng không cho đỗ xe trước cổng tôi đã cố gắng đến thăm trường nhưng không được,0
giá cả quá hợp lý so với sự chuyên nghiệp quản lý thân thiện và uy tín hỗ trợ khách hàng nhiệt tình có cả bữa sáng nhiều món ăn và đồ uống là nơi tôi lựa chọn mỗi khi đến,2
mãi mãi yêu kdqt 59b trường đại học kinh tế quốc dân nằm ở khu vực giao thông thuận tiện là ngôi trường hàng đầu trong lĩnh vực kinh tế,2
ăn sáng tại nhà nghỉ đặt phòng 1 đêm vào thứ bảy trên agodo để được giảm giá 10 còn 250k,1
tôi không hiểu tại sao lại có đánh giá 45 sao nhưng tôi thấy rằng ngay từ lúc bước vào trường từ nhân viên bảo vệ nhận giấy tờ đến gặp trực tiếp mọi người tất cả đều rất không thoải mái với thái độ rất tệ,0
trường xứng đáng để sinh viên học tập và nghiên cứu đánh giá cơ sở vật chất trường có khu vực học tập đầy đủ bao gồm giảng đường thư viện,2
kinh tế quốc dân là trường đại học hàng đầu về kinh tế tại việt nam với chương trình đào tạo đa dạng và chất lượng cao trường đào tạo ra những chuyên gia kinh tế có kiến thức vững chắc và kỹ năng chuyên môn cao đội ngũ giảng viên tại trường kinh tế quốc dân,2
sinh viên trường đại học kinh tế quốc dân neu nghĩ gì về trường mình vui lòng xem đánh giá tại đây camnhancuastudentvienveschooldaihoc kinhtequocdanneu20426,1
2 đêm tại khách sạn này bao gồm bữa sáng các phòng sạch sẽ và đủ lớn có thể đặt xe buýt đi bộ đường dài đến công viên quốc gia và các chuyến tham quan trên vịnh han,1
khuôn viên trường cực kỳ rộng rãi và nhiều cây xanh điểm được đánh giá cao là khuôn viên trường cực kỳ thoáng mát,2
chủ khách sạn tốt bụng hữu ích và nói tiếng anh tốt anh ấy cho phép chúng tôi để lại đồ đạc sau giờ trả phòng để chúng tôi có thể dễ dàng đi bộ quanh thành phố,2
toàn bộ ngôi nhà mới rộng rãi và được thiết kế đẹp mắt an ninh khá nghiêm ngặt bạn phải có thẻ sinh viên hoặc xin thẻ tại quầy lễ tân để vào các tầng tuy nhiên bãi đậu xe không được tốt lắm,2
giáo viên của trường luôn tận tình với học sinh nhiều câu lạc bộ giải trí sau giờ học tại giảng đường chất lượng giảng dạy tốt,2
trường đại học kinh tế quốc dân tiếng anh national economics university là một trong những trường đại học chuyên đào tạo về kinh tế và quản lý tại việt nam đồng thời trường cũng là một trung tâm nghiên cứu kinh tế chuyên sâu,2
ngôi trường tôi đang theo học có cơ sở vật chất tốt đội ngũ giảng viên có trình độ chuyên môn cao và nhiều hoạt động thú vị dành cho sinh viên,2
lần đầu tiên đến đại học kinh tế quốc dân ngoài hà nội rộng rãi thoáng mát trường có nhiều khoa bên trong có đài phun nước có không gian cho sinh viên thư giãn bên cạnh đó còn có thư viện khá rộng phù hợp cho sinh viên học tập tại trường trường cũng có nhiều cây xanh,2
trường đại học hàng đầu việt nam về đào tạo chuyên ngành quản lý kinh tế cơ sở vật chất được đầu tư rất bài bản có nhiều chương trình liên kết chất lượng với các trường đại học danh tiếng trên thế giới,2
đây là nơi học tập gần trung tâm với các sinh viên và là nơi tôi đã quen thuộc trong một thời gian khuôn virn hơi nhỏ ở giữa,2
tọa lạc tại 207 giải phóng ngôi trường rất đẹp nằm ngay trung tâm hà nội đối diện bệnh viện bạch mai trường rất thoáng mát là nơi học tập tốt ngôi trường này đào tạo ra nhiều nhân tài mỗi năm đất nước trường kinh tế quốc dân đào tạo rất tốt và được xếp hạng cao trong số các trường của việt nam,2
bằng cấp của người đó sẽ chỉ được trả lại sau 30 năm,0
tôi đã nghe rất nhiều về trường kinh tế quốc dân nhưng bây giờ tôi mới có cơ hội tận mắt chứng kiến nó thật to lớn và hùng vĩ,2
ngôi trường uy nghi và sang trọng có nhiều cảnh đẹp để chụp ảnh nam nữ thanh niên giảng viên thân thiện đáng học nhiều cây xanh và không gian mở xanh mát,2
trường đẹp cơ sở vật chất tốt nhiều hoạt động từ thiện và thể thao ngoại khóa đội ngũ giáo viên chuyên nghiệp gia đình phụ huynh và học sinh có thể yên tâm,2
trường có cơ sở vật chất tuyệt vời đặc biệt là tòa nhà thế kỷ và thư viện phạm văn đồng là nơi lý tưởng để tránh cái nóng gay gắt của mùa hè,2
bây giờ trời mưa và lạnh ở trường bây giờ có rất nhiều tiện nghi thuận tiện ai biết đây là nơi nào,2
không tệ so với giá cả bữa sáng cơ bản và bạn có thể chọn một đồ uống và một món ăn đối với đồ ăn hãy chọn giữa bánh mì nướng bánh kếp và mì gạo,1
vào cuối tháng 3 tôi có chuyến đi 2 ngày 1 đêm đến cát bà và tôi đã chọn nghỉ ngơi tại khách sạn cat ba island khách sạn nằm ngay trung tâm có view biển rất đẹp có thể nhìn ra màn hình lớn rất lý tưởng nếu bạn đi trên,2
trường đại học kinh tế quốc dân neu tọa lạc tại vị trí giao thông thuận tiện và là một trong những trường đại học lâu đời và nổi tiếng tại việt nam,2
tiện nghi rộng rãi và hiện đại đội ngũ an ninh tận tâm quản lý tòa nhà tận tâm có bãi đậu xe 2 tầng rộng rãi hiện đại và hệ thống sân thể thao ngầm,2
trường này tăng học phí mà không báo trước nên tôi ghét nó,0
cho trường của bạn 5 sao nhé hihi,2
trường rất đẹp cơ sở vật chất tốt cho học sinh thư viện rộng rãi thoáng mát được trang bị nhiều đầu sách xứng đáng 5 sao,2
trường đại học kinh tế quốc dân có cơ sở vật chất hiện đại với hệ thống tòa nhà khuôn viên xanh hệ thống điều hòa và trang trí đẹp mắt cùng với đó là đội ngũ nhân viên an ninh vệ sinh ở khắp mọi nơi trong trường trường,2
mua khách sạn theo lịch trình của longwan tiếp xúc với nước nóng kém và đôi khi không có có phục vụ bữa ăn nhân viên có thái độ tuyệt vời,0
đây là ngôi trường đẹp nhất mà tôi từng thấy tôi là sinh viên xây dựng một lần đến thăm trường ấn tượng đầu tiên là trường có nhiều cây xanh mát mẻ và rộng rãi tiếp theo là hai tòa nhà cao tầng uy nghi,2
luôn tự hào là sinh viên của neu các thầy cô đều là những người có cả tầm nhìn và trái tim hầu hết sinh viên của trường đều nhiệt tình và năng động các câu lạc bộ của trường cũng khá năng động cơ sở vật chất hoàn hảo và,2
các phòng học mới của trường rất đẹp và hiện đại có máy lạnh và trang thiết bị sang trọng,2
trường kinh doanh hàng đầu việt nam từ khi tòa nhà thế kỷ hoàn thành cơ sở vật chất đã tăng vọt tôi thích nhất là thư viện của trường có nhiều sách và phòng học nhỏ cực kỳ yên tĩnh và tập trung,2
đại học kinh tế quốc dân vừa mở rộng khuôn viên trường nhìn trên mạng thấy đẹp lắm,2
nửa đêm chán quá vote cho trường 1 sao cho vui nhé,0
trường rất vip phòng đẹp sạch sẽ và thoáng mát ngôi nhà thế kỷ rất đẹp và sang trọng tôi hy vọng trường sẽ cải tạo các tòa nhà cũ để chúng rộng rãi và sạch sẽ hơn để phục vụ và đào tạo học sinh tốt hơn,2
trường có nhiều chuyên ngành đào tạo kinh tế,2
uejwjwhwuw hehehheheuejs 2e4 plugin mạng xã hội facebook có thể bị trễ nhưng tôi không biết phải tìm ở đâu,0
trường đại học mơ ước của những người có hoài bão,2
rất yêu trường học,2
mình là sinh viên nhưng vẫn vote 1 sao,0
trường đại học kinh tế quốc dân đã đào tạo nhiều cử nhân kinh tế cho đất nước đóng góp vào sự phát triển chung của xã hội,2
trường mới được xây dựng theo phong cách hiện đại khuôn viên sạch sẽ nhiều cây xanh tầng hầm để xe rộng rãi là nơi lý tưởng để tổ chức các cuộc thi cho học sinh,2
các cô gái neu chưa bao giờ làm tôi thất vọng,2
căn hộ góc nên view rất đẹp nhưng ở căn hộ bên trong phòng ốc rất kín không có gì để chê khi có lô đất góc đẹp sáng sủa còn về chất lượng dịch vụ ở đây thì hơi chán nước và các thứ khác phải tự lấy chứ không phải đặt trước,0
chào lại lại là ms tracy đây tôi đã học tại hubt và tình cờ có cơ hội chụp ảnh tại,1
yêu ngày mở cửa của neu lamm,2
trường có cơ sở vật chất rộng rãi,2
tự hào là sinh viên neu đã lâu rồi tôi mới quay lại thăm trường,2
trường rất sạch sẽ và rộng rãi khuôn viên trường rộng rãi và thoáng mát nhìn chung rất tốt,2
ngôi trường đẹp quá chụp ảnh kỷ yếu với mình nhé,2
ngày nhập học năm 2019 ngôi trường thật lớn và đẹp,2
cơ sở hạ tầng mới sạch đẹp trường học uy tín,2
vị trí yên tĩnh dễ chịu và đồng thời ở vị trí trung tâm giá trị tuyệt vời cho mức giá chủ nhà rất tốt bụng và luôn tươi cười giúp đỡ mọi thứ trong sảnh luôn có trà gừng trà thường nước và chuối không khí rất dễ chịu,2
hội trường đẹp tiện nghi hiện đại,2
ngôi trường rất đẹp học sinh cũng rất đẹp,2
trường này cho tôi trượt nên tôi không thích nó,0
không gian sạch sẽ đẹp hiện đại nhiều khoa hấp dẫn đặc biệt là khoa khách sạn và du lịch giáo viên thân thiện,2
phòng sảnh và thang máy không được lau dọn có son môi trên ga trải giường không được đổi ngay cả sau khi đã thông báo ngoài ra thì sạch sẽ chỉ phục vụ bữa sáng đến 9 giờ,0
ngôi trường rộng lớn có thể nhìn ra khu vườn lấp lánh tuyệt đẹp,2
yêu cầu nhà trường trả lời các câu hỏi về việc không cấp bằng đại học và lưu giữ giấy tờ tùy thân trái phép trong 30 năm,0
yêu khoa du lịch và quản lý khách sạn của đại học kinh tế quốc dân năm học 20162020,2
học rất giỏi phòng đẹp,2
tại sao nhà trường nói chúng ta học trong giờ hành chính nhưng học kỳ 2 lại học từ 630 tối đến 915 tối nếu chúng ta thông cảm với nhà trường ai thông cảm với chúng ta có phải là cam kết không tốt không,0
nơi này vui quá khuôn viên trường cực kỳ rộng rãi và nhiều cây xanh điểm được đánh giá cao là khuôn viên trường cực kỳ thoáng mát,2
tôi đã đặt phòng superior double trên traveloka với giá 340kđêm có 2 giường lớn thoải mái có cửa sổ view từ cửa sổ là dãy núi đá gần đó không có nhà view gần chủ nhà nói chuyện vui vẻ có tủ treo quần áo lớn phòng tắm có nước nóng lạnh,2
đây là ngôi trường tôi từng mong muốn nhưng không được học ở đây thực sự tuyệt vời,2
trường có đội ngũ giáo viên giỏi điều kiện học tập tốt nhiều công trình kiến trúc đạt chuẩn phục vụ cho học sinh và giáo viên giảng dạy và học tập,2
ngôi trường mới xây dựng lại rất đẹp và rộng rãi,2
vị trí thuận tiện cơ sở vật chất khá tốt ngôi trường có truyền thống đào tạo tốt,2
trường rộng và đẹp buổi tối khuôn viên trường vẫn rất nhộn nhịp mình rất ngưỡng mộ các bạn cùng lớp neu v,2
trường đại học kinh tế quốc dân là một trong những trường đào tạo về kinh tế quản lý và quản trị kinh doanh hàng đầu tại việt nam,2
đầy tự hào và yêu mến trường đại học của chúng ta khoa kinh tế quốc dân,2
tôi rất thích trường neu trường mang lại cho tôi nhiều kiến thức bổ ích và niềm vui tôi mong muốn có cơ hội tiếp tục học tại neu,2
trường đại học kinh tế quốc dân là trường đại học lâu đời chất lượng tốt là trung tâm đào tạo chuyên ngành kinh tế trình độ đại học và sau đại học cho cả nước và có nhiều hoạt động quốc tế,2
ngôi trường rộng lớn uy nghiêm xứng đáng với danh hiệu hàng đầu trong đào tạo nguồn nhân lực tri thức cao luôn dẫn đầu trong nhiều lĩnh vực đào tạo đáp ứng nhu cầu nhân lực của nền kinh tế hiện đại,2
tôi không hiểu đánh giá 45 ở đâu ra khi nhận phòng khuôn mặt của nhân viên nam trông như đang trong tâm trạng không tốt tôi ở khách sạn 1 đêm mùi mốc của nệm rất kinh khủng khi nhận phòng nước rò rỉ từ tủ lạnh xuống sàn nhìn chung rất tệ và không thân thiện,0
giảng đường mới a2 rộng đẹp và hiện đại 3,2
trường đại học kinh tế hàng đầu việt nam chất lượng giảng viên và sinh viên tốt,2
chúng tôi rất vui khi giới thiệu khách sạn này vì chúng tôi rất hài lòng với tỷ lệ giá cảhiệu suất chủ nhà thực sự rất tốt bụng và dễ tính dịch vụ tuyệt vời và rất hữu ích chúng tôi có thể đặt các chuyến tham quan và xe buýt thuê,2
giá cảhiệu suất là hợp lý phòng không sạch nhất và khá cũ nhưng với mức giá này thì hoàn toàn ổn bữa sáng cũng ngon vị trí hoàn hảo,2
ngôi trường siêu lớn siêu tuyệt vời là a2 đẹp và có nhiều sự kiện,2
khi tôi tốt nghiệp dự án xây dựng trường mới vẫn chưa khởi công bây giờ sau 16 năm tôi quay lại trường và thấy một diện mạo hoàn toàn mới hiện đại chất lượng cao ngang tầm với trình độ của một ngôi trường đào tạo kinh tế hàng đầu của cả nước và thế giới,2
học phí quá đắt học phí cao chất lượng không được cải thiện nhiều khuôn viên trường rộng rãi thoáng mát nhiều cây xanh giảng đường sạch sẽ,0
khuôn viên rộng rãi sạch sẽ,2
sau khi tốt nghiệp trường khánh thành tòa nhà thế kỷ của mình vì vậy tôi không có lớp học nào được biết đến là sinh viên ktqd nhưng chưa bao giờ đến tòa nhà thế kỷ,1
mọi thứ đều khá ổn định ngoại trừ gara một trường hàng đầu có gara đỗ xe như thế là không thể chấp nhận được nó gắn liền với ký ức đau đớn đầu tiên của tôi ở trường,0
nếu bạn gặp vấn đề khi gửi tin nhắn đến trang trang sẽ phản hồi chậm nếu bạn gửi email phải mất 3 ngày để phản hồi khi đến lúc trả lời nó lại ngắn gọn mà không có một lời xin lỗi thay vào đó bạn đổ lỗi cho tôi nhà trường nên xem xét lại dịch vụ của chúng tôi,0
thật đẹp rất sạch sẽ ngồi ở góc cảm thấy thực sự thư giãn,2
10 điểm không nhưng sẽ tiếp tục học lên thạc sĩ tại neu,2
trường được trang bị đầy đủ rộng rãi và hiện đại,2
sẽ nhớ trường rất nhiều ngôi trường tuyệt vời nhất việt nam,2
rõ ràng điều tuyệt vời nhất về khách sạn là các nhân viên lễ tân họ đã giúp chúng tôi mọi thứ khi chúng tôi chuẩn bị rời đi xe buýt chúng tôi thuê đã không đến và cậu bé đã gọi điện cho đến khi xe cuối cùng cũng đến lúc nào họ cũng,2
ngôi trường rất tốt rất đẹp,2
thư viện rất đẹp chất lượng tốt,2
thật tuyệt vời môi trường học tập và nghiên cứu số một tại việt nam,2
nhiều lắm vvvvvvv,1
cầu đi bộ của đại học kinh tế quốc dân hà nội,1
tôi hiếm khi đánh giá khách sạn nhưng lần này tôi phải đánh giá vì khách sạn rất chu đáo phòng đầy đủ tiện nghi sạch sẽ và quy định của khách sạn rõ ràng,2
trường đào tạo nhân tài việt nam,2
cảm ơn neu đã cho em ra trường với tấm bằng tốt nghiệp xứng đáng mặc dù em chỉ ngồi cười bạn nguyễn phương thảo lớp bảo hiểm xã hội 60,2
em muốn vào nhưng em phải học nên nếu cố gắng thì em sẽ luôn vào được trường này và yêu neu,2
một ngôi trường có truyền thống lâu đời gần bkhn v,2
trường học xứng đáng để học sinh học tập và nghiên cứu đánh giá cơ sở vật chất,2
ngôi trường rộng rãi và sạch sẽ là nơi lý tưởng để học sinh học tập,2
kỳ nghỉ 3 đêm của chúng tôi thực sự tuyệt vời tại khách sạn này khách sạn có vị trí rất tốt ở trung tâm cát bà khách sạn và phòng rất sạch sẽ tất cả nhân viên đều chào đón và quyến rũ bữa sáng rất ngon có thể thuê xe tay ga tại chỗ chúng tôi đã đặt xe buýt đến hà nội với khách sạn mọi thứ đều được thực hiện để tạo điều kiện thuận lợi cho kỳ nghỉ của bạn,2
ngôi trường này là ước mơ của nhiều học sinh,2
đây là một trường đại học uy tín nổi tiếng ngôi trường mới được xây dựng và nâng cấp khá đẹp trường nằm cạnh các tuyến đường giao thông chính gần cửa ngõ vào hà nội từ phía nam gần bộ giáo dục và đào tạo gần,2
chủ nhà rất dễ thương thân thiện đã giúp đặt tour du thuyền giặt đồ thậm chí còn giặt sạch vết bẩn cứng đầu lâu ngày trên áo sơ mi trắng và luôn sẵn sàng nếu bạn cần những thứ khác bữa sáng ngon giường tuyệt vời ngủ ngon không gây ô nhiễm tiếng ồn,2
bây giờ nhìn lại tôi cảm thấy choáng ngợp hơn trước rất nhiều trước đây tôi thường đến đây để đỗ xe ăn căng tin mặc dù tôi học trường khác,2
một trong những ngôi trường hàng đầu về đào tạo cử nhân kinh tế ngân hàng kế toán tài chính một ngôi trường có bề dày lịch sử mà nhiều sinh viên mơ ước được trở thành sinh viên,2
có wifi miễn phí,2
thất vọng mặc dù giá thấp có nấm mốc trong phòng giòi trong bồn rửa cống bị tắc nên phòng tắm bị ngập vào ban đêm sau khi tắm cửa sổ không thể đóng đúng cách nên có tiếng hát karaoke khá lớn từ phòng bên cạnh bánh mì nướng ăn sáng có những đốm mốc xanh rõ ràng nên chúng tôi đã ăn sáng ở ngoài,0
trước đây khi tôi đi học tôi luôn đến ký túc xá nhưng bạn cùng phòng lại có vợ ở đó thật bất ngờ,1
trường rộng rãi và có cơ sở vật chất tuyệt vời với đội ngũ giáo viên giàu kinh nghiệm và đào tạo tốt,2
cô gái ở quầy lễ tân ngày đầu tiên rất tuyệt chỉ vì lý do đó thôi mà tôi cho hai sao chúng tôi không bao giờ có thể ăn sáng ở đây vì mỗi lần chúng tôi muốn ăn sáng thì,2
cơ sở vật chất tuyệt vời giảng viên rất nhiệt tình xứng đáng là trường đại học số 1 việt nam,2
trường ổn chất lượng tốt nhưng mình chỉ đánh giá 1 sao 5 sao còn lại là đông lao,0
đại học kinh tế quốc dân rất đẹp trường vừa khánh thành tòa nhà a2 sau 10 năm xây dựng đẹp như một trung tâm thương mại ở nước ngoài mọi khu vực đều có nhiều cây xanh và rộng rãi thoải mái có,2
học phí tăng quá nhanh nếu sinh viên không được xếp lớp học phí có thể tăng vọt vì một số ít sinh viên trả toàn bộ học phí cho số lượng sinh viên tối thiểu để,0
trường có cơ sở vật chất tuyệt vời và giáo viên tuyệt vời,2
đẹp sạch hiện đại,2
cảnh quan của trường tương đối đẹp vệ sinh rất quan trọng nên trường luôn sạch sẽ bước vào trường kinh tế quốc dân ngoài việc thưởng ngoạn cảnh sắc hoa thơm và nhà cửa đẹp đẽ du khách còn được tận mắt chứng kiến những bông hoa mang tên những cô gái đẹp nhất thế gian cảm ơn,2
cơ sở vật chất và trang thiết bị hiện đại,2
trường đại học kinh tế hàng đầu chất lượng đào tạo tốt,2
5 sao từ trung quốc,2
trường đại học kinh tế quốc dân tên tiếng anh national economics university là trường đại học hàng đầu về đào tạo kinh tế và quản lý tại việt nam thành lập 25 tháng 01 năm 1956 địa điểm hà nội việt nam,1
có phẩm giá theo tiêu chuẩn của trường đại học,1
trường có nhiều cô gái xinh đẹp trường đại học kinh tế quốc dân tên tiếng anh national economics university viết tắt là neu là một trong những trường đại học hàng đầu về đào tạo kinh tế và quản lý tại miền bắc việt nam đồng thời,2
ngôi trường rộng rãi khang trang và đẹp đẽ với tòa nhà cao tầng hiện đại hoàn toàn mới,2
trường học đổ nát rộng và lớn không có lối vào cho xe đến đón và trả nhân viên bảo vệ đuổi theo tôi trường,0
trường đại học kinh tế quốc dân neu có mức học phí khá cao nhưng bù lại chất lượng giảng dạy rất tốt khuôn viên trường rất đẹp và rộng rãi,2
thành thật mà nói ngôi trường này đầy rẫy những trò lừa đảo mà không cần công khai giáo viên thường kiêu ngạo và vô trách nhiệm rất nhiều tham nhũng học sinh phản hồi rằng đối với một số môn học nhất định họ phải hối lộ để được đỗ,0
tôi đã học và hệ thống giảng dạy ở đây tốt nhưng có một số điểm tiêu cực liên quan đến công tác sinh viên và thông tin truyền đạt cho sinh viên chưa tốt,1
lấy từ phía quả mơ trắng đây là ngôi trường tôi đã học với nhiều kỷ niệm thời sinh viên sống động,2
trường có rất nhiều học sinh vì có xd ở đây bk haha hồi trước khi mình đi thi mình cũng chọn trường này nhưng không may mắn lắm vì mình đỗ vào một ngành mình không thực sự thích nhưng mình thường đến đây ăn,1
ngôi trường đẹp mọi thứ đều đẹp kể cả người yêu em em tin tưởng và đặt hết niềm tin vào ngôi trường này và hy vọng đây sẽ là điểm đến đáng tin cậy để dạy chồng tương lai của em trở thành một người tốt,2
trường đại học kinh tế quốc dân tên tiếng anh national economics university là trường đại học hàng đầu về đào tạo kinh tế và quản lý tại việt nam,2
trường tốt học sinh năng động chương trình đào tạo tốt hướng đến phát triển toàn diện các kỹ năng giáo viên nhiệt tình và quan tâm đến học sinh,2
rất đẹp và hiện đại,2
những người đỗ đại học phải nhớ tạo mối quan hệ tốt với những người trượt đại học sau khi tốt nghiệp họ sẽ dễ dàng xin việc tại công ty của mình hơn,1
là ngôi trường có uy tín và bề dày lịch sử đào tạo con người trường nằm trong top 10 toàn quốc và là một trong những ngôi trường tốt nhất việt nam,2
cơ sở vật chất của trường tốt,2
môi trường học tập tuyệt vời,2
ngôi trường rất đẹp và rộng rãi được chia thành 2 khu vực cách nhau bởi một con đường ai có cơ hội đến thăm một tòa nhà khác có niên đại hàng thế kỷ,2
trường đại học kinh tế quốc dân là trường đại học trọng điểm quốc gia của việt nam dẫn đầu khối các trường đại học đào tạo về kinh tế quản lý ở miền bắc việt nam,2
tôi rất buồn vì nhân viên trực tư vấn 014052018 thiếu hiểu biết tôi đã gọi điện nhiều lần để xin tư vấn nhưng không được nhân viên này nghe máy nhưng không nói chuyện trường đại học lớn mà có nhân viên này,0
trường kinh tế quốc dân nằm trong liên minh bạch kinh xá nổi tiếng với phố tự do đây là địa điểm ăn uống và giải trí chính của sinh viên,2
tôi thích ktqd vì nó có kiến thức thực tế mà tôi cần về tài chính và kinh tế và đặc biệt là những cô gái xinh đẹp,2
đức phật a di đà anh khoa mong được gặp lại mọi người trên nick ola yahoo nếu có duyên,1
nếu có gara mới hãy cho 5,2
trường đào tạo khá tốt nhưng hiện tại học phí hơi cao hoạt động của sinh viên tương đối tốt và vui,2
ngôi trường trông thật hùng vĩ,2
tòa nhà siêu lớn siêu đẹp tận hưởng cuộc sống ảo,2
khuôn viên trường khá rộng rãi và thoáng mát học sinh năng động và sành điệu,2
đây là một trong những trường đại học chất lượng tốt tại việt nam,2
cơ sở hạ tầng hiện đại chất lượng giảng dạy tốt,2
trường tôi hiện tại là trường tốt nhất việt nam từ năm 1968 đến nay và sẽ mãi mãi là trường tốt nhất việt nam,2
tìm một số sở thích mới không gian này rất tuyệt cho các hoạt động thể thao hoặc ngoài trời,2
ở một số quốc gia mà tôi đã đến thăm trường đại học dệt may là một trong những nơi thú vị được biết đến và thậm chí tôi luôn muốn đến thămxem và cả bảo tàng dệt may nữa,2
đứng đầu,2
tòa nhà tuyệt vời,2
nơi tuyệt vời rất vui chắc chắn sẽ quay lại,2
tham quan khuôn viên trường năm 2023,1
trường tôi luôn đạt 5 sao,2
trông giống như bối cảnh của một trò chơi rình rập,0
rất thần thánh,2
hud,1
xin chào,1
7 năm,1
nơi sinh viên hust theo học,1
trò chơi công viên,1
ngôi trường lớn đẹp giữa lòng thủ đô nơi đã dạy dỗ chúng tôi và các thế hệ sau luôn yêu ngôi trường và trân trọng các thầy cô giáo,2
trường đại học hàng đầu việt nam nằm ngay tại trung tâm thành phố hà nội khuôn viên trường quá rộng bao gồm thư viện phòng nghiên cứu giảng đường và,1
thi tốt nghiệp ở trường bách khoa trường rộng rãi thoáng mát có không khí trong lành và máy lạnh,2
tuy không đỗ chuyên ngành mong muốn tại bách khoa nhưng em thấy môi trường bk ngày càng được cải thiện em chúc trường thành công là ngôi trường có nhiều sinh viên chất lượng đến từ khắp nơi trên thế giới khẳng định vị thế là ngôi trường top 1,2
được học tập tại trường đại học bách khoa hà nội là một điều tuyệt vời và một phần tuổi trẻ của tôi cảm ơn các thầy cô và bạn bè đã đồng hành cùng tôi trong suốt 5 năm qua,2
trường rộng đẹp thoáng mát học sinh nghiêm túc có năng khiếu trang thiết bị mới được cải tạo đa dạng phù hợp với việc dạy và học của giáo viên và học sinh trường còn tạo điều kiện phát triển các kỹ năng mềm khuyến khích sáng tạo,2
trường đại học bách khoa hà nội là một trong những cơ sở đào tạo kỹ thuật hàng đầu và lâu đời nhất tại việt nam được thành lập vào năm 1956 trường đã khẳng định được vị thế của mình trong lĩnh vực đào tạo khoa học kỹ thuật và,2
4 năm học bách khoa thực sự rất đáng giá các thầy cô giáo rất chuyên nghiệp nhiệt tình và có trình độ chuyên môn cao học bách khoa rất dễ xin học bổng hust,2
lễ hội văn hóa nhật bản được tổ chức tại đại học bách khoa hà nội ấn tượng của trường là trường rất rộng vì rộng như vậy nên khi buồn bạn không cần phải đi đâu cả,2
bạn phải đến bách khoa để học kỹ thuật,2
sau 4 năm học bách khoa mang lại cho tôi rất nhiều niềm vui đây thực sự là một môi trường tốt học tập chăm chỉ thực sự rất nặng nề nhưng điều quan trọng nhất vẫn là bản thân phải cố gắng,2
chất lượng giảng dạy tương đối tốt một số giáo viên trẻ khá nhiệt tình và dạy tốt mặc dù chỉ học 1 buổi tôi không biết trường đào tạo học sinh như thế nào nhưng ngồi xuống và lắng nghe,2
trường đại học mơ ước của nhiều thế hệ tài năng việt nam đất nước thịnh vượng hay không phụ thuộc phần lớn vào việc học của bạn,2
trường đào tạo kỹ sư kỹ thuật viên khoa học công nghệ hàng đầu việt nam nhiều người đã thành công sau khi tốt nghiệp bkhn tôi yêu hust,2
đây là một trong những trường đào tạo kỹ thuật hàng đầu tại việt nam nơi đào tạo ra nhiều sinh viên xuất sắc để cung cấp nguồn nhân lực chất lượng cao cho cả nước cảnh quan và cơ sở vật chất đẹp sinh viên bách khoa tự hào,2
khi còn nhỏ tôi không hiểu gì về các trường đại học nhưng tôi vẫn biết rằng các trường bách khoa rất tuyệt hơn 10 năm trước hàng xóm của tôi đã vượt qua kỳ thi bách khoa và toàn bộ,2
một ngôi trường lâu đời với bề dày lịch sử đào tạo nên những kỹ sư và những con người tốt cho đất nước,2
trường đại học bách khoa hà nội là trường đại học uy tín chất lượng giảng dạy và nghiên cứu cao trường có đội ngũ giảng viên giàu kinh nghiệm và nhiệt huyết cơ sở vật chất trang thiết bị hiện đại tạo điều kiện tốt cho,2
ngôi trường chuyên đào tạo kỹ sư giỏi nổi tiếng khắp việt nam,2
đây là một trong những trường đại học có truyền thống và danh tiếng nhất việt nam đào tạo hàng trăm chuyên ngành kỹ thuật công nghệ là cái nôi đào tạo ra nhiều kỹ sư chuyên ngành kỹ thuật công nghệ của đất nước sau khi tốt nghiệp đã cống hiến sức mình cho đất nước,2
một ngôi trường tuyệt vời với nhiều cơ hội cho sinh viên,2
trường đào tạo kỹ thuật tốt hàng đầu việt nam nếu sau này có cơ hội tôi sẽ học ở trường,2
hoạt động của trường thì nhàm chán giáo viên trong phòng đào tạo phần lớn đều hống hách và kiêu ngạo chương trình và đề thi khó một cách không cần thiết,0
tuổi trẻ đấu tranh đã qua một con đường mới mở ra,1
trường làm nghề gì nếu bạn làm bài kiểm tra tsa vào buổi sáng và được cộng điểm vào buổi chiều thì hãy làm lại bài kiểm tra cộng điểm vì sử dụng một loạt máy móc bị hỏng để làm ca chiều không thể,0
bách khoa thực sự là một ngôi trường tuyệt vời mặc dù tôi chỉ tham gia ở đây trong một thời gian ngắn nhưng tôi cảm nhận được tinh thần học tập và sự nhiệt tình của các thầy cô,2
một ngôi trường có uy tín hàng đầu nhưng vẫn không tổ chức kỳ thi thi đánh giá tư duy vào chiều ngày 2842024 lãng phí công sức và sức lực của các em học sinh phải mặc nắng đi thi,0
tôi học ở đây về cơ bản việc học rất vất vả đã 20 năm trôi qua kể từ khi tôi ra trường tôi không biết bây giờ có khác không,0
trường đại học bách khoa hà nội là trường đại học hàng đầu việt nam trong lĩnh vực khoa học và công nghệ với chất lượng đào tạo cao trường đại học bách khoa hà nội đã trở thành một trung tâm đào tạo và nghiên cứu uy tín trường có cơ sở vật chất hiện đại,2
chất lượng đào tạo trung bình chủ yếu là do đầu vào cao nên đầu ra khá tốt,2
mạng và trang web của trường số 1 về mặt kỹ thuật chậm hơn nhà hàng xóm,0
trường đại học hàng đầu việt nam về lĩnh vực kỹ thuật,2
tôi yêu trường của tôi,2
môi trường đào tạo sinh viên chất lượng và uy tín hàng đầu tại việt nam,2
trường đại học bách khoa hà nội đh bách khoa hà nội là trường đại học kỹ thuật đầu tiên và lớn nhất việt nam được xếp hạng là trường đại học trọng điểm quốc gia và cũng là một trong những trung tâm nghiên cứu khoa học và chuyển giao công nghệ hàng đầu việt nam,2
trưởng khoa đào tạo tại trường này rất vô đạo đức và vô liêm sỉ mặc dù ông ta là phó giáo sư nhân viên thì kiêu ngạo hung hăng và bất lịch sự giảng viên có thể có trình độ thấp,0
trường đại học số 1 việt nam về kỹ thuật chương trình học siêu khó nhưng rất thú vị,2
nhiều học sinh giỏi,2
một trường đại học tuyệt vời dugngtanvlog mit đại cồ việt,2
tuyệt vời cho việc học tập và làm việc,2
trường có nhiều anh chàng đẹp trai trông rất quyến rũ,2
trường dạy quá nhiều lý thuyết đề thi khó nhìn mộ dạy một đằng thi một nẻo thất vọng với trường này chỉ có marketing không trường nào có thể so sánh được lịch học chán ngắt trong,0
có lỗi khi đăng ký tôi khuyên bạn nên học tại uet,0
chương trình học cũ và nặng về lý thuyết thực hành thì đầy rẫy thiết bị cũ và lỗi đo lường học phí cao nhưng cơ sở hạ tầng kém tòa nhà cũ điều hòa nhiều phòng hỏng và rất nóng giáo viên của,0
ngôi trường này thật là bá đạo,2
không gian rất rộng nếu có dịp tôi sẽ quay lại,2
tôi có người yêu ở đây nên tôi đánh giá trường 5,2
không có gì là hoàn hảo ngay cả trường bách khoa có điều tốt có điều xấu nhưng bạn không nên nghĩ như vậy vì một số lý do ngẫu nhiên các bạn không bao giờ hiểu hoặc thông cảm với tôi luôn đổ lỗi cho điều này hoặc điều kia mà không có,1
trường quốc gia đào tạo ra những nhân tài xuất sắc,2
cứu hộ xe hơi và xe máy 247,1
tôi yêu ngôi trường của mình với nhiều bạn bè thân thiết và giáo viên tốt bụng,2
lỗi hệ thống máy chủ khiến kỳ thi của tôi bị hủy,1
trường học siêu lý thuyết và định hướng sinh viên theo hướng nghiên cứu lúc đầu tôi khá cay đắng khi học xong và không biết gì về thiết bị thực hành nhưng hiện nay nhiều công ty cũng đang nghiên cứu và phát triển,1
ngày trở về,1
top 1 công nghệ gây ra lỗi máy chủ bách khoa toàn thư bị bỏ qua,0
trường đại học tôi yêu thích là trường đại học kỹ thuật hàng đầu việt nam,2
tự hào là sinh viên của trường đại học bách khoa,2
vệ sinh miễn phí tại điện thoại vui nhộn,2
trường có đầy đủ trang thiết bị phục vụ cho việc học tập của học sinh ngoài ra còn có khu liên hợp thể thao sân bóng đá sân bóng rổ đường chạy bia,2
môi trường tuyệt vời học phí hợp lý cho những gì sinh viên sẽ nhận được sau khi tốt nghiệp kiến thức được truyền đạt sâu rộng trong lĩnh vực này sinh viên tốt nghiệp luôn cho thấy năng suất cao trong công việc,2
đó là một trường đại học tốt,2
học phí học kỳ đầu tiên lên đến gần 20 học phí thông thường bạn không được phép vào trường tuy nhiên trường có chất lượng rất tốt mặc dù có nhiều tranh cãi,1
giảm học phí và đào tạo lại giảng viên để giảm tình trạng sinh viên tự tử,0
dự án đã thực hiện hetcuu yêu trường học lớp học duu pac pac người bên ngoài mong muốn người bên trong mong muốn ra ngoài,2
mặc dù chương trình giảng dạy khá nặng và có nhiều thời hạn nhưng các giáo viên rất tuyệt vời,2
ấn tượng mạnh nhất là trường có diện tích vô cùng rộng lớn đi bộ quanh trường mất cả buổi chiều,1
lửa thử vàng thử thách gian nan chất lượng các khóa học của sinh viên chính là câu trả lời cho chất lượng đào tạo của trường một lần huster mãi mãi huster,2
ngôi trường rộng đẹp khang trang học sinh nghiêm túc và tài năng đây là một trong những cơ sở đào tạo khoa học công nghệ và kỹ thuật hàng đầu việt nam,2
nếu ẩn lịch nghỉ tết và giảm học phí thì cho 5 sao,0
gần về rồi mà vẫn chưa thấy lịch học học phí cao mà không có lịch học nên ở nhà ai cũng nghĩ đến cờ bạc thay vì đi học,0
thật tuyệt vời khi chúng ta chào nhau xin chào một ngày thật đẹp,2
ngôi trường cũ sạch sẽ và rộng rãi,2
rhust không có tiền để cải tạo trường học thì không tốt bằng neu,0
bài kiểm tra giữa kỳ hơi dễ nên điểm tối đa của tôi hơi cao rất thất vọng về trường cho 1 sao,0
học phí rất cao nhưng trình độ đào tạo chỉ ở mức trung bình đối xử với sinh viên rất tệ,0
tôi đã được vệ sinh điện thoại miễn phí tại dienthoaivui,2
trường tốt tôi hơi choáng ngợp nên tôi đánh giá 4,2
không có lịch nghỉ lễ nhưng lịch đóng học phí được thông báo 23 lần,0
một phần đáng nhớ của tuổi trẻ của tôi được gọi là hust,2
học phí đắt sách giáo khoa cũ cơ sở vật chất không xứng đáng với học phí ncl không nên học để thực sự hối tiếc,0
mọi thứ đều tốt đẹp nhưng khi tôi trở về quê nhà trường học không phát lịch tết buồn,1
máy lạnh ở sảnh c2 nóng lắm,0
để học tập thoải mái,2
anh chàng của bk đẹp trai đáng yêu trống rỗng nhưng ngủ nhiều quá tôi ghét điều đó,0
thông tin toán học rất hay 1 k54 bk14,2
skin có sẵn miễn phí tại dienthoaivui,2
viện kinh tế vật lý tổng quát có chức năng gì,1
cánh đồng rộng,2
trường 1 nếu trang web đăng ký lớp học không có lỗi tôi sẽ xem xét,1
hmmm khó lắm khó lắm học hành rất nặng nhọc đó cũng là lý do vì sao trường nổi tiếng,0
làm ít hơn trong giáo dục làm nhiều hơn trong kinh tế,0
ẩn lịch tết năm nào cũng thiếu mục chúc mừng năm mới,0
máy lạnh thì nóng mùi hôi thối từ nhà bên cạnh,0
vừa mới thi xong và bắt đầu học kỳ 2,1
dienthoaivui bảo hành và sửa chữa điện thoại laptop,1
bạn có thể vệ sinh điện thoại miễn phí tại đây,1
rất sư phạm,2
nếu bạn tặng tôi một cuốn lịch tết tôi sẽ cho nó 5 sao nếu không tôi sẽ cho nó 4 sao,1
tôi hy vọng nhà trường sẽ nâng cấp nhà vệ sinh,0
nhìn lịch tết đâu đâu cũng chỉ thấy hình bóng của em,0
đào tạo quá nặng về chương trình cũ học phí đắt đỏ,0
đội ngũ hỗ trợ rất nhiệt tình,2
cơ sở 2023,1
tôi nhận được một cuộc gọi điện thoại tại dienthoaivui,1
không có lịch nghỉ lễ mặc dù học phí rất cao,0
bản đồ rất chính xác và chi tiết,2
nhân viên rất nhiệt tình,2
điện tử 04k67 không có trai đẹp,0
tôi yêu trường của tôi rất nhiều,2
tôi nợ khá nhiều môn học,1
năm nay nhà trường có phát hành lịch không,1
làm 7 câu toán và được 4 điểm,1
nơi chúng ta dành tuổi trẻ của mình là giữa ranh giới của việc thực hành và không thực hành,1
vui vẻ tràn đầy nhiệt huyết,2
trường đào tạo đại học tốt nhất việt nam,2
bạn tôi học nhiều đến nỗi anh ấy già đi 10 tuổi,0
ẩn lịch nghỉ tết nên mình cho 1,0
2 hữu ích,0
tôi ước gì tôi có thể vào được trường này,2
đợi mãi mà không thấy lịch trừ 1 sao,0
giấu tết không được thăng chức a,0
ngôi trường rất lớn học sinh rất đông,2
ho,1
dịch vụ cực kỳ tuyệt vời,2
thật là một trải nghiệm tuyệt vời,2
trải nghiệm rất thú vị,2
học tập thì vui vẻ trừ khi trong kỳ thi,0
ngôi trường đẹp và rộng rãi,2
rất yêu thương,2
10 đồng không nhưng,2
nếu bạn biết điều đó thì đừng học bách khoa toàn thư nữa,1
10 ngày,1
khá ổn,2
dễ vào khó ra,1
rất tuyệt vời,2
hấp dẫn,2
đừng bao giờ để tôi tốt nghiệp,1
trường nổi tiếng về kỹ thuật,2
quầy sạch sẽ,2
rất vui,2
không có lịch nghỉ lễ,0
học phí hơi đắt,0
ánh nắng vàng rực rỡ,1
tôi yêu trường học của tôi,2
ẩn lịch tết,0
dịch vụ tuyệt vời,2
bảo vệ s,1
vui vẻ,2
tận tâm,2
rất có uy tín,2
trường học vip chuyên nghiệp sang trọng,2
che giấu sự thật,1
giấu ngày tết,0
không gian rộng rãi,2
của tuỵttt,2
tbcn,1
quá nhiều,2
yêu trường học,2
mười rdieemr,2
bui viet khoa,1
xin chào hust từ hcmut,1
bình thường,1
rất nhiều giảng viên trẻ và tuyệt vời sinh viên rất thông minh và có động lực 2018,2
nơi mát mẻ với hồ nước và nhiều cây xanh thích quang cảnh này,2
nơi tuyệt vời để sáng tạo,2
được rồi chúc vui vẻ,2
nhiều lựa chọn thực phẩm từ bữa sáng đến bữa tối ngon miệng tuy nhiên tôi không biết gì về hệ thống giáo dục ở đây,2
đây là một trong những trường đại học hàng đầu tại việt nam yêu cầu điểm thi tuyển sinh rất cao chuyên ngành chính của trường bao gồm kinh tế đối ngoại và các lĩnh vực liên quan khác,2
trường đẹp với hơn 40 câu lạc bộ thuộc nhiều lĩnh vực như câu lạc bộ marketing câu lạc bộ thể thao ftu đoàn thanh niên ftu môi trường tuyệt vời để bạn nâng cao kiến thức sự tự tin học tập và trải nghiệm,2
tôi nghe nói trường đại học này là một trường đại học danh tiếng ở việt nam tôi thực sự đã làm việc tại việt nam với những sinh viên tốt nghiệp đại học này tôi đã rất ấn tượng với khả năng ngoại ngữ và kỹ năng làm việc của họ một vài lần,2
cảnh quan nhỏ cực kỳ áp lực từ bạn bè lớn nhưng dù sao thì trường đại học top 1 các cô gái nóng bỏng,0
ngôi trường đại học xinh đẹp và yên bình của tôi với vô số sự kiện hấp dẫn được tổ chức trong khuôn viên trường bởi hơn 40 câu lạc bộ,2
thật tuyệt vời bạn có thể tham gia tour ẩm thực ở chua lang stress,2
top anh họ tôi học ở đó anh ấy rất thông minh xin chào từ cộng hòa séc,2
ngôi nhà thân yêu của tôi học phí cao chất lượng giáo dục trung bình và môi trường siêu động lực,2
sẽ không trả lời email hoặc cuộc gọi và lấy lý do vắng mặt của bố tôi làm lý do tranh cãi,0
họ sẽ tước bằng cấp của bạn và nói đó là lỗi của bạn và nguyền rủa những đứa con tương lai của bạn,0
đừng học ở đây vì các giáo sư thay vào đó hãy học ở đây vì những người bạn xuất sắc và áp lực từ bạn bè,2
trường đại học nổi tiếng nhất việt nam nhưng lối vào quá nhỏ nên luôn gây tắc đường,0
trường đại học ngoại thương là một trường đại học được thành lập vào năm 1960 tọa lạc tại hà nội việt nam ftu thường được coi là một trong những trường đại học danh tiếng và có tính chọn lọc cao nhất tại việt nam,2
giữa,1
tôi có nhiều bạn đang học ở đó và đó là ngôi trường tốt nhất ở việt nam,2
được cô gái trông ổn đấy,2
sự kiện hiện đại thường xuyên tổ chức cho các doanh nghiệp mở rộng mối quan hệ mới với các công ty nước ngoài,2
trường đại học tuyệt vời với nền văn hóa đặc biệt,2
đại học ngoại thương là một trường đại học nổi tiếng tại hà nội với điểm thi tuyển sinh rất cao,2
khuôn viên trường tốt,2
nền giáo dục rất tốt rất nhiều cô gái xinh đẹp,2
trường đại học tốt nhất việt nam với đội ngũ sinh viên tài năng chuyên nghiệp,2
trường đại học tốt giáo viên tuyệt vời và sinh viên thân thiện,2
môi trường tốt với nhiều câu lạc bộ và hoạt động khác,2
da gui xe o day thank,2
nhỏ và không có nơi nào để đi không thể so sánh với trường đại học trung quốc không cùng trình độ,0
khuôn viên trường rất đẹp,2
đây là một trong những trường đại học tốt nhất ở việt nam,2
tôi yêu ftu rất nhiều,2
nam châm tắc nghẽn giao thông không có bãi đậu xe,0
trường đại học tốt với nhiều sinh viên xinh đẹp,2
dịch vụ sinh viên tệ thực sự tệ,0
trường đại học ngoại thương là trường đại học được thành lập năm 1960 tọa lạc tại hà nội việt nam,1
trường đại học này là mơ ước của nhiều sinh viên d,2
nhìn vào tất cả các thức ăn rẻ mà tôi có thể mua được,2
trường đại học tốt nhất tại hn m,2
một trong những trường đại học tốt nhất tại việt nam,2
tôi rất thích ngôi trường này,2
tôi sẽ cố gắng hết sức,1
trường đại học có sinh viên giỏi nhất,2
đại học tốt đấy,2
tình yêu ftu,2
chỗ tốt đẹp,2
họ có thể nói tiếng nhật,1
thật là một nơi tuyệt vời,2
một trường đại học rất nổi tiếng,2
tầng 25 đẹp,2
tôi yêu ftu 3 3 3,2
trường đại học tốt nhất ở vn,2
tôi đang học ở đây,1
ước gì một ngày nào đó tôi sẽ ở đó,2
sinh viên năng động ở đây,2
trường đại học chất lượng tốt,2
cảm ơn,2
kẻ gây kẹt xe,0
trường đại học được xếp hạng cao nhất,2
học sinh rất tốt,2
trường đại học tốt nhất để học,2
vote 5 sao,2
trường đại học tốt nhất ở việt nam,2
tôi thích nó,2
một trường đại học tuyệt vời,2
qqq,1
sss,2
hoàn hảo,2
ngày đông,1
giống,1
giáo dục tốt,2
thích quá,2
trường học của tôi,1
trường đại học cao cấp,2
địa điểm đẹp,2
trường đại học lớn,2
trường đại học yêu dấu,2
đại học ngoại thương,2
trường cao đẳng nhỏ,0
trường đại học,1
chuỗi sự kiện đặc sắc nhân ngày hội đồng ftu 2024 alleyoop vào ngày 20 tháng 10 năm 2024 tại sân nhà g của trường đại học ngoại thương hội đồng,1
trường được xếp hạng thứ 3 trong bảng xếp hạng các trường đại học tại việt nam nhiều sinh viên quốc tế bao gồm cả sinh viên du học ngắn hạn đến từ nhật bản tổng cộng có khoảng 20000 sinh viên nhiều người trong số họ theo học tại trường chính của chúng tôi tại hà nội,2
nhà trường sắp xếp lịch học và hoạt động công dân cực kỳ không phù hợp ngu ngốc hoạt động công dân từ 800 sáng đến 1200 trưa vẫn chưa kết thúc trong khi học sinh lớp 12 đã sắp xếp bài học trước với tư cách là phụ huynh tôi đưa ra những đánh giá cực kỳ tiêu cực về vấn đề này nghe tên thôi đã thấy cách làm này rất thiếu chuyên nghiệp,0
bãi đậu xe không có mái che nhân viên không biết hướng dẫn sinh viên đỗ xe thành hàng rất khó để lấy xe ra lịch học không hợp lý gây ức chế cho sinh viên mới nhập học các trường hàng đầu cũng nên quan tâm đến sinh viên của mình hơn,0
ngôi trường đẹp với cơ sở vật chất hiện đại đội ngũ giảng viên rất chuyên nghiệp và nhiệt tình và sinh viên năng động ngôi trường thực hiện các giá trị cam kết của mình,2
một ngôi trường có kết cấu rộng rãi kiến trúc đẹp sạch sẽ trang thiết bị giảng dạy hiện đại chất lượng đào tạo tốt trường nằm trên phố chùa láng rất nhỏ và thường xuyên kẹt xe vào giờ cao điểm,2
ngôi nhà của ftuers một ngôi trường có thể không hoàn hảo về mặt cơ sở vật chất nhưng là nơi để các giảng viên mang hết nhiệt huyết của mình vào bài giảng tôi yêu ftu tôi yêu bạn bè tôi những sinh viên tài năng và năng động tôi yêu các thầy cô,2
đại học ngoại thương ngôi trường hàng đầu cả nước ước mơ của sinh viên việt nam nơi khởi đầu của những triệu phú,2
chương trình quản trị kinh doanh liên kết tại đại học bedfordshire cực kỳ nhàm chán về mặt điểm số điểm năm thứ 3 ở anh cực kỳ thấp dẫn đến điểm trung bình cực thấp chỉ hơn 6 mọi người khi chọn trường,0
nhà trường đào tạo học sinh rất tốt có nhiều hoạt động câu lạc bộ tạo môi trường năng động học sinh được học và rèn luyện nhiều kỹ năng bổ ích,2
trường tọa lạc tại số 91 chùa láng nơi có rất nhiều học sinh theo học đây cũng là nơi tập trung nhiều trường học nổi tiếng tại việt nam,2
ngôi trường đẹp hơi nhỏ và học sinh có mùi hôi dưới cánh tay nên khắc phục điều đó,0
mình không học trường này mình chỉ đưa người thân đến đăng ký thôi một số nhận xét khuôn viên trường không rộng lắm ít cây xanh bãi đỗ xe thì,0
trường đại học chất lượng hàng đầu việt nam cơ sở vật chất tốt nhiều chương trình đào tạo chất lượng với các chương trình liên kết với các trường đại học quốc tế uy tín,2
trường đại học ngoại thương là trường đại học chuyên ngành có thương hiệu mạnh về đào tạo kinh tế tại việt nam trường trực thuộc bộ giáo dục và đào tạo,2
trường đại học ngoại thương tên tiếng anh foreign trade university tên viết tắt ftu là trường đại học chuyên đào tạo về kinh tế và thương mại quốc tế tại việt nam trực thuộc bộ giáo dục và đào tạo,1
em rất thích trường tvt sau khi trải nghiệm trường em sẽ cố gắng thi đỗ vào năm nay 2024,2
trường có nhiều cô gái xinh đẹp học sinh của trường rất năng động và tài năng,2
ngoại thương còn có khu căng tin với nhiều món ăn ngon và khu cà phê rooftop mới xây dựng đây là khu vực được xây dựng trên tầng 12 của tòa nhà a tại đây bạn có thể nhìn thấy toàn bộ khuôn viên trường với không gian rất chill,1
ngôi trường rất đẹp và rộng rãi cơ sở vật chất rất hiện đại và các bạn nữ rất đáng yêu,2
tôi rất vui vì ftu khá gần trung tâm tiếng nhật mina vì vậy tôi thường đến sân vận động bóng đá chùa láng để uống trà chanh hồ quán tiết của cửa hàng áo sơ mi việt nam và bên dưới không phải là ảnh tháp đồng hồ eiffel ở sydney tại campuchia nên đừng chú ý,2
tôi nhớ trường quá nhớ lớp quá những ngày tháng sinh viên của tôi đã trôi qua với biết bao điều tuyệt vời tại ftu,2
trường nằm trên một con phố khá đông đúc dễ bị kẹt xe nhưng bên trong trường không gian và bầu không khí khá tốt các tòa nhà đều hiện đại đặc biệt là tầng cao nhất của tòa nhà a với tầm nhìn siêu tuyệt vời,2
ngôi trường đẹp và có nhiều cô gái xinh đẹp và các chàng trai cũng đẹp vị trí đắc địa tuyệt vời,2
đến đây để tham gia kỳ thi nghiên cứu khoa học sinh viên năm 2017 trường có tòa nhà mới xây trông rất hiện đại,2
em thích trường này vì gần trường có rất nhiều đồ ăn,2
tôi đã tham gia cuộc thi scb của trường các thầy cô giáo và cán bộ nhà trường đã hỗ trợ học sinh rất tốt,2
trường có trình độ học vấn cao ở các trường liên quan đến kinh tế và ngoại ngữ,2
trường nhỏ đường nhỏ dễ kẹt xe vào khoảng 9h sáng 12h trưa 5h chiều,0
đại học ngoại thương là một trong những trường chất lượng hàng đầu tại việt nam uy tín chất lượng sinh viên đầy tài năng tương lai tự tin và năng động,2
chùa láng láng thượng đống đa hà nội ngôi trường đào tạo hoa hậu hàng đầu hà nội,2
đầu tiên là môi trường giảng dạy cực kỳ tốt giáo viên tích cực đổi mới phương pháp giảng dạy sinh viên năng động sáng tạo có kỹ năng mềm tốt thúc đẩy mạnh mẽ sự phát triển của tiếng anh điểm trừ duy nhất là lĩnh vực hơi hẹp,2
đại học ngoại thương được nhiều trường đại học quốc tế công nhận về chương trình đào tạo và đã thiết lập được mối quan hệ đào tạo,2
nv1 của t,2
môi trường mát mẻ và không khí trong lành,2
một trong những thời khắc đẹp nhất của cuộc đời sinh viên,2
rất tuyệt vời hoàn hảo,2
trung bình học ở đây 1 năm tốn bao nhiêu tiền cảm ơn bạn,1
trường đại học nổi tiếng ở hà nội không gian chật hẹp,0
giáo viên trẻ đẹp tài năng và chu đáo trường có nhiều hoạt động bạn bè hòa thuận hoặc xa lánh thỉnh thoảng tôi đến đây chơi để đổi gió chứ không phải để mắng trường mặc dù trường tôi đắt nhưng tôi được học ở trường rẻ hơn,2
cơ sở vật chất tốt sinh viên thân thiện,2
trường đại học hàng đầu việt nam là ước mơ của nhiều bạn trẻ,2
chúng tôi có sẵn hoa tự nhiên cho bất kỳ sự kiện nào,2
rất nhiều con gái con trai tôi đến thăm trường và cảm thấy mình như một sinh vật lạ,0
tại trường đại học ngoại thương,1
không như mô tả,0
đã đến trường vài lần không gian hơi nhỏ nhưng khá hiện đại,1
trường có uy tín và điểm chuẩn cao đội ngũ giáo viên hiện tại phần lớn là giáo viên trẻ nhiệt huyết và được đào tạo ở nước ngoài nên có kiến thức và mang lại sức sống mới cho lớp học,2
trường học hàng đầu tại việt nam,2
môi trường ở đây thật tuyệt vời,2
làm việc theo luật rừng thư viện các văn bản chính thức trên tất cả các trang web đều nói rằng phải bồi thường sách hoặc trả tiền nếu sách bị mất nhưng khi họ đến họ yêu cầu phải mua 2 cuốn sách cho trường mỗi cuốn có giá bằng cuốn bị mất,0
một trường đại học nóng được giới trẻ coi là dấu hiệu của sự xuất sắc tuy nhiên trường chỉ cung cấp đào tạo chuyên sâu chủ yếu về quản lý và kinh doanh quốc tế với lợi thế là giảng dạy tiếng anh nhiều hơn các trường khác,0
nhà trường cung cấp cho người học chương trình đào tạo cơ bản mở linh hoạt gắn liền với thực hành cùng môi trường học tập và rèn luyện năng động giúp người học phát huy tối đa năng lực cá nhân năng lực thích ứng và,2
trường đại học khá rộng rãi khuôn viên trường nhiều cây xanh và có khu tự học ngoài trời wifi miễn phí mới lắp đặt cũng có khu tự học một số tòa nhà tuy cũ nhưng không xuống cấp toàn bộ sân trường và đường đi đều được bê tông hóa,2
it của trường p đã có mặt rồi đây,1
tôi có thể chửi ngôi trường nhưng tôi không thể chịu được khi thấy người ngoài chửi ngôi trường,0
trường có nhiều cô gái xinh đẹp lớp học đẹp nhà vệ sinh đẹp nhất,2
trường có khuôn viên rộng và đẹp tuy được xây dựng từ lâu nhưng khu vực cổng trường có rất nhiều rác thải,0
trường đào tạo tốt về kinh tế,2
nơi này cung cấp chất lượng đào tạo tốt nhất hiện nay,2
trường có số lượng câu lạc bộ thuộc hàng top cả nước mình không phải là học sinh của trường nhưng hồi còn là sinh viên mình thường xuyên tham gia các sự kiện do các câu lạc bộ tổ chức như bất động sản chứng khoán âm nhạc chủ yếu là xem,2
thật tuyệt tôi đã học tại cơ sở ii ở thành phố hồ chí minh và đã đến hà nội để giao lưu với trường trong 2 ngày tôi thực sự choáng ngợp trước sự hùng vĩ và tráng lệ của cơ sở mẹ lớn hơn cơ sở ở thành phố hồ chí minh gấp 6 lần,2
trường đại học ngoại thương là một trường đại học danh tiếng đào tạo bậc thạc sĩ tiến sĩ tôi rất ngưỡng mộ trường vì đây là nơi đào tạo ra những con người tài năng và những nữ hoàng sắc đẹp sinh viên vừa xinh đẹp vừa,2
học sinh trường j khinh người chỉ có hai vị hiền triết tên tuệ là được,0
năm 2022 sau 10 năm trở lại trường mọi thứ đã thay đổi cơ sở vật chất khang trang hiện đại hơn,2
ngôi trường quá nhỏ,0
phòng qldt rất dễ thương,2
môi trường năng động dành cho sinh viên vào học tại trường đại học ngoại thương đây là ngôi trường được mệnh danh là harvard chùa láng với nhiều câu lạc bộ sinh viên và chuyên ngành đào tạo đa dạng,2
trường nằm trong top có nhiều hoa hậu nhất rất ít nam sinh đôi khi là ngày 8 tháng 3 nam sinh được tặng hoa vì hoa hiếm các cô gái ở trường ngoại thương khá ngoan ngoãn nên nếu tốt nghiệp mà không đỗ thì là một sai lầm lớn của khoa vì các cô gái khác đã thi xong rồi,2
một ngôi trường truyền thống lâu đời với chất lượng đào tạo tốt con gái tôi đã nộp đơn xin nhập học tại đây hy vọng sẽ được như mong muốn,2
trường học thực sự tốt,2
một nơi đào tạo nhiều nhân tài cho đất nước nhưng sinh viên sau khi tốt nghiệp và đi phỏng vấn phải khiêm tốn trường học chỉ cho chúng ta bệ phóng và kiến thức lý thuyết mọi thành công trong cuộc sống đều cần thời gian nhanh hay chậm là do kiến thức nền tảng và sự kiên trì quyết định may mắn cũng là một yếu tố,1
trường có nhiều hoạt động đào tạo và hợp tác tuyệt vời dành cho sinh viên các chàng trai từ bk và xd thích đến ngoại thương vì có rất nhiều cô gái xinh đẹp ở đây,2
là trường chuyên đào tạo về kinh tế và thương mại quốc tế tại việt nam trực thuộc bộ giáo dục và đào tạo phát triển nguồn nhân lực dồi dào chất lượng cao cho khu vực kinh tế trong nước và,2
trường đại học ngoại thương là trường đại học chuyên ngành có thương hiệu mạnh về đào tạo kinh tế tại việt nam trực thuộc bộ giáo dục và đào tạo,2
trường hơi nhỏ học sinh năng động một số môn khiêu vũ khá khó,0
ước gì tôi có thể vào được,2
đây là một trong những trường đại học danh tiếng nhất việt nam sinh viên của trường khá thành đạt sau khi tốt nghiệp trường chú trọng đào tạo ngoại ngữ và kỹ năng mềm cho sinh viên,2
đây là ngôi trường luôn được đánh giá là có chất lượng sinh viên tốt nghiệp tốt nhất việt nam thực tế ngay từ đầu sinh viên rất giỏi và chăm chỉ ngay khi tốt nghiệp anh đã được nhiều đơn vị tuyển dụng ngay,2
ngôi trường này to và đẹp học sinh cấp 3 nên cố gắng vào đây,2
đây là ngôi trường mà tôi đã theo học trong 5 năm tôi vẫn nhớ ngày đầu tiên khi tôi bước vào trường mọi thứ đều lạ lẫm với tôi mọi người đều lạnh lẽo tôi chỉ muốn khóc và về nhà với bố mẹ thật là,1
trường đại học ngoại thương là một trong những trường hàng đầu tại hà nội chất lượng đào tạo cũng như đội ngũ giáo viên tâm huyết với nghề giúp sinh viên tốt nghiệp ứng tuyển vào các tập đoàn lớn tại hiệp hội du lịch vietsense phú quốc có,2
bên ngoài trường không gian buổi tối khá mát mẻ và thoáng đãng các quán trà đá chỉ mở cửa đến 12 giờ,2
tuyệt vời trường đào tạo kinh tế hàng đầu việt nam ở đây bạn sẽ được đào tạo cả về kiến thức và kỹ năng mềm nếu bạn muốn năng động thì cứ đến đây tất tuy nhiên nhiều bạn học viên hơi buồn vì trường hơi nhỏ,2
top1 trường đại học tại hà nội đến đây được nhiều người khen đẹp,2
tọa lạc trên phố chùa láng ngay cạnh học viện ngoại giao là một trong những ngôi trường hàng đầu tại việt nam với bề dày kinh nghiệm trong đào tạo nguồn nhân lực chất lượng cao trong các hoạt động kinh tế xuất nhập khẩu trường,2
trường đại học ngoại thương hà nội là trường đại học hàng đầu về kinh tế đây là nơi có môi trường đào tạo rất tốt sinh viên rất năng động và tài năng điểm tuyển sinh của trường cũng nằm trong top các trường có điểm chuẩn rất cao đặc biệt là ngành kinh tế đối ngoại,2
chất lượng đầu ra của trường cũng đứng đầu trong số các trường kinh doanh hàng năm các tập đoàn nổi tiếng thế giới như lotte và sumitomo đều có chương trình chung trao học bổng và thu hút nhân tài từ sinh viên ngoại thương danh tiếng,2
trường có khuôn viên rộng rãi cổng trường gần phố chùa láng gần bến xe buýt sinh viên tốt nghiệp có việc làm ngay,2
đây là trường đại học hàng đầu việt nam nổi tiếng với đội ngũ sinh viên năng động sáng tạo giỏi viết tắt là sinh viên ftu có rất nhiều hoa hậu xuất thân từ trường đại học này,2
đại học ngoại thương luôn là một trong những trường đại học hàng đầu tại việt nam hầu hết bạn bè người quen của tôi đã từng học tại đại học ngoại thương đều đã tốt nghiệp và trở thành những con người năng động có công việc và cuộc sống tốt đẹp sau này đây là địa chỉ tin cậy để các bạn trẻ học tập và rèn luyện cho sự nghiệp tương lai,2
trường nhỏ nhiều học sinh không năng động và thân thiện trường coi trọng thành tích hơn các giá trị cốt lõi khác của giáo dục,0
trường đào tạo cử nhân kinh tế ngoại giao và là cái nôi của những người đẹp việt nam vừa xinh đẹp vừa tài năng trường rất nổi tiếng với những nữ hoàng sắc đẹp việt nam,2
một trong những trường đào tạo kinh tế hàng đầu việt nam một lựa chọn rất tốt khi bạn muốn theo đuổi ngành kinh tế quốc tế trường cũng dạy tiếng anh khá tốt,2
trường đại học ngoại thương là trường đại học chuyên đào tạo về kinh tế và thương mại quốc tế tại việt nam trực thuộc bộ giáo dục và đào tạo,2
ngôi trường rất lớn và đẹp xứng đáng với học phí và chương trình đào tạo,2
trường đại học ngoại thương là trường đại học chuyên ngành thương mại quốc tế tại việt nam đào tạo từ trình độ cử nhân đến thạc sĩ tiến sĩ với nhiều loại hình đào tạo trường trực thuộc bộ giáo dục và đào tạo,2
các cô gái ngoại thương thực sự rất xinh đẹp,2
trường đại học ngoại thương là trường đào tạo cử nhân kinh tế hàng đầu tại việt nam trường đại học ngoại thương luôn nằm trong top các trường đại học có chất lượng tốt nhất cả về đầu vào và đầu ra,2
trường có 16 khoa kinh tế và kinh doanh quốc tế kinh tế quốc tế ngân hàng và tài chính kế toán và kiểm toán quản trị kinh doanh cơ sở lý luận lý luận chính trị tiếng pháp tiếng trung tiếng anh chuyên ngành tiếng anh thương mại tiếng nhật đào tạo quốc tế sau đại học đào tạo tại chức khoa luật,1
ftu là một trong những ngôi trường luôn đi đầu trong công tác giảng dạy cũng như hoạt động của sinh viên cái nôi của nhiều hoa hậu việt nam,2
những nhân vật từng học ở đây gồm có vũ viết ngoạn trưởng ban tổ tư vấn kinh tế của thủ tướng chính phủ cựu,1
luôn tự hào là sinh viên ftu,2
trường học nào có thể ngăn cản tôi yêu iemmmm,2
trường có nhiều hoạt động câu lạc bộ từ câu lạc bộ chuyên nghiệp đến câu lạc bộ sở thích câu lạc bộ ngôn ngữ và câu lạc bộ về quê hương với những người tài năng trong mọi lĩnh vực từ nghiên cứu kinh doanh mc ca sĩ,2
điểm thi tuyển sinh đại học luôn đứng đầu cả nước năm tôi thi kinh tế quốc dân tôi được 28 điểm khối a không có hệ số cho bất kỳ môn nào,1
trường đại học hàng đầu việt nam về đào tạo kinh tế sinh viên tốt nghiệp cũng rất tự tin đòi hỏi mức lương cao,2
huhuhuhu,0
môi trường tốt nhưng nhân viên thực sự nhàm chán,0
chỉ cần đỗ xe ở đây thật đáng tiếc,0
cơ sở vật chất hiện đại cảnh quan đẹp,2
là một trong những trường đại học hàng đầu tại việt nam sinh viên của trường được đào tạo rất bài bản về cả kiến thức lẫn các kỹ năng mềm khác,2
bạn tôi học ở trường này và bạn ấy đánh giá rất cao môi trường đào tạo của trường có cơ hội đến trường chụp ảnh kỷ yếu,2
là một trong những trường đại học tốt nhất cả nước điểm tuyển sinh rất cao nên chất lượng sinh viên rất tốt,2
ftu 2018,1
cơ sở 1 tại hà nội 91 chùa láng quận đống đa hà nội còn được gọi chính thức là trường đại học ngoại thương hà nội cơ sở 2 tại thành phố hồ chí minh 15 đường d5 phường 25 quận bình thạnh thành phố,1
trường học sạch đẹp đạt tiêu chuẩn theo phong cách châu âu,2
luyện tập lâu dài là chìa khóa và có rất nhiều vấn đề trong quá trình đào tạo,0
ftu là một ngôi trường tuyệt vời để học tập tại đây sinh viên không chỉ được học về kinh tế mà còn được khám phá và phát triển tài năng của mình,2
trường rất tốt cho sinh viên tất cả sinh viên tốt nghiệp ở đây đều có việc làm rất tốt,2
trường đẹp học sinh đẹp không gian hơi nhỏ,2
to và đẹp nhiều cây xanh đây là nơi nhiều hoa hậu việt nam học đẹp quá bãi đậu xe vẫn hơi chật,2
trường có môi trường tốt nơi lý tưởng để học tập và trải nghiệm,2
một trong những trường đại học hàng đầu việt nam với đội ngũ giảng viên chất lượng và cơ sở vật chất kỹ thuật hàng đầu,2
trường đại học này đứng đầu cả nước nhưng cơ sở vật chất của trường không thực sự hiện đại nhất,0
ngôi trường này rất đẹp và luôn được coi là trường đại học hàng đầu cả nước nhưng cũng có nhiều nhược điểm,2
một phần cuộc sống của tôi gắn liền với nơi này 3 tôi hối tiếc vì đã bỏ lỡ nhiều thứ và không dành trọn tuổi thanh xuân của mình trong những năm tháng đi học nếu bạn là người năng động nơi này sẽ là môi trường lý tưởng nhất dành cho bạn,2
tiện nghi tốt,2
cảm giác hoàn toàn khác biệt so với các trường đại học khác năng động và đầy màu sắc ngoại thương rất tuyệt,2
cơ sở hạ tầng của trường rất tốt nhưng thường xuyên xảy ra tình trạng kẹt xe,0
trường học đẹp hiện đại đầy đủ tiện nghi học sinh năng động chuyên nghiệp,2
gần đây nhờ có thầy em mới hiểu được ý nghĩa của từ bạc thầy đáng kính mặc dù em buồn nhưng không biết phải làm sao tôn trọng vẫn là tôn trọng nhưng có những thứ đã chính thức tan vỡ,0
không gian nhỏ xinh số lượng cây vừa phải,0
tôi nghe một người bạn việt nam nói rằng đây là trường đại học có trình độ cao nhất ở việt nam,2
một ngôi trường giàu truyền thống luôn là một trong những ngôi trường hàng đầu tại việt nam,2
chúc các em thi tốt tôi là một người mẹ nhưng tôi chúc các em thi tốt và vào được trường này tôi đang đi học và có những người ở đây để kiểm tra các em chúc các em thi tốt nếu các em không làm tốt hãy làm tốt với tôi này,2
trường hàng đầu trong lĩnh vực kinh tế những sinh viên giỏi nhất đã được nhận vào đây,2
trường của tôi lúc nào cũng là trường tốt nhất,2
đây là một trường đại học danh tiếng với chất lượng đầu ra của sinh viên rất tốt,2
sinh viên tốt nghiệp ftu mãi mãi là niềm tự hào của đất nước hy vọng một ngày nào đó đội ngũ này sẽ tạo nên tương lai cho đất nước,2
một trong những trường đại học tốt nhất tại hà nội sinh viên của trường này rất nhanh nhẹn chủ động và thông minh,2
đường vào hơi nhỏ xe buýt chỉ có xe buýt 09 đi qua hơi bất tiện cho những ai không có xe riêng,0
trường đại học hàng đầu việt nam trong lĩnh vực đào tạo và kinh doanh quốc tế,2
trong kiếp trước tôi nợ những người đã từng học ở ngôi trường này quá nhiều,1
trường đại học ngoại thương là trường đại học hàng đầu trong các trường đại học kinh tế tại hà nội,2
trường đại học hàng đầu việt nam về thương mại quốc tế,2
một trường đại học danh tiếng tại việt nam tuy nhiên có quá nhiều lĩnh vực,2
trường đại học đào tạo ra những nữ hoàng sắc đẹp và những tài năng cho đất nước,2
khuôn viên trường có nhiều cây xanh lớp học sạch sẽ và thoáng mát,2
cô gái xinh đẹp học sinh năng động và cá tính đang tiến hành trang trí cuối năm,2
đại học ngoại thương môi trường năng động cho sinh viên kinh tế,2
trường đẹp học sinh thân thiện trai đẹp gái đẹp học sinh giỏi,2
ngôi trường lớn và đẹp,2
một trong những môi trường đào tạo hàng đầu tại việt nam nhiều cô gái xinh đẹp,2
cơ sở vật chất bình thường học sinh giỏi,2
trường sạch sẽ học sinh trông đẹp cảnh quan xung quanh đẹp trường hơi nhỏ,2
một trường đại học thông minh tại việt nam,2
trường nhỏ học sinh năng động nhiều gái xinh,2
ngồi học ở trường với biệt danh trai và gái vừa xinh đẹp vừa tài năng,2
trường đại học có nhiều người đẹp và doanh nhân,2
được rồi đông đúc thường xuyên kẹt xe ở chùa láng,0
chương trình đào tạo tốt có nhiều cửa hàng và nhà hàng xung quanh xa nơi ở của sinh viên,2
trường đẹp nhiều học sinh xuất sắc và thành đạt,2
tuy trường hơi nhỏ nhưng lại quy tụ được nhiều học sinh giỏi,2
một trong những trường đại học danh tiếng nhất việt nam,2
chỉ còn vài ngày nữa là tôi biết kết quả thi rồi tôi yêu ftu quá,2
trường chất lượng tốt nhất hiện nay trong lĩnh vực kinh tế,2
trên hết là những kỷ niệm thời sinh viên,1
nếu bạn không nói chuyện trong lớp bạn không thể tạo ra tinh thần học tập hic,1
cơ sở đào tạo ngoại thương hàng đầu miền bắc,2
một nơi quá nhỏ để chứa đựng những giấc mơ,0
các trường đại học hàng đầu tại việt nam,2
trường xếp hạng 1 trong cả nước,2
phong cảnh khá đẹp,2
dạy tốt học tốt vote 5 sao,2
bạn gái tôi gặp tai nạn bị cắt cổ gãy vai trái bị thương khắp cơ thể và một vết cắt sâu vào đầu gối phải khiến cô ấy không thể đến trường nên bây giờ cô ấy phải đi học lại vì chính sách nghỉ học 2 ngày mà,0
khuôn viên trường được đánh giá là có thiết kế đẹp nhất trong số các trường đại học tại hà nội mặc dù là trường đại học tư thục có học phí khá cao nhưng trường có hệ thống giáo dục khá tốt trường đào tạo nhiều lĩnh vực từ khoa học tự nhiên đến khoa học xã hội,2
phong cảnh đẹp và rất đẹp,2
nơi tốt,2
chất lượng trường đại học cao thân thiện xanh sạch hiện đại và đẹp,2
cơ sở vật chất đẹp và hiện đại môi trường giáo dục tốt,2
kk,1
chuột đẹp,2
trường đại học tốt nhất hà nội,2
trường đại học tốt nhất tại hà nội,2
nơi tốt để học tập,2
dep rằng,2
trường đại học tư thục tốt,2
không phải trường đại học tốt,0
trường học,1
lựa chọn tốt,2
đây là một trường đại học tốt,2
trường học sang trọng,2
trường đại học nhỏ,0
tôi không phải là sinh viên nên tôi không biết chất lượng của nó như thế nào chỉ là khuôn viên ghia đẹp một bông hoa mỗi mùa nuôi chim bồ câu dễ thương,2
từ ngày đầu tiên bước chân vào trường tôi chẳng biết thông tin gì cả bước chân vào trường như một sự may mắn và trở thành khoảng thời gian đẹp nhất trường đại học thăng long một ngôi trường tư thục có cơ sở vật chất cực kỳ tốt không khí,2
một trong những ngôi trường có trang thiết bị đầu tư hiện đại quản lý khá tốt và luôn đổi mới để nâng cao chất lượng môi trường học tập rất tốt điều hòa mát mẻ giáo viên thân thiện và yêu thương học sinh,2
thái độ của nhân viên bảo vệ rất tệ học sinh đến nhập học và đỗ xe rồi mang xe đến bãi đỗ xe ngầm khi không còn chỗ trong tầng hầm họ quay lại và được bảo về nhà kinh doanh vô trách nhiệm,0
ngôi trường rất đẹp nhưng ngay cả khi tôi vào để gặp và chào hỏi các bạn học sinh họ cũng không cho tôi vào họ lấy thẻ học sinh của tôi và không trả lại,0
cảm thấy thoải mái và đẹp khi làm việc ở đây trong 3 ngày khuôn viên sạch sẽ với nhiều cây xanh và đội ngũ vệ sinh làm việc rất tốt có một khoa du lịch và một khu vực thực hành khách sạn thú vị phòng sạch sẽ và,2
bạn đã nghe đến đại học thăng long từ lâu nhưng không biết trường có thực sự tốt không vậy hãy cùng kiểm chứng qua những chia sẻ của các bạn sinh viên tại đây nhé môi trường học tập hiện đại thoải mái từ phòng học máy lạnh,2
trường đại học sạch sẽ đẹp và rộng rãi,2
đề xuất nhà trường lắp đặt vòi phun nước để học sinh đi vệ sinh,0
đại học thăng long là trường đại học tôn giáo ngoài công lập đầu tiên tại việt nam cơ sở vật chất của trường rất tốt đội ngũ giảng viên nhiệt tình,2
cho 1 sao vì dat ta học trường này,0
trường học tốn rất nhiều tiền nhưng nếu bạn không đóng một ít tiền bạn sẽ bị đuổi học,0
nhà mình ngay cạnh trường đại học thăng long trường có cơ sở vật chất tốt tổ chức nhiều sự kiện cho sinh viên và tân sinh viên rất đáng để học hỏi,2
tôi có thể hỏi là tôi có thể đi xe buýt từ bến xe gia lâm đến giáp bát rồi đi học được không hoặc có chuyến đi thẳng từ gl đến trường không,1
tôi sắp tốt nghiệp rồi kk,2
trường đẹp cơ sở vật chất tốt giáo viên giỏi và rất nhiệt tình nhiều hoạt động thú vị và bổ ích hoàn hảo,2
trường đại học thăng long là trường đại học có quy mô lớn kiến trúc và cơ sở vật chất tốt khuôn viên trường đẹp nằm trên đường vành đai 3 thuận tiện giao thông và bắt xe buýt,2
ngoại thất trường học hiện đại nhiều kính lấp lánh cho học sinh phong cách tre truyền thống hiện đại với nhiều lĩnh vực học tập mới,2
trường học tuyệt vời cơ sở vật chất tốt giáo viên nhiệt tình,2
nơi này vui quá trường đại học tư thục được xây dựng nhanh chóng ở vị trí thuận tiện khi đường vành đai 3 chưa hoàn thành cơ sở vật chất tốt và chương trình giảng dạy cũng ngày càng đa dạng và sáng tạo hơn,2
chia sẻ những câu chuyện thành công tại đại học thăng long hà nội,2
trường rất đẹp đội ngũ nhân viên tuyệt vời chất lượng giảng dạy tốt bạn thực sự có thể học để thi nhược điểm là trường hơi nhỏ nên bãi đậu xe thường xuyên tắc nghẽn,2
trường tư thục tốt với chất lượng giáo dục tốt,2
4 năm học ở đây không phải là vô ích môi trường xanh sạch đẹp nhiều hoạt động chương trình học được cập nhật theo môi trường thực tế,2
thiết kế của trường đẹp tinh tế và hiện đại,2
ngôi trường đẹp hiện đại và có môi trường giáo dục và giảng dạy rất tốt,2
học phí ngày càng đắt đỏ điểm cộng lớn nhất là trường sạch sẽ cơ sở vật chất tốt lượng học tập tại trường cũng nhiều hơn các trường khác,2
trường đại học tốt tiện lợi nhiều nhà hàng ngon trường có nhiều trai gái đẹp học giỏi sẽ giới thiệu bạn đến trường,2
cơ sở vật chất tốt giáo viên chất lượng nhưng có một điểm trừ là rất dễ mất giày nếu ngủ một mình nhà trường ít khi lắng nghe ý kiến của học sinh,0
tôi đang học ngành du lịch tại tlu tôi phải nói rằng cơ sở vật chất rất tốt các giáo viên và bạn bè đều rất thân thiện và hòa đồng khuôn viên trường và khu vực học tập được nhân viên vệ sinh dọn dẹp hàng ngày sẽ trường tập trung vào,2
đây là một ngôi trường khá hiện đại và uy tín tại hà nội,2
từ ngày đầu tiên bước chân vào trường tôi chẳng biết thông tin gì cả bước chân vào trường như một sự may mắn và trở thành khoảng thời gian đẹp nhất trường đại học thăng long một ngôi trường tư thục với cơ sở vật chất cực kỳ tốt có máy lạnh,2
tôi học tiếng nhật ở thăng long các thầy cô rất nhiệt tình chương trình học phù hợp với cả người mới bắt đầu từ con số 0 trường rất đẹp trường thay hoa thường xuyên nên mỗi ngày đến trường là một bất ngờ mới,2
trường học 10 điểm không có ý nghĩa gì nhiều,2
quang cảnh sân trường khá mát mẻ khu vực phòng ăn hướng ra thiên nhiên tôi rất ấn tượng với các em học sinh ở đây các em luôn vui vẻ và luôn sẵn lòng hỗ trợ các em học sinh mới đến trường lần đầu tiên,2
được thành lập vào tháng 10 năm 2000 thư viện đại học thăng long giảng đường thứ 2 dành cho sinh viên được coi là trung tâm thông tin văn hóa của nhà trường nơi cung cấp các nguồn thông tin chọn lọc xưa và nay dừng lại,1
khuôn viên trường thpt thăng long dh tuy không rộng lớn như những trường lớn khác nhưng cơ sở vật chất và trang thiết bị học tập ở đây rất tốt và hiện đại,2
ehe vừa mới đi thi về lớp học siêu ngầu và trường cũng lớn các tình nguyện viên rất nhiệt tình,2
trường khá nổi tiếng về đào tạo và giáo dục cơ sở vật chất tốt đội ngũ giáo viên nhiệt tình và quan tâm đến sinh viên trường đại học thăng long trường đại học thăng long là trường đại học tư thục tại hà nội,2
trường đại học tư thục được xây dựng nhanh chóng ở vị trí thuận lợi khi đường vành đai 3 chưa hoàn thành cơ sở vật chất tốt và chương trình giảng dạy cũng ngày càng đa dạng và sáng tạo hơn,2
trường đại học thăng long là trường đại học tại thành phố hà nội là cơ sở giáo dục đại học ngoài công lập đầu tiên được hình thành và phát triển tại nước cộng hòa xã hội chủ nghĩa việt nam được thành lập vào năm 1988,1
không gian thoáng mát sạch sẽ hiện đại,2
tôi là sinh viên năm nhất khóa k32 tôi thấy cơ sở vật chất của trường rất tuyệt điều hòa siêu mát giáo viên trẻ chất lượng tốt tuy giá hơi đắt nhưng rất đáng,2
trường được trang bị cơ sở vật chất tốt có những dãy nhà được làm theo mô hình khách sạn thuận tiện cho học sinh thực hành có vườn cây đẹp và thẩm mỹ có cả chim bồ câu trường hơi xa trung tâm nhưng khá nổi tiếng và có nhiều tài năng theo học tại đó,2
trường đẹp sạch sẽ mỗi tầng đều có phòng nghỉ ngơi hoặc tự học đội ngũ nhân viên nhà trường thân thiện rất hài lòng về trường,2
cơ sở vật chất tuyệt vời các giáo viên nhiệt tình và cực kỳ tài năng nhiều hoạt động và sự kiện môi trường thân thiện xanh sạch và đẹp nói chung rất hài lòng,2
trường đẹp giáo viên tận tâm và rất nhiệt tình với học sinh diện tích trường không lớn còn lại đều tốt,2
chính sách của trường giáo dục đại học chất lượng,2
trường đại học thăng long là trường đại học tại thành phố hà nội là cơ sở giáo dục đại học ngoài công lập đầu tiên được hình thành và phát triển tại nước cộng hòa xã hội chủ nghĩa việt nam được thành lập vào năm 1988 hiện nay trường đại học thăng long được xếp hạng là một trong những trường đại học tư thục tốt nhất,2
trường có khuôn viên đẹp cơ sở vật chất và trang thiết bị hiện đại tốt giáo viên thân thiện trình độ chuyên môn tốt học sinh hòa đồng có nhiều bạn trai bạn gái xinh đẹp,2
khu vườn dành cho sinh viên siêu ngầu có ghế đu bàn chim bồ câu và nhạc du dương anh bảo vệ ở bãi đỗ xe tầng hầm cũng rất chu đáo cho mình đỗ đồ và thậm chí còn lau phấn trên vành xe,2
an ninh thân thiện trường học sạch đẹp,2
vốn là một trường tư thục nhưng với sự đầu tư và cống hiến đúng đắn đại học thăng long đã dần khẳng định được vị thế và tìm được cho mình một vị trí xứng đáng trong danh sách các trường đại học tại việt nam ps con gái thăng long đẹp quá v,2
một ngôi trường vô cùng tuyệt vời với nhiều hoạt động và tổ chức đào tạo tốt trang thiết bị của trường cũng thường xuyên được nâng cấp và cải tiến giáo viên rất nhiệt tình với học sinh,2
trong suốt những năm học của mình tôi chưa bao giờ thấy một giảng viên nào siêu nhiệt tình và thân thiện như ở đây cơ sở vật chất không chỉ tốt và đẹp mà còn luôn đổi mới nhìn chung học phí cao hơn một số trường khác nhưng tôi không nghĩ là lãng phí,2
trường đại học thăng long trường đại học thăng long là trường đại học tư thục tại thành phố hà nội việt nam chất lượng cơ sở vật chất đi đôi với học phí,1
cơ sở vật chất tốt và đẹp có vườn bồ câu sân bóng rổ và cầu lông phòng tập gym có nhiều cây xanh và các nữ sinh xinh đẹp,2
trường không uy tín nói rằng học sinh được tuyển sinh theo thứ tự số những người nộp đơn trước sẽ được tuyển sinh bằng và cao hơn điểm trúng tuyển khi học sinh tập trung đông đúc trong sân trường trường,0
khuôn viên trường đẹp và sang trọng quá,2
quán trà chanh nằm ngay sau trường đại học thăng long giá cả phải chăng và yên tĩnh,2
đến thăm trường thăng long vào ngày mở cửa tôi thích tòa nhà có mô hình khách sạn rất hoàn chỉnh,2
là một trường đại học tư thục được đánh giá cao tại hà nội trường sạch sẽ đẹp rộng rãi và có nhiều hoạt động bổ ích đổi lại học phí hơi cao,2
trường rất đẹp rộng rãi và có cơ sở vật chất tốt tuy hơi xa thành phố nhưng chất lượng giảng dạy tốt thu hút được nhiều học sinh,2
trường rộng rãi ngay cạnh đường nguyễn xuân yêm thuận tiện đi lại vị trí đẹp thuận tiện xe buýt xe khách về nhà xung quanh có nhiều nhà trọ giá rẻ,2
trường dành cho con nhà giàu chất lượng xây dựng tốt sạch sẽ chất lượng đào tạo trung bình,2
một trong những trường đại học tư thục đầu tiên tại việt nam chất lượng đào tạo không tốt sinh viên tốt nghiệp kỹ năng kém,0
đến thăng long là lựa chọn tốt nhất của tôi môi trường học tập tuyệt vời chất lượng không có gì để chê,2
khuôn viên trường kiến trúc rất đẹp nhưng không đẹp bằng trường phenikaa thuộc yên nghĩa mình thích học phenikaa hơn,0
trường đại học thăng long là trường tư thục tại hà nội với đội ngũ giáo viên nhiệt huyết và trình độ chuyên môn cao,2
đây là ngôi trường mới mở nằm trên đường vành đai 3 rất thuận tiện cho việc đi lại của học sinh cơ sở vật chất khá tốt,2
ngôi trường rất đẹp và hiện đại học sinh năng động và sáng tạo,2
trường đại học tư thục vị trí khuôn viên thuận tiện học phí hơi cao so với trường công,1
đại học thăng long đẹp rộng rãi khuôn viên trường có vườn rất đẹp đến vào dịp giáng sinh để phun tuyết rất vui đẹp,2
trường đại học thăng long đã đầu tư cơ sở vật chất khang trang đáp ứng nhu cầu học tập và giảng dạy,2
nhân viên chính như giáo viên thì nhẹ nhàng và tử tế ngược lại nhân viên trợ lý như bảo vệ thì hơi gian xảo,0
trường đại học thăng long nghiêm xuân yêm đại kim hoàng mai hà nội là trường đại học tại thành phố hà nội là cơ sở giáo dục đại học ngoài công lập đầu tiên hình thành và phát triển trong hệ thống chính trị của nước cộng hòa xã hội chủ nghĩa việt nam được thành lập năm 1988,1
đây là một trường đại học tư thục nhưng chất lượng đào tạo và cơ sở vật chất rất tốt,2
trường đại học thăng long thăng long university là trường đại học tư thục tại thành phố hà nội việt nam là cơ sở giáo dục đại học ngoài công lập đầu tiên của nước cộng hòa xã hội chủ nghĩa việt nam trường được thành lập vào năm 1988,1
mặc dù tôi chưa vào nhưng tôi cảm thấy trái tim mình đang được các cô gái trong trường này gọi mời,2
trường đại học có cơ sở vật chất tốt giáo viên giỏi và sinh viên năng động,2
nhà ăn không cho phép sinh viên mang đồ ăn từ bên ngoài vào,0
dịch vụ đón và trả khách tại sân bay bằng xe riêng siêu rẻ taxihightech,1
trường ngày càng hiện đại về cơ sở vật chất và chất lượng đào tạo khuôn viên trường được bố trí đẹp mắt,2
trường học đẹp và dễ tìm các cô gái xinh đẹp và học giỏi,2
một trong những trường đại học tư thục uy tín và chất lượng hàng đầu tại hà nội,2
sạch sẽ đẹp và rất rộng rãi,2
trường đại học dân lập thăng long,2
ngôi trường được đầu tư xây dựng một tòa nhà rất đẹp mang phong cách hiện đại,2
trường đại học thăng long trường đại học thăng long là một trường đại học tư thục tại thành phố hà nội việt nam,1
ngôi nhà có phòng chat đẹp sạch sẽ rộng rãi nhưng đó là trường tư học phí quá đắt,0
học thật thi thật xứng đáng là một trong những trường ngoài công lập hàng đầu,2
môi trường sạch sẽ đẹp tốt cho việc học tập,2
chi phí học tập cao chính sách lớp học không tốt nhất và học sinh phải chịu nhiều cảnh nghèo đói,0
mặc dù trường nhỏ nhưng có khuôn viên hiện đại và năng động,2
trường đẹp quá mình đã tham dự sự kiện ở đây mấy lần rồi đẹp quá,2
trường đại học mở cửa chào đón tương lai,2
đại học thăng long là một trường đại học tư thục khá uy tín tại hà nội,2
là một trường đại học giảng dạy tốt,2
nếu điểm của bạn thấp thì đây là một ngôi trường tuyệt vời dành cho bạn,2
cơ sở vật chất rất đẹp và hiện đại đội ngũ giảng viên nhiệt tình và có trình độ cao,2
trường đại học tư thục cảnh quan đẹp trang thiết bị hiện đại,2
trường đẹp cơ sở vật chất mới gái đẹp d,2
chất lượng rất tốt tự hào là một ngôi trường ở trung tâm thủ đô,2
các trường đại học tư thục được nhiều bạn trẻ lựa chọn,2
rất uy tín giá cả phù hợp với chất lượng,2
trường đại học tư thục đầu tiên của việt nam các sinh viên rất năng động và nhiệt huyết tôi nghĩ đây là một ngôi trường thực sự tốt,2
học sinh của trường khá năng động và xinh đẹp,2
trường đại học này khá giàu có và có kiến trúc đẹp,2
mọi thứ đều hoàn hảo ngoại trừ việc học ở đây học phí cao,2
một môi trường học tập như mơ các bạn ạ,2
được tốt không còn gì để chê nữa,2
đẹp sạch sẽ thân thiện và thoải mái để chụp ảnh,2
sinh viên trường đại học thăng long rất năng động và cá tính,2
tất nhiên trường tư có chính sách tốt hơn trường công,2
là một trường công lập cơ sở vật chất ở đây khá tốt,2
trường uy tín nhiều giáo viên giỏi,2
một trong những trường tư thục chất lượng tốt,2
chất lượng tốt nhưng học phí hơi đắt,2
môi trường giáo dục hiện đại sinh viên năng động,2
cơ sở vật chất rộng rãi đào tạo tốt học phí trước đây khá cao,2
trường học rất tốt cho học sinh,2
gần khu dân cư có pokestop hoặc gym rất tiện lợi,2
cơ sở vật chất hiện đại rộng rãi và đẹp,2
trường cung cấp đào tạo công nghệ thông tin khá tốt,2
tôi đã học một số môn học ở đây,1
môi trường năng động tiện nghi tốt,2
trường có nhiều cô gái xinh đẹp quá d,2
ngôi trường hiện đại và dạy tốt,2
trường đại học tuyệt đẹp,2
chất lượng giảng dạy tốt trang thiết bị hiện đại,2
chất lượng đào tạo tốt cơ sở vật chất đầy đủ,2
khuôn viên trường đẹp nhiều quán ăn xung quanh trường,2
chất lượng giảng dạy tốt cơ sở vật chất tuyệt vời,2
chưa đến nơi đừng bảo tôi đánh giá nhé,1
có rất nhiều đồ ăn xung quanh trường,2
đây là một trường đại học tư thục ở hà nội,1
ngôi trường có quang cảnh khá đẹp,2
nếu bạn có điều kiện thì nên học ở đây hehe,2
đó là một ngôi nhà rất đẹp,2
trường học cũng tốt,2
trường học lật đổ và tệ nhất,0
trường có cơ sở vật chất rất tốt,2
chết tiệt cho những người giàu có kết thúc,0
khoa học vật liệu hiện đại,2
trường đại học tư thục tốt nhất tại hà nội,2
trường đại học tư thục hàng đầu việt nam,2
một ngôi trường giáo dục tốt,2
chất lượng kém so với cơ sở,0
trường cũ của bạn ở đâu,1
không có gì,1
học thật và thi thật hiện đại,2
trường đẹp và đắt,2
giấc mơ xa lắm tương lai,2
trường đẹp giáo viên giỏi,2
cơ sở vật chất rất hiện đại,2
trường tư thục hàng đầu,2
chất lượng giảng dạy ở mức trung bình,0
học phí hơi cao,0
học đại học tốn kém,0
vị trí đẹp,2
học ở đây rất tốt,2
cơ sở vật chất tốt,2
tôi yếu đuối,0
ngôi trường mơ ước,2
có máy lạnh khắp nơi,2
ngôi trường rất đẹp,2
đào tạo tốt,2
điều đó ổn thôi,1
nhiều con gái quá,0
là trường đại học công lập trực thuộc bộ nông nghiệp và phát triển nông thôn đại học thủy lợi được công nhận là trường đại học kỹ thuật hàng đầu trong lĩnh vực tài nguyên nước trường được thành lập vào năm 1959 với khóa đào tạo chính thức đầu tiên,2
tốt quá,2
một trường đại học tuyệt vời tại việt nam với chất lượng giảng dạy cao và cơ sở hạ tầng tốt,2
trường đại học được thành lập vào năm 1959 một trong những trường đại học hà nội nổi tiếng nhất,2
trường đại học tốt nhiều giảng viên được đào tạo ở các nước phát triển,2
thật tuyệt khi tôi gặp được nhiều bạn ở đây,2
xinh đẹp,2
một trong những ngôi trường tuyệt vời nhất mà bạn từng học,2
ngày học,1
tốt kkk,2
chưa bao giờ đến đây,1
mười trường đại học hàng đầu,2
thích nó,2
trường học của tôi 3,1
kỷ niệm đẹp đó,2
bạn tôi học ở đây,1
vâng,1
10000đ,2
tôi đã học ở đây,1
hội thao sinh viên chào mừng 65 năm thành lập trường đại học thủy lợi cảm xúc vỡ òa sau trận chung kết bóng đá nam,2
trường đại học thủy lợi tọa lạc tại quận đống đa hà nội là một trong những trường đại học hàng đầu về đào tạo các ngành kỹ thuật đặc biệt là kỹ thuật thủy lợi môi trường và công nghệ thông tin với cơ sở vật chất hiện đại đầy đủ,2
trường đẹp rộng rãi thoáng mát chất lượng đào tạo ổn học phí không quá cao lớp 23 có máy lạnh trẻ em phải mang theo chăn để mua học hè,2
trường đại học thủy lợi tlu là một trong những trường đại học hàng đầu về lĩnh vực thủy lợi tài nguyên nước và môi trường tại việt nam với bề dày lịch sử và truyền thống đào tạo tlu đã khẳng định vị thế trong việc cung cấp nguồn nhân lực chất lượng cao cho xã hội,2
rất đẹp có truyền thống lâu đời khuôn viên trường rất rộng rãi có nhiều cây xanh và ký túc xá thuận tiện cho học sinh học tập,2
môi trường tốt cơ sở vật chất đáp ứng nhu cầu học tập ký túc xá đầy đủ tiện nghi đội ngũ giảng viên chất lượng nhiều hoạt động cho sinh viên,2
đây là một ngôi trường tốt có nhiều ngành nghề khác nhau đội ngũ giảng viên đều có trình độ thạc sĩ trở lên cơ sở vật chất đầy đủ đáp ứng các chuyên ngành có nhiều hoạt động để sinh viên tham gia,2
mát mẻ rộng rãi thoải mái đi lại giải tỏa căng thẳng cũng được sinh viên trẻ và năng động dth,2
trường đại học thủy lợi tên tiếng anh thuyloi university là một trong những trường đại học hàng đầu trong lĩnh vực kỹ thuật tài nguyên nước đồng thời là trung tâm nghiên cứu khoa học và chuyển giao công nghệ tiên tiến trong lĩnh vực tài nguyên nước,2
đại học tài nguyên nước,1
ngôi trường khá đẹp với màu hồng nam tính,2
trường công lập lâu đời truyền thống và trật tự cơ sở vật chất rộng rãi đầy đủ sân bóng đá bóng rổ bóng chuyền hồ bơi quần vợt nhiều hoạt động trao đổi ngoại khóa học sinh cũng có thể học quần vợt trước đây,2
trường đại học thủy lợi là một trường đại học lớn tại thủ đô hà nội có truyền thống lâu đời và là một trong những trường đại học được thành lập sớm nhất ở nước ta trường đại học thủy lợi có vị trí đẹp tại quận đống đa gần thái hà,2
trường đại học thủy lợi là trường đại học đa ngành định hướng nghiên cứu là một trong 10 trường hàng đầu việt nam trong lĩnh vực kỹ thuật công nghệ và kinh tế giữ vững vị trí số một trong,2
chiếc ghế đá dưới tán cây trước cổng trường ngồi rất thoải mái,2
có một công viên trước trường thật đẹp,2
cơ sở vật chất đầy đủ nhất hà nội đội ngũ giảng viên tốt nhưng khi mọi người nói học thủy lợi thì nghĩ toàn là mương rãnh,2
không có gì quá nổi bật để khen ngợi và không có gì quá tệ để chỉ trích nhìn chung đây là một trường khá tốt,2
ngôi nhà đóng cửa quá sớm đến nỗi tôi không thể lấy được xe,0
cơ sở vật chất của trường tốt giáo viên thân thiện và luôn giúp đỡ học sinh,2
trường đẹp và thoáng mát nhiều cây xanh có đầy đủ tiện nghi thể thao cho học sinh,2
ồ trường này gần nơi tôi làm việc nói chung trường này nằm ngay trên đường thuận tiện cho việc đi lại,2
ngôi trường đang chuẩn bị kỷ niệm 60 năm thành lập rất hùng vĩ và hứa hẹn nhiều đổi mới,2
cơ sở vật chất đầy đủ nhất tại hà nội đội ngũ giảng viên giỏi,2
đại học tài nguyên nước môi trường xanh sạch đẹp,2
trường đại học thủy lợi có những đóng góp quan trọng vào phát triển nông nghiệp và phát triển đất nước,2
nhà vệ sinh trong căng tin không có cửa,0
ấn tượng về trường khá tốt đặc biệt là tòa nhà gạch đỏ lần trước tôi đi ngang qua khi trường đang chặt cây trông sáng sủa tươi sáng như tương lai của học sinh trường vậy gia đình tôi có một người bạn học ở đây và đã được nhận đi du học nhật bản hai lần nên không còn nghi ngờ gì nữa về ngôi trường này,2
ngôi trường tọa lạc trên con phố tây sơn xinh đẹp,2
yêu trường hy vọng trường ngừng yêu cầu giáo dục thể chất,2
năm 2020 đánh dấu 60 năm ngày thành lập nhà thanh ngôi trường đào tạo ra bộ thủy lợi một thời của việt nam vô tình đóng góp vào hệ thống mương máng của nền nông nghiệp việt nam ngôi trường này cũng đào tạo nhiều chuyên ngành khác không chỉ đào tạo những chàng trai chịu khó,2
lịch trình quân sự thay đổi liên tục và học sinh thay đổi liên tục,0
trường đẹp lắm màu chủ đạo là đỏ và hồng v hôm mình đi vệ sinh chuông reo làm mình giật mình,2
trường nhiều cây xanh khuôn viên đẹp mình thích ngồi đây uống trà đá lắm tiền thân của trường là học viện thủy lợi và điện lực,2
trường đẹp chất lượng đào tạo tốt,2
tôi đã từng biết bạn đã biết chưa đi học để xây dựng đất nước,2
đẹp quá lần đầu tiên đến đây khuôn viên rộng rãi nhiều cây xanh,2
ngôi trường nơi tôi đã học 45 năm đại học ngày càng đẹp hơn mỗi ngày,2
khuôn viên trường rộng đẹp môi trường thân thiện,2
ngôi trường đào tạo ra nhiều ông chủ lớn tại thanh hóa,2
rất sang trọng được xây dựng bởi toàn thể anh em trong xưởng cơ khí tuấn chính,2
ngôi trường thật đẹp tôi rất thích màu sắc của nó,2
chương trình đào tạo tốt cơ sở vật chất hiện đại sân rộng rãi,2
không gian trường rộng rãi thoáng mát nhưng cơ sở vật chất hơi cũ mang cảm giác cổ kính phía sau trường có nhiều nhà hàng ngon và rẻ,2
trường khá thoáng mát tôi thích không gian xanh ở đây,2
trường đại học thủy lợi số 175 tây sơn đống đa hà nội mái trường màu hồng đẹp và sạch sẽ,2
trường học rộng và có một cửa hàng bánh mì kẹp pate đặc biệt tôi đã học 4 năm tại bưu điện và chưa bao giờ có một cửa hàng bánh mì kẹp ngon như vậy,2
ôi những hàng cây xanh dưới mái trường thân yêu dưới mái trường đại học thủy lợi chúng tôi đã học ở đây bốn năm năm bây giờ trở về nhà vẫn như lần đầu tiên,2
trường rất lớn cơ sở vật chất tuyệt vời,2
đánh giá 1 sao vì nyc học ở đây,0
thật bực mình khi khóa học cuối cùng không hỗ trợ đăng ký giáo dục thể chất trang web thì tệ phòng đào tạo thì quan liêu như chính phủ nếu chúng ta không cải thiện những vấn đề này vẫn sẽ còn rất nhiều lỗi,0
nhà trường rất hào phóng khi cung cấp cho sinh viên email microsoft 365 chính hãng cho phép họ thoải mái lưu trữ tài liệu học tập và làm việc trực tuyến,2
trà đá cổng trường nghe okela,2
môi trường sạch đẹp,2
hãy tham gia sự kiện scamp của cellphones và trải nghiệm dịch vụ vệ sinh laptop miễn phí của dienthoaivui đội ngũ nhân viên nhiệt tình chu đáo thiết bị vệ sinh cũng rất cẩn thận,2
địa chỉ số 175 tây sơn trung liệt đống đa hà nội trường đại học thủy lợi,1
nhà trường không phân lớp cho từng khóa học chặn khóa trước để khóa sau có thể đăng ký vậy làm sao sinh viên có thể tốt nghiệp đúng hạn,0
ngôi trường xinh đẹp với tông màu hồng mơ mộng,2
ngôi trường xanh đẹp rộng có sân bóng đá và hồ bơi đẹp,2
không sao tôi rất chán ngôi trường này nó không tôn trọng học sinh không giải quyết được những vấn đề cấp bách của học sinh,0
hwru là một ngôi trường tuyệt vời và nghiêm ngặt đào tạo ra những kỹ sư thủy lợi giỏi sau 8 năm vật lộn để học và thi cử cuối cùng tôi cũng lấy được bằng kỹ sư cơ khí với lớp tbk,2
trang web của trường liên tục có lỗi nhưng khi nói đến hỗ trợ sinh viên và giải quyết vấn đề phản hồi của trang trường rất hời hợt đăng ký ký túc xá là một lỗi nhưng có đủ danh sách không tạo ra vị thế công bằng cho sinh viên về mặt phúc lợi,0
tôi đã dành cả tuổi trẻ để chụp ảnh hội trường,2
trường đại học thủy lợi là trường đại học số 1 về thủy lợi thủy điện tài nguyên thiên nhiên môi trường phòng chống và giảm nhẹ thiên tai phấn đấu trở thành một trong những trường đại học đa ngành hàng đầu việt nam có năng lực hội nhập cao với hệ thống giáo dục đại học khu vực và quốc tế,2
trường học tệ quá,0
không phân chia thời gian đăng ký hợp lý không tạo điều kiện cho sinh viên năm cuối đăng ký tốt nghiệp sớm,0
trường đào tạo rất tốt với trang thiết bị hiện đại,2
trang web của trường tệ lắm sau khi đăng ký khóa học f5 báo là bạn chưa đăng ký môn nào mất mười phút để tải bảo học sinh cố gắng học lại sao không chú ý đến,0
chỗ đậu xe rộng rãi giá rẻ 2000đ,2
trường đào tạo ra những kỹ sư hàng đầu trong ngành thủy lợi xây dựng kỹ thuật tài nguyên nước thủy điện và một số lĩnh vực khác theo xu hướng của xã hội trường cũng mở thêm nhiều chi nhánh tại,2
trường đại học thủy lợi tên tiếng anh thuyloi university là một trong những trường đại học công lập hàng đầu trong việc đào tạo các chuyên ngành liên quan đến tài nguyên nước đồng thời là trung tâm nghiên cứu khoa học và chuyển giao công nghệ tiên tiến trong lĩnh vực thủy lợi thủy điện và phòng chống giảm nhẹ thiên tai,2
tôi chỉ là sinh viên năm nhất nhưng ấn tượng của tôi về trường rất nhàm chán nếu được lựa chọn lại tôi sẽ chọn học đại học xây dựng chỉ vậy thôi,0
trường đẹp và cổ kính giáo viên nhiệt tình và tận tụy với nghề học sinh chăm chỉ học tập và học giỏi đạt thành tích cao chất lượng giáo dục của trường luôn đứng đầu không có kỳ thi,2
đào tạo chuyên nghiệp vững chắc đa ngành nghề nghiệp độc đáo giáo viên nhiệt tình dạy không vì tiền cơ sở vật chất đầy đủ học phí rẻ nhất sinh viên tốt nghiệp được đánh giá cao về chất lượng một ngôi trường tuyệt vời,2
khuôn viên trường đẹp có sân vận động và hồ bơi trường hiện cung cấp chương trình đào tạo khá đa dạng không chỉ liên quan đến thủy lợi như trước đây,2
màu sắc là bản chất và độc đáo,2
ngôi trường vừa rộng vừa đẹp nhưng gần đây trường mới xây biển tên trường bằng đá sinh tử nói trông không được tự nhiên và đẹp muốn lấy lại biển hiệu cũ,2
phía sau cổng trường là thiên đường đồ ăn vặt xung quanh là nhiều khu thể thao như bóng đá tennis cầu lông nơi vui chơi tụ tập bạn bè,2
trường đại học thủy lợi là trường đại học công lập tại việt nam được thành lập năm 1959 với sứ mệnh đào tạo nguồn nhân lực chất lượng cao nghiên cứu khoa học phát triển và chuyển giao công nghệ tiên tiến trong các lĩnh vực khoa học công nghệ kỹ thuật kinh tế và quản lý,2
vị trí trung tâm thủ đô hà nội khuôn viên đẹp cơ sở vật chất nhìn chung tốt tuy nhiên chất lượng giảng dạy vẫn chưa đáp ứng được nhu cầu ngày càng cao của sinh viên tôi đặc biệt ấn tượng với thầy thanh giảng viên hóa,0
trường đại học thủy lợi tên tiếng anh thuyloi university là trường đại học số 1 về đào tạo nguồn nhân lực chất lượng cao nghiên cứu khoa học phát triển và chuyển giao công nghệ tiên tiến trong các lĩnh vực khoa học và kỹ thuật,2
đại học lớn nhiều người học,2
môi trường học tập và giảng dạy được ban giám hiệu nhà trường đầu tư chất lượng giảng viên và cơ sở vật chất rất tốt học phí rất hợp lý nhiều hoạt động bổ ích được tổ chức thường xuyên để sinh viên có thể giao lưu học hỏi cũng như tích lũy thêm nhiều kiến thức cho bản thân,2
trường đào tạo về cơ bản là tốt ít khuyết điểm tuy nhiên vẫn là con đường kiến thức cũ không có đột phá trong đào tạo khiến sinh viên thiếu kiến thức thực tế,0
trường đại học thủy lợi là trường đại học tại việt nam chuyên đào tạo nguồn nhân lực trình độ đại học và sau đại học về lĩnh vực quản lý khai thác và bảo vệ tài nguyên nước đồng thời là trung tâm nghiên cứu khoa học và chuyển giao công nghệ,2
nhớ báo hiệu vì cảnh sát sẽ bắt bạn vì lỗi này,1
vị trí đẹp rất thích hợp cho việc học tập và nghiên cứu có cây xanh thư viện hồ bơi sân bóng đá sân tennis sân vận động đa năng,2
tôi sống ở cần thơ nhưng tôi nghe nói nhà trường và học sinh đang sáng tạo và sản xuất nước rửa tay để phòng chống dịch bệnh và phát miễn phí cho người dân nên tôi rất hoan nghênh và ủng hộ,2
rất rộng,2
tính đến thời điểm hiện tại về cơ sở vật chất hiện có của trường khuôn viên trường rộng 978 ha phòng học 6700 m2 27 phòng thực hành thí nghiệm với diện tích 5713 m2 ký túc xá 8900 m2 thư viện 1089 m2 thể dục 8222 m2 các hạng mục xây dựng,1
nhà tôi ngay cạnh đây sống cạnh trường từ nhỏ trước đây dễ vào nhưng bây giờ hơi khó vào vì phải là giáo viên hoặc có thẻ sinh viên mới được vào bên trong sạch sẽ và rộng rãi khuôn viên trường nhỏ và có nhiều cây xanh,1
đây là trường đại học lâu đời tại việt nam trường có nhiều cây xanh khuôn viên trường khá rộng đội ngũ giảng viên có trình độ cao,2
trường tuyệt vời mặc dù tôi đã nghỉ một năm tôi vẫn sẽ cố gắng vượt qua vào năm tới,2
quá tuyệt vời trong thời gian học tại trường tôi đã có được những kiến thức vô cùng bổ ích cho công việc hiện tại của mình nếu bạn muốn có một môi trường học tập thực sự và hiệu quả bạn nên đến trường cảm ơn ngôi trường truyền thống của tôi,2
trà đá ở cổng sau ngon quá,2
tính đến thời điểm hiện tại về cơ sở vật chất hiện có của trường khuôn viên trường rộng 978 ha phòng học 6700 m2 27 phòng thực hành thí nghiệm với diện tích 5713 m2 ký túc xá 8900 m2 thư viện 1089 m2 thể dục 8222 m2 các hạng mục xây dựng luôn được nâng cấp,1
trường rộng kiến trúc đẹp nhiều cây xanh bóng mát cổng trường là vườn hoa mát mẻ,2
giảng viên chất lượng đặc biệt bác sĩ vật lý trị liệu không cho phép làm bài kiểm tra vì nhiều lý do vô lý tôi đã gọi tên bạn lần thứ hai và trả lời ở đây và đến gặp anh ấy để nói một câu về việc không làm bài kiểm tra nữa,0
ngôi trường đẹp giáo viên chấm điểm thoải mái và việc học không quá căng thẳng,2
ngôi trường có vẻ cổ kính tôi thực sự thích không gian trước trường trông khá giống một công viên râm mát,2
cơ sở vật chất của trường 910 một số ký túc xá của trường có máy lạnh và nước nóng lạnh,2
trường đẹp và cổ kính khuôn viên rộng rãi nằm ngay trung tâm thủ đô thuận tiện đi lại mọi nơi,2
trường đại học tốt ở hà nội,2
đại học tài nguyên nước có một môi trường tuyệt vời nơi mà cả giáo viên và sinh viên đều tuyệt vời cảm ơn vì ngôi trường tốt này,2
ngôi trường khá lớn và rộng rãi với khuôn viên và cây xanh đẹp tôi thường đến đây để chơi bóng đá,2
trường thì hẹp nhưng vé gửi xe lại rẻ,2
chương trình đào tạo tốt trường rộng rãi nhiều cây xanh có ký túc xá 12 tầng mới xây,2
không gian xanh sạch đẹp,2
trường đào tạo khá tốt nhưng cần đi sâu hơn vào thực hành và thực hành anh trai tôi hiện đang là sinh viên năm 4 ở đây,2
đại học tài nguyên nước là nơi cung cấp bằng cử nhân và thạc sĩ cho những người có tiền trường đại học này làm hỏng hệ thống giáo dục,0
kính gửi nhà trường đội ngũ giáo viên tận tụy và tận tụy tuy nhiên cơ chế đãi ngộ không tốt nên nhiều người nghỉ việc,0
học phí ở mức trung bình được đánh giá là không có hiện tượng tiêu cực đào tạo học viên những kiến thức cơ bản,0
sự kết hợp giữa jfils anstech đại học thủy lợi trong việc phát triển hệ thống xử lý nước thải,2
ngôi trường đẹp quá bạn nên đến thăm đồng thời chúc các em sinh viên học giỏi nhé,2
cách thức hoạt động của phòng đào tạo tệ đến mức không tôn trọng sinh viên,0
trường học đẹp,2
đây là ngôi trường có lịch sử lâu đời tại hà nội nơi đào tạo ra nhiều nhân tài cho đất nước,2
trường học khá mát mẻ học ở đây khá tốt phía sau trường có một khu chợ nhỏ với rất nhiều đồ ăn,2
ngon,2
vệ sinh điện thoại laptop miễn phí tại dienthoaivui,1
ngày nay đào tạo sau đại học khá dễ dàng phù hợp với nhu cầu của những người muốn làm việc trong cơ quan nhà nước,2
vận mệnh năm sau là chuyển mọi người về hưng yên học ai muốn học ở hà nội rồi chuyển trường khác,1
cảm ơn trường đại học tuyệt vời đã tạo nên một hà nội ngập lụt mỗi khi trời mưa,2
tôi thường đến đây chơi nếu tôi đi làm tôi sẽ không còn thời gian hoặc bạn bè ở đây nữa,1
truong hơi nhỏ so với kích thước của nó có một ký túc xá khá đẹp,2
anh trai tôi học ở trường thủy lợi anh ấy rất năng động anh ấy tham gia nhiều câu lạc bộ của trường trường rất rộng,2
trường có vườn hoa phía trước tạo cảnh quan cho trường đội ngũ giáo viên nhiệt tình,2
trường dạy rất tốt chấm điểm rất nghiêm ngặt sinh viên năm nhất như mình trượt rất nhiều,2
lều khá rộng view trước cổng trường khá đẹp và mát mẻ mình thường ngồi đây uống trà đá,2
khuôn viên trường rộng nhưng cơ sở hạ tầng khá tệ và việc xây dựng bị phân mảnh,0
khi bước vào trường tôi nghĩ đó là bãi đậu xe chứ không phải là trường học,0
một ngôi trường đẹp nhiều cây xanh không khí trong lành,2
vị trí đẹp trường có nhiều cây xanh chất lượng đào tạo tốt vote 5 sao,2
trường đại học thủy lợi tọa lạc tại phố tây sơn số 175 tây sơn phường trung liệt quận đống đa hà nội,2
trường rất đẹp ban đầu tôi định học thạc sĩ ở đây nhưng tôi đã bỏ cuộc d,2
trường có truyền thống lâu đời trong việc đào tạo ra những kỹ sư giỏi,2
đẹp nhiều cây xanh mát mẻ có hồ bơi cho sinh viên,2
là một ngôi trường lâu đời chất lượng đào tạo tốt và đa dạng,2
có nhiều kiốt bán đồ ăn nhẹ giá rẻ phía sau trường dành cho học sinh,2
tôi muốn vào trường này nhưng tôi không biết liệu tôi có thể vào được không,1
là nơi tôi đã học có rất nhiều kỷ niệm đáng nhớ và ý nghĩa,2
chất lượng giáo dục tuyệt vời ảnh cũ,2
môi trường đại học tốt và rộng rãi,2
trường không bao giờ bị ngập trường rộng và có nhiều cây xanh,2
ý tưởng khai thác và bảo vệ tài nguyên nước đồng thời đóng vai trò là trung tâm nguồn nhân lực,2
ngôi trường tôi tốt nghiệp yêu thủy lợi,2
khuôn viên rộng cảnh đẹp nhiều đồ ăn vặt ngon,2
trường học tuyệt vời,2
trường học lý tưởng,2
nơi tôi học,1
khuôn viên trường rất đẹp và rộng rãi tọa lạc tại trung tâm hà nội,2
ồ những đám mây đang vần vũ trên đỉnh núi,1
sân bóng rổ hơi xấu và cần phải cải tạo lại,0
không gian xanh thoáng mát và khá sạch sẽ,2
vệ sinh laptop và điện thoại miễn phí,2
tôi nhớ ngày xưa tôi thường đến đây cả ngày để uống trà đá tưới tiêu không có gái đẹp,1
có một sân bóng đá lớn và một hồ bơi đẹp,2
trường đã đào tạo nhiều kỹ sư thủy lợi,2
ngôi trường rộng sạch và đẹp có sân bóng đá hồ bơi mọi thứ,2
đẹp nhưng không có thang máy leo núi khá mệt,0
chất lượng sinh viên tốt tất cả đều có thể tìm được việc làm sau khi tốt nghiệp,2
một trường đại học danh tiếng một thời ở trung tâm hà nội,2
ngôi trường tôi đã theo học trong 534 năm,1
đẹptưới tiêungôi trường này t hktrường đào tạo tốt,2
môi trường rất tốt,2
thật tuyệt vời khi ở ký túc xá số 11,2
ngôi trường khá đẹp,2
bình thường hơi cũ,0
khá nhộn nhịp,2
rất chuyên nghiệp trong lĩnh vực này,2
chất lượng giảng dạy rất tốt,2
là một trường đại học chất lượng,2
chơi pokemongo rất tiện lợi ở đây,2
tuyệt vời ổn lắm,2
water resources university 175 tay son trung liet dong da hanoi vietnam,2
rmit là một trường đại học hoạt động hiệu quả mặc dù họ có thể hữu ích khi thực sự cần thiết tôi đã gặp phải hai vấn đề quan trọng khiến tôi thất vọng và bối rối,2
xin chân thành cảm ơn matty tại student connect vì sự giúp đỡ và hỗ trợ của anh ấy ngày hôm nay kiến thức và lời khuyên của anh ấy thật tuyệt vời và rất được trân trọng mong muốn được bắt đầu học tại rmit vào năm 2025,2
trường đại học này thực sự rất thích tiền và không quan tâm đến phúc lợi của sinh viên họ sẽ chọn lọc sinh viên quốc tế và tìm ra những lỗi nhỏ nhất để đánh trượt họ hãy đọc các bài đánh giá khác để biết những trải nghiệm tương tự tiết kiệm tiền của bạn khỏi trường đại học lừa đảo này và học ở nơi khác,0
vâng có rất nhiều tranh cãi về ngôi trường này sau khi đọc rất nhiều đánh giá tiêu cực tôi quyết định để lại một cái gì đó ở đây để chứng minh rằng nó không tệ như một số bình luận nói,2
tôi không thích chương trình đào tạo kỹ sư dân dụng của rmit vì cách giảng dạy hoặc giao tiếp với sinh viên đội ngũ giảng viên của chương trình đào tạo này là một trong những đội tệ nhất rất thô lỗ họ rất muốn đánh trượt sinh viên hơn là giảng dạy hoặc hỗ trợ,0
các trường đại học được đánh giá thấp như edith cowan tốt hơn nhiều so với rmit họ làm cho một số khóa học khó đến mức 80 trượt để tống tiền và tôi đã nộp đơn vào năm thứ hai nhưng họ chỉ miễn cho tôi hai môn và phải lãng phí cả một,0
tôi đã học ở đây một thời gian và thấy nó không có tổ chức việc thay đổi thời khóa biểu vào phút chót khiến tôi thực sự khó cân bằng công việc các lớp học được chuyển sang các phòng khác mà không có sự giao tiếp vv hầu hết các giáo viên đều nhiệt tình và hiểu biết và bài tập thực tế thì tốt,0
quá thiếu chuyên nghiệp tôi đã nộp đơn xin học khóa thiết kế thông qua chương trình simrmit và đã trả lệ phí nộp đơn là 500 đô la singapore sau đó tôi nộp hồ sơ bao gồm cả hồ sơ năng lực sau vài tuần họ thông báo rằng đơn xin học của tôi không thành công do,0
cơ sở hạ tầng thực sự tốt giáo viên rất nhiệt tình hỗ trợ và hệ thống giáo dục cũng rất tốt cơ sở hạ tầng tuyệt vời khoa tuyệt vời môi trường tuyệt vời tôi đã tốt nghiệp ở đây lễ tốt nghiệp thật tuyệt vời,2
nếu tôi có thể cho 0 thì tôi sẽ cho trải nghiệm tồi tệ nhất trong suốt độ tuổi 20 của tôi và việc chạy quanh đã ảnh hưởng đến sự phát triển sự nghiệp và thời gian của tôi chạy quanh lớn nhất để lấy tín chỉ tôi đã bị ràng buộc với trường đại học để quay lại và hoàn thành bằng cấp của mình vì không có trường đại học nào khác có thể,0
đã cố gắng học ở đây nhưng chỉ được thuyết giảng trong 30 phút về việc khó khăn như thế nào để hoàn thành bằng cử nhân khoa học máy tính và không được giúp đỡ về cách nộp đơn vâng bây giờ tôi đã nói đến bằng cấp từ một trường đại học khác nên,0
nếu tôi có thể để lại 0 sao tôi sẽ làm trải nghiệm của tôi ở đây vào năm 20172018 là một trải nghiệm cực kỳ đau thương và đáng thất vọng nhiều năm sau và khi nhắc lại trải nghiệm ở trường đại học điều đó đã thúc đẩy tôi để lại bài đánh giá này vì rmit và,0
trường đại học có quan hệ với những người cấp tiến cánh tả từ đài truyền hình abc và đóng vai trò là cái gọi là người kiểm tra thực tế cho họ họ cũng có sự hợp tác thúc đẩy lối sống lgbtq điều này rất tốt nhưng lại bị họ lợi dụng rất nhiều bao gồm cả trường rmit trong khuôn viên trường,0
cho đến nay đã bước vào học kỳ 1 tôi thấy trường đại học này rất tuyệt và vô cùng thú vị tôi yêu khóa học của mình và tôi chắc chắn sẽ giới thiệu trường đại học này,2
nhóm nghệ thuật vô tâm của họ đã chấp nhận một số ít nghệ sĩ sáo rỗng và từ chối một câu chuyện thô sơ và mạnh mẽ câu chuyện mà chủ nhân của nó đang đấu tranh với việc tự giải thoát và hy vọng anh ta cố gắng thoát khỏi vỏ bọc của mình để chữa lành sẽ được khuyến khích nhưng không có cơ hội nào được trao cho nghệ sĩ tội nghiệp những kẻ hư hỏng ghê tởm đang điều hành trường đại học này,0
khuôn viên trường đẹp và nằm ngay trung tâm thành phố tôi rất muốn được học tại rmit một ngày nào đó,2
những giáo viên tệ hại không thể dạy đúng cách như họ chỉ bắt bạn làm bài kiểm tra mà không có trà khiến bạn nhớ lại nội dung và rất thụ động họ thậm chí không hoàn lại tiền cho bạn tôi thực sự khuyên bạn không nên đến trường đại học này,0
dự án đường học thuật rmit là một chuỗi các con phố lối đi sân thượng và cầu được kết nối với nhau đồng thời tạo cơ hội cho việc gặp gỡ và thư giãn,2
họ tự cho mình 60 ngày để trả lời email mặt khác họ thông báo cho sinh viên trước 1 tuần,0
trò đùa tuyệt đối lười biếng và thực sự không quan tâm đến thể thao rmit redbacks mất cầu thủ vì sự lười biếng này,0
tôi chưa bao giờ thất vọng với một cơ sở giáo dục nào đến vậy cho đến khi tôi đăng ký khóa thiết kế xây dựng của đại học rmit ngay từ đầu trải nghiệm này thực sự là cơn ác mộng,0
học xạ trị từ năm 2009 đến 2012 tại bundoora thảm họa ngày tôi ghét là đi học ở trường đại học này đội ngũ nhân viên rất phân biệt chủng tộc và không chuyên nghiệp hầu hết người nhập cư đều bị lợi dụng để kiếm tiền họ đã làm bạn thất vọng chỉ để bạn phải trả thêm tiền mạng lưới của họ rất lạm dụng và ngay cả khi bạn kháng cáo cũng rất khó để có được giải pháp,0
tôi ngạc nhiên khi thấy họ tính phí bao nhiêu so với công sức họ bỏ ra để giảng dạy tôi đã mua một khóa học trực tuyến về mã hóa tài liệu khóa học giống như sao chép và dán từ github mà không có phần giảng dạy thực tế tôi thực sự học được hầu hết,0
những tòa nhà đẹp trường đại học tuyệt vời cơ sở vật chất tốt giáo viên giỏi nhất tôi rất yêu rmit,2
toàn bộ bộ phận an ninh không bảo vệ được chống trộm cắp và toàn bộ bộ phận thất lạc không tìm thấy đồ vật lãng phí thời gian và tiền bạc,0
nhân viên thân thiện và dễ chịu nhưng không đáp ứng được nhu cầu của tôi bắt đầu ở đây một thời gian ngắn với tư cách là sinh viên vào đầu năm 2023 và thành thật mà nói tôi nghĩ rằng khóa học tôi bắt đầu học sẽ phù hợp với nhu cầu của mình nhưng thật không may là nó không ở mức độ mà,0
lena nhân viên phúc lợi sinh viên không tỏ ra thông cảm mà còn tỏ thái độ coi thường và khinh thường trong cuộc họp hành chính 11 tôi không chỉ bị từ chối cấp giấy tờ pháp lý ecoe của riêng mình được cho là do trường đại học rmit cấp cho thị thực của tôi,0
quá gắn bó với những người cực đoan cánh tả ghét phải nói điều này nhưng hôm nay ngày 15 tháng 5 năm 2024 những sinh viên giả mạo này đã sử dụng những chiến thuật đe dọa đê tiện đối với bất kỳ ai có quan điểm đối lập với họ thậm chí còn khạc nhổ vào một bà lão lên tiếng về việc họ đeo khăn quàng cổ của người palestine ở trung tâm melbourne,0
tôi ước hệ thống điều hòa không khí thông gió nhiệt tốt hơn đôi khi tôi cảm thấy tòa nhà cần nhiều oxy và ánh sáng hơn khi có quá nhiều sinh viên học tập tại swotvac,0
hệ thống học trực tuyến của họ được cấu trúc tốt nhưng nội dung cho các nghiên cứu sau đại học chỉ ở trình độ trung học phổ thông điều khiến tôi thất vọng là tôi đã trả rất nhiều tiền để xác định các yếu tố của một câu chuyện các khóa học quá chung chung đến nỗi nếu bạn đổi tên bạn thậm chí sẽ không biết chúng được cho là dành cho một ngành nào đó,0
khuôn viên trường rmit nằm ngay trên đỉnh tòa nhà qv nếu bạn đi bộ xung quanh bạn có thể hơi khó tìm nếu không nhìn lên chỉ cần tìm đồ nội thất domayne và bạn sẽ thấy nó ở trên đây là năm đầu tiên con gái tôi học ở đây và cháu rất thích,0
tôi nghĩ ceo cần xem lại cách bộ phận nhân sự trả lời thư email của mọi người họ nói rằng thư của bạn rất thô lỗ nên hãy cân nhắc hơn và xem xét lại hành động của mình nghe có vẻ như là một nơi độc hại,0
khuôn viên trường tuyệt đẹp ở trung tâm melbourne với nhiều tòa nhà sang trọng,2
rmit thà dán băng dính che đi các biển hiệu cho thấy họ hợp tác với các nhà sản xuất vũ khí còn hơn là thực sự thoái vốn khỏi các nhà sản xuất vũ khí đang kiếm lời từ nỗi thống khổ ở gaza,0
đối với bất kỳ người hâm mộ kiến trúc nào tôi thực sự khuyên bạn nên đến và xem những tòa nhà tuyệt đẹp thuộc về rmit bạn sẽ không hối tiếc đâu,2
bạn có thể thấy nhiều kiểu tòa nhà khác nhau nằm ở cbd một số tòa nhà cũ nhưng đẹp,2
rmit nếu tôi có bài phát biểu tại lễ tốt nghiệp của đại học rmit vào thứ tư tôi sẽ nói rằng đây không chỉ là một trường đại học có thứ hạng cao trên thế giới mà đội ngũ giảng viên và hỗ trợ ở đây còn thực sự giúp đỡ bạn khi cuộc sống thường ngày gặp nhiều trở ngại ví dụ,0
cơ sở vật chất tuyệt vời cho sinh viên đại học đắt một chút nhưng đã chứng kiến lý do trường đại học tốt nhất trong thành phố,2
có một nhân viên đi theo tôi đến nhà vệ sinh và hỏi tôi về việc sử dụng nhà vệ sinh trong khi tôi đang ở trong nhà vệ sinh tôi đã báo cáo điều này với student connect và họ nói rằng họ không thể làm gì về vấn đề này họ rất có thể đã có được,0
dựa trên kinh nghiệm cá nhân của tôi tôi không khuyến khích các sinh viên tương lai theo học chương trình sau đại học tại rmit so với các trường đại học khác ở victoria tôi thấy ban quản lý rmit,0
cảm ơn thầy david ở trường này và một giáo viên khác trong lớp ngôn ngữ nhiều năm trước tôi đã học tại rmit do rào cản ngôn ngữ tôi đã từng bị một học sinh nam quấy rối giáo viên nữ trong lớp ngôn ngữ đã cung cấp,0
trường đại học tốt nhất tập trung vào công việc thực tế và nghiên cứu ứng dụng,2
tôi đã từng học nghề điện ở đây và tôi ước mình không làm vậy nơi này thật vô vọng tôi đã có 8 giáo viên khác nhau trong một năm do họ nghỉ việc không ai có thể giúp bạn họ chỉ chuyển bạn đến các khoa khác nhau giao tiếp ở đây kém,0
tôi đã đợi 3 năm để được ghi danh vào chương trình thạc sĩ khởi nghiệp thời trang tại rmit đơn đăng ký đầu tiên của tôi vào chương trình này đã bị từ chối vào năm 2016 nhưng lại được chấp thuận vào năm 2019 ngay cả một số bài giảng trong chương trình cũng không tử tế trong các bài giảng rõ ràng là hành vi không đúng mực đã tốt nghiệp nhưng vẫn không tìm được việc làm phù hợp với bằng cấp đó,0
được rồi đây là những điều khiến tôi phải cho 1 sao 1 nhân viên student connect luôn đến trễ trong các cuộc hẹn của họ họ chỉ định thời gian chờ cho bạn để yêu cầu và họ luôn đến trễ 1030 phút,0
rmit được thành lập vào năm 1887 bởi francis ormond rmit ban đầu là một trường học ban đêm cung cấp các lớp học về nghệ thuật khoa học và công nghệ để đáp ứng cuộc cách mạng công nghiệp ở úc,1
khóa học thiết kế xây dựng tafe thật tệ lịch học không thể có cuộc sống ngoài lớp học chi phí khóa học cao hơn 50 so với các nhà cung cấp khác hơn 250 sinh viên đã đăng ký và chưa đến một nửa trong số đó vào được năm thứ 2 không,0
dịch vụ sinh viên rất kém với tư cách là sinh viên quốc tế chúng tôi đã trả rất nhiều học phí và tôi không nghĩ rmit đáng giá với tư cách là sinh viên quốc tế tôi khuyến nghị các bạn không nên chọn trường này,0
tôi đã hoàn thành 15 đơn vị với trường đại học này tôi chỉ giới thiệu khoảng 4 hoặc 5 đơn vị trong số đó cho người khác vì chúng thực sự được thiết kế tốt cung cấp tài liệu học tập chất lượng và có sự hỗ trợ tốt của giảng viên cho sinh viên các đơn vị còn lại,2
nơi đây đã thay đổi rất nhiều khi tôi học khóa vce vào năm 1998 chúng tôi có một tòa nhà bên ngoài phố elizabeth đại lộ upper victoria và chúng tôi chẳng có gì cả chỉ có một tòa nhà màu cam cũ với lối vào cầu thang ngắn và thế là hết chỉ có 5,0
đối xử tệ hại một trong những cuộc chạm trán tệ nhất từ trước đến nay rmit connect không xứng đáng có việc làm chương trình,0
trải nghiệm kinh khủng tại đại học rmit khóa học của tôi hoàn toàn trực tuyến lúc đầu do covid không phải lỗi của trường rõ ràng là cuộc sống đã thay đổi vì điều đó bây giờ các hạn chế đã được nới lỏng sau 2 năm không có lựa chọn nào cho tôi để,0
là một giảng viên về tiếp thị đại học và chương trình mba sau đại học một cựu sinh viên và cố vấn tôi có khá nhiều hiểu biết về trường đại học có vẻ như sinh viên gặp khó khăn trong việc được hỗ trợ ở đây tôi ước rằng điều đó khác đi tôi chỉ có thể nói rằng,0
thật kinh khủng nếu bạn muốn học tại một trường đại học ở melbourne tôi khuyên bạn không nên đến đây tôi đã học ở đây một năm và tất cả những gì tôi phải nói là họ không có tổ chức giao tiếp kém và rất kém,0
tôi thực sự ngạc nhiên bởi tất cả các đánh giá tiêu cực tôi luôn thấy dễ dàng để nhận được hỗ trợ thông thường tôi sẽ sử dụng trò chuyện trực tuyến và họ sẽ hướng dẫn tôi bất cứ điều gì tôi muốn tuy nhiên tôi đồng ý về một số điểm,2
một trong những trải nghiệm đáng thất vọng nhất mà tôi từng trải qua đầu tiên họ mất hơn 10 tuần để xác minh danh tính của tôi mặc dù đã gửi email theo dõi nhiều lần và hứa sẽ hoàn thành sớm nhưng thực tế không phải vậy sau đó khi tôi tham gia khóa học tại,0
nơi học tệ hại đặc biệt là trong lĩnh vực kinh doanh những người thậm chí không phải là giáo viên nghĩ rằng họ hiểu biết hơn giáo viên và có thể chấm điểm tốt hơn khi rõ ràng là họ không làm được dịch vụ tệ hại cho từng học sinh mặc dù,0
sau khi chấp nhận lời mời học tôi đã liên hệ với họ để đăng ký lớp học sắp bắt đầu nhưng tôi vẫn chưa nhận được phản hồi từ họ nhưng cuối cùng đã phải chờ nhiều giờ trên điện thoại và dịch vụ trò chuyện chỉ để được thông báo rằng đơn đăng ký của tôi chưa sẵn sàng do,0
môi trường hỗ trợ tốt nhất mà tôi từng tham gia các giáo viên thực sự hiểu biết và họ thực sự quan tâm đến sinh viên của mình từ những gì tôi thấy trường đại học này giống như một nơi giúp đỡ nhưng một số người cần điều đó trong cuộc sống vì họ chỉ cần một chút hỗ trợ thêm,2
tôi muốn chuyển tín chỉ từ trường đại học sang rmit họ chỉ cho phép tôi học lớp tại chỗ để học nghệ thuật cho đợt tuyển sinh này hiện tại tôi đang học ở nước ngoài nhưng họ bảo tôi bắt đầu lớp học trong vòng một tháng thậm chí trước khi nộp,0
student connect không thể cung cấp bất kỳ sự trợ giúp nào và họ chỉ đối xử với tôi như một quả bóng đá giữa các khoa khác nhau bạn phải chờ trong hàng rất dài và cuối cùng họ nói với bạn rằng họ không thể làm gì với thái độ kiêu ngạo,0
đây là một trong những trường đại học tốt cơ sở vật chất cũng khá tốt nhưng tất cả những điều này phụ thuộc vào khóa học mà bạn sẽ theo học cũng như loại cơ sở vật chất hoặc tòa nhà mà người ta sẽ sử dụng,2
tôi có một trải nghiệm rất tốt tại rmit với rất nhiều sự hỗ trợ từ giáo viên của tôi đặc biệt là manu atwal manu là giáo viên tuyệt vời nhất mà tôi từng có cô ấy luôn đảm bảo rằng mọi người trong lớp đều hiểu như nhau cô ấy đã giúp tôi và mọi người trong lớp,2
trường đại học tệ hại lợi dụng sinh viên quốc tế và mức học phí cao mà chúng tôi phải trả tôi đã học khóa học của mình với họ và trong suốt học kỳ cuối cùng tôi có một gia sư không những không đến lớp mà còn không lắng nghe và,0
đại học tham lam tham lam đã biến khóa học của tôi hoàn toàn trực tuyến vào năm 2021 nhưng vẫn tính cùng một mức học phí lợi dụng chúng tôi về mặt tài chính và tất cả các lớp học đều diễn ra vào ban đêm vì họ thuê những người có công việc toàn thời gian khác để giảng dạy tại rmit như một công việc phụ lãng phí thời gian và tiền bạc của tôi,0
quan tâm nhiều hơn đến lợi nhuận hơn là chất lượng cuộc sống của sinh viên và chất lượng giáo dục mà họ cung cấp đừng đến đây để học hãy đến để trả tiền cho họ để họ cung cấp cho bạn một tấm bằng có thể giúp bạn có việc làmhoặc có thể không ồ và,0
giáo dục ổn nhưng không đủ nội dung học tập cho khóa học thư viện trực tuyến không đầy đủ không đủ không gian học tập trong nhà tại khuôn viên trường thư viện luôn đầy dịch vụ chậm đặc biệt là thời gian chờ đợi trực tiếp và qua điện thoại đăng ký,0
tôi đã lấy được bằng kép từ rmit cách đây một thời gian bằng cấp khá ổn ban đầu tôi đăng bài này với tư cách là bài đánh giá 1 sao vì hỗ trợ kém trong việc cố gắng lấy tài liệu giáo trình khóa học của tôi nhưng sau đó đã đổi thành 4 sao vì cuối cùng họ đã phản hồi lại tôi một cách toàn diện,0
đã đến tòa nhà rmit 10 tầng 3 phòng 59 để tham quan trường đại học khỏa thân với một người bạn của tôi hóa ra đã có người ngủ trong phòng này rồi không ai tôn trọng việc đặt phòng vào thời buổi này sao do sự vô năng này tôi đã phải hủy,0
trường đại học tệ nhất mà tôi từng học đội ngũ giảng viên của tôi rất tuyệt nhưng trường đại học này lại tụt hậu so với các trường đại học khác những nơi sử dụng công nghệ để hỗ trợ sinh viên tốt hơn rmit cần hướng đến khách hàngsinh viên nhiều hơn,0
theo kinh nghiệm của tôi các giáo sư giảng viên và nhân viên đều tuyệt vời hầu hết họ đều thực sự quan tâm đến sinh viên của mình sự cân bằng tuyệt vời giữa lý thuyết và thực hành trong phòng thí nghiệm đây là một sự tương phản khá lớn,2
giảng viên rất vô ích hầu hết không thể trả lời câu hỏi của bạn và mong bạn tự giải quyết và chúng ta cũng không có nhiều thời gian để tự giải quyết khi xem xét khối lượng công việc mà chúng ta phải làm 70 thời gian chúng ta dành cho,0
tôi đã học cử nhân khoa học máy tính ở đây nó tệ lắm khóa học thì đại trà chất lượng thấp và không được hoàn tiền đó là một trải nghiệm rất khó chịu không khuyến khích đặc biệt là đối với sinh viên quốc tế học toàn phần,0
nhà tôi bị trộm và ví cùng xe gia đình tôi bị đánh cắp tôi đã yêu cầu gia hạn thêm 1 ngày để đánh giá vì tôi cần cấp lại cmnd của mẹ tôi và tôi thẻ ngân hàng yêu cầu bồi thường bảo hiểm và đổi khóa nhà anh ta đã đặt một,0
tôi nghĩ trải nghiệm sẽ khác nhau tùy thuộc vào chương trình bạn chọn đăng ký mặc dù cơ sở hạ tầng và khả năng tiếp cận dễ dàng với các cơ sở chắc chắn là một lợi thế nhưng sự thiếu tổ chức thì không thể tin được hầu hết các giảng viên thực sự,0
một nơi tuyệt vời kỳ diệu có lẽ là thư viện nhà nước tốt nhất mà tôi từng ghé thăm,2
tại sao chỉ có một người làm việc tại student connect business connect khi có rất nhiều sinh viên,0
đối với rmit có rất nhiều đánh giá tích cực và tiêu cực nhưng tôi đang đánh giá như một người bảo trợ đơn giản vì con trai tôi đang học ngành kỹ thuật ô tô vì vậy tôi đã đến thăm trường đại học cơ sở hạ tầng thực sự tốt giáo viên rất nhiệt tình,2
dịch vụ tệ nhất chỉ cướp bóc nhân danh lệ phí nộp đơn,0
đừng phán xạ không đáng để phiền phức tôi đã lãng phí 35 năm để lấy bằng xquang mà tôi không có được cách đây vài năm khóa học đã lỗi thời và chúng tôi không được dạy thực hành đúng cách tôi luôn bị gửi đến các phòng khám xquang mia với những đánh giá không tốt,0
một nơi thực sự tệ để học đặc biệt là những thứ liên quan đến cntt bài giảng được thiết kế kém chính sách kỳ lạ quá nhiều đơn vị không liên quan và giáo viên kém năng lực hầu hết là vậy tôi đoán đây là một trường đại học tốt nếu bạn muốn kiếm tiền,0
học tập ở đây cung cấp một số cơ hội việc làm và có những giảng viên giỏi tuy nhiên trường đại học tính giá cắt cổ không có tiện nghi và sử dụng không gian sinh viên cho các sự kiện riêng tư,0
giờ nó thực sự trở thành một học viện nhồi sọ họ cần cắt giảm tuyên truyền lgbtq ngoài ra các dịch vụ hỗ trợ sơ yếu lý lịch thực sự cần được kiểm tra chất lượng tôi không chắc họ có hiểu lời khuyên mà họ đưa ra một nửa thời gian không,0
một cái cớ tệ hại tuyệt đối cho một trường đại học quy trình tuyển sinh rất khó hiểu và không ai giải thích rõ ràng về cách mọi thứ diễn ra tại rmit các giáo viên tôi từng học đều vô năng thiên vị tự cho mình là đúng và không công bằng với sinh viên họ không giải thích,0
một trường đại học tuyệt vời trong khóa học của tôi có nhiều giảng viên và giáo viên có hàng chục năm kinh nghiệm thực tế trong ngành điều này cho phép họ đào tạo chúng tôi tốt hơn cho môi trường làm việc trong tương lai và kết quả là tôi nghĩ rằng nó giúp quá trình chuyển đổi từ học tập sang làm việc toàn thời gian dễ dàng hơn nhiều,2
tìm hiểu về một khóa học ngắn hạn giống như cố gắng lấy máu ra khỏi đá tôi đã gọi điện vào 2 lần riêng biệt và được một người nói rằng một email sẽ được gửi cho bạn với thông tin về khóa học không bao giờ đến có kiểm tra thư mục thư rác vv sau đó,0
đã dành 3 tuần chờ đợi một khóa học bị hủy liên tục nhân viên từ chối trả lời bất kỳ câu hỏi nào về cách trang web của họ hoạt động qua điện thoại phàn nàn về chính quyền tiểu bang và lãng phí thời gian của tôi tôi đã mất một khóa học nghề,0
trường đại học tốt nhưng báo cáo thường niên của họ nêu rằng vì lý do nào đó rmit muốn có nhiều giáo viên nữ hơn nam thành thật mà nói thì hơi phân biệt giới tính,0
không quan tâm đến việc giúp đỡ mọi người trừ khi liên quan đến lợi nhuận không giúp đỡ khi tôi cần và cuối cùng khiến tôi mất 150 đô la vì người giúp tôi không quan tâm đến vấn đề của tôi với các lớp học và lịch trình vv tham lam vô cảm,0
cập nhật trong vài tuần qua vẫn đang chờ họ nhấc máy một người bạn của tôi cũng đã chờ hơn 38 phút cho cuộc gọi đầu tiên và cuộc gọi thứ hai 15 phút và nhiều cuộc gọi khác sau 30 phút để được bộ phận dịch vụ khách hàngcố vấn khóa học nhấc máy nhưng đã quá đủ rồi,0
thật khó để đánh giá một trường đại học chưa nói đến việc so sánh với các trường đại học khác hầu hết mọi người chỉ học một trường đại học trong đời và họ thường ghét trường đó và nói rằng những trường khác tốt hơn do đó không dễ để đưa ra đánh giá,0
giáo viên và điều phối viên trưởng không quan tâm đến bạn và không đưa ra cách giúp bạn thành công trường đại học đói tiền nhất không khuyến khích học ở nơi khác bạn sẽ tự cứu mình khỏi rất nhiều rắc rối,0
trường đại học này rất tuyệt các giáo viên rất tuyệt vời nhưng so với các trường đại học khác tôi nghĩ họ cần phải cải thiện hệ thống giáo dục trực tuyến của mình tôi không nghĩ rmit đang đầu tư nhiều vào việc cải thiện nó,2
nơi tuyệt vời để học tập trong môi trường thân thiện và nồng hậu,2
thành thật mà nói nếu bạn muốn học chứng chỉ xoa bóp trị liệu thì hãy đi nơi khác giáo viên thì giỏi nhưng chương trình thì tệ và điều phối viên thì chẳng tốt chút nào,0
tôi đã đến ngày hội mở cửa năm 2015 và tôi rất ấn tượng họ có cơ sở vật chất tuyệt vời giảng viên tuyệt vời và nhân viên ở đó rất tử tế và thân thiện sẽ trả lời mọi câu hỏi của bạn vị trí cũng tuyệt vời và gần melbourne central tôi có thể thấy mình sẽ học một khóa học ở đây trong tương lai,2
trường đại học tệ hại không có hỗ trợ sinh viên sau khi bạn đăng ký quấy rối bạn hàng ngày để bạn đăng ký một khi bạn đã đăng ký không có cách nào để liên lạc với họ 18 ngày qua tôi đã viết email để xin lời khuyên về việc đăng ký nhưng không có phản hồi,0
rmit thực sự hiệu quả trong việc xử lý đơn đăng ký của bạn và đưa ra các loại thông báo từ chốiđề nghị tuy nhiên quá trình hoàn tiền rất khó khăn phải mất hơn 7 tuần để xử lý hãy cẩn thận khi bạn mới bắt đầu học đại học và trả tiền đặt cọc,0
một trường đại học có lợi thế học thiết kế ở đây và chắc chắn là khác biệt bạn có được kinh nghiệm trong ngành với các giảng viên dạy bạn không theo cách thông thường,2
tôi đã chuyển đổi ngành kỹ thuật điện sang ngành kỹ thuật điện và điện tử chương trình sau bổ sung thêm 2 khóa học cho tôi mà không báo trước trong khi những sinh viên khác chuyển từ ngành truyền thông sang ngành kỹ thuật điện và điện tử phải chuyển tất cả,0
rõ ràng là những người sáng tạo ra hệ thống tuyển sinh đã không làm tốt trong việc giáo dục của họ phải mất một hoặc hai ngày để hoàn tất một quy trình tuyển sinh đơn giản khi bạn nhận được lời mời bạn sẽ phải làm nhiều việc hơn để thực sự hoàn tất việc tuyển sinh của mình 10 giai đoạn,0
đây chắc chắn là trường tệ nhất mà tôi từng học đã được chấp thuận nghỉ phép nhưng họ vẫn đuổi tôi khỏi chương trình tôi đã đăng ký và không nói lý do chỉ nói với tôi vào phút cuối khi đã quá muộn để quay lại và nói với tôi rằng,0
nếu bạn muốn học hóa học tại trường đại học tôi khuyên bạn nên đến rmit trường có những giảng viên giỏi nhất phòng thí nghiệm với thiết bị ấn tượng và học phí tuyệt vời đây là trung tâm học tập tốt nhất mà bạn có thể tìm thấy,2
đây là trường đại học đầu tiên tôi theo học kể từ khi tốt nghiệp phổ thông trường luôn có một vị trí đặc biệt trong trái tim tôi nếu trường hơi xa thành phố thì sao tôi đã có những kỷ niệm đẹp nhất tại trường đại học này và điều đó sẽ luôn như vậy cảm ơn rmit tôi sẽ luôn nhớ đến trường,2
giáo viên tệ hại với kỹ năng giảng dạy khi họ không biết cách giao tài liệu cho học sinh khó nhờ giúp đỡ luôn cáu kỉnh và dễ bực mình bài tập không liên quan giáo viên thậm chí không cho bạn ghi tên mình xuống,0
tôi thậm chí còn chưa bắt đầu học tại trường đại học và việc điền đơn xin nhập học thật là phiền phức tôi là sinh viên quốc tế và đã phải đến trường đại học 34 lần chỉ để giải quyết các thắc mắc nhỏ về việc nộp đơn xin nhập học lý do không ai từng,0
nhiều sinh viên hiện lật bánh mì kẹp thịt rất giỏi ở maccas hoặc thất nghiệp dán tay vào vỉa hè và những thứ tương tự có học thức nhiều không,0
mặc dù thực tế rõ ràng là các đánh giá này là từ nhân viên rmit ban quản lý thì vô cùng kinh khủng họ chẳng biết gì cả và họ không nói cho bạn biết bất cứ điều gì bạn sẽ không biết gì cả và họ sẽ không giúp bạn đến mức họ sẽ,0
rmit có một phòng thí nghiệm sự thật giám sát và quyết định thông tin sai lệch là gì một doanh nghiệp trị giá hàng triệu đô la đang gánh chịu khoản nợ khổng lồ cho nhiều thế hệ quyết định điều gì được coi là sự thật tôi không thể thấy điều đó có thể diễn ra tồi tệ như thế nào chào mừng đến với tương lai phản địa đàng,0
trường đại học tham nhũng không đủ sự hỗ trợ khi bạn cần và chủ động tìm kiếm tôi kêu gọi tất cả sinh viên quốc tế không nên cân nhắc đến trường đại học này,0
ai còn đi học đại học nữa thật lãng phí thời gian trừ khi bạn học kỹ thuật y khoa hoặc bằng cấp mà nhà tuyển dụng yêu cầu đừng tin vào trải nghiệm đại học hãy xem bạn yêu,0
tôi muốn tham gia trường đại học này nhưng do quản lý kém và trả lời trễ nên tôi đã mất suất nhập học đầu tiên năm 2016 giờ tôi đã cố gắng hoãn học kỳ để có thể nhận được lời mời mới và có thể đóng học phí nhưng vẫn chưa có phản hồi từ phòng tuyển sinh ngoài ra tôi yêu trường đại học này và tôi rất muốn tham gia,0
cơ sở melbourne city nằm ở trung tâm quốc tế của thành phố đáng sống nhất thế giới và được bao quanh bởi phương tiện giao thông công cộng nhà hàng quán cà phê nhà hát phòng trưng bày và công viên cơ sở city của chúng tôi có 45000 sinh viên theo học trên khắp,2
nhìn chung là một trường đại học khá ổn nhưng phòng hỗ trợ ghi danh là dịch vụ ít hữu ích nhất tôi đã vào đó để được trợ giúp ghi danh vào lớp học chờ gần 20 phút chỉ để thấy rằng người phụ nữ ở đó hoàn toàn không biết gì,0
sự cân bằng tốt giữa lý thuyết và kỹ năng làm việc thực tế rmit là một trong những trường đại học lớn nhất của úc cung cấp nhiều khóa học đa dạng trên mọi chuyên ngành,2
rmit là một trường đại học toàn cầu về nghệ thuật và thiết kế khoa kiến trúc của họ thực sự tuyệt vời trường cung cấp nền giáo dục đẳng cấp thế giới với nhiều chương trình thực tập và việc làm tuyệt vời,2
đường dây hỗ trợ của rmit hoàn toàn vô dụng tôi đã dành 2 giờ đồng hồ hôm nay để cố gắng hỏi về tình trạng đơn xin học sau đại học của mình tại trường đại học này và hệ thống hỗ trợ vô dụng của họ chỉ đưa tôi vào một mớ,0
đã nhận được thư mời nhập học từ trường đại học nàytrường nổi tiếng với khóa học kiến trúc nhưng không chắc chắn về chương trình thạc sĩ kỹ thuật xây dựng sau khi đọc các bài đánh giá,0
wow chỉ wow thôi tôi chưa bao giờ nghĩ mình sẽ sống để chứng kiến chất lượng giáo dục kém như vậy ở một đất nước như đất nước chúng ta trong cuộc đời mình tôi,0
dành một năm ở đây để học khóa phân tích thích thú khi thực hiện một số dự án tuyệt vời chúng giúp học được nhiều kỹ năng cuộc sống ở melbourne là một trải nghiệm tuyệt vời,2
bằng cấp của họ là sự lãng phí tiền bạc cách thiết kế và giảng dạy các khóa học thật tệ,0
vì mọi thứ đều chuyển sang trực tuyến do virus một số giáo viên trở nên lười biếng và mất tổ chức tuy nhiên họ vẫn mong đợi học sinh cung cấp chất lượng công việc trực tuyến giống như chúng tôi đã làm với hình thức học trực tiếp,0
trường đại học tuyệt vời tôi đang học năm thứ ba năm cuối chất lượng giảng dạy rất tuyệt vời các giảng viên và gia sư thực sự quan tâm đến sinh viên,2
chỉ quan tâm đến tiền nhân viên thiếu tôn trọng sinh viên và không biết cách dạy cho sinh viên các khóa học có liên quan trong một số trường hợp đặc biệt là cô esposito và cuối cùng là nhìn chung rất thiếu tổ chức và thiếu chuyên nghiệp,0
không tham gia trong bất kỳ trường hợp nào trừ khóa học của bạn bị hủy bỏ ngay từ mũi bạn để bạn không được học trực tiếp trong những năm cuối thích gửi con tôi đến trường quân sự bắc triều tiên,0
giáo viên bị báo cáo nhưng không có gì xảy ra các vụ tấn công trong khuôn viên trường được báo cáo nhưng không có gì xảy ra không có hỗ trợ sau khi tốt nghiệp và không có triển vọng tương lai ở đây,0
đã cố gắng liên hệ với rmit qua trò chuyện đợi hơn 30 phút rồi bị ngắt kết nối giữ máy trên điện thoại trong 60 phút cho đến giờ vẫn chờ không đủ tốt có vẻ như gần như không thể liên lạc với họ,0
không liên lạc lại với sinh viên phải chờ đợi hàng giờ đồng hồ và được yêu cầu kiên nhẫn mà không hề có trách nhiệm gì cả thật kinh khủng khi thấy cách sinh viên bị đối xử tại rmit 0 sao,0
tuyệt tôi sẽ không rời đi nếu tôi không có trách nhiệm gia đình tôi yêu rmit,2
không xứng đáng với tên gọi là học viện công nghệ đầu tiên nếu bạn muốn đăng ký bạn sẽ đăng nhập vào trang web và cảm thấy thất vọng về một hệ thống không thân thiện với người dùng hãy gọi đến bộ phận hỗ trợ khách hàng không có câu trả lời ứng dụng,0
tuần này thật tuyệt vời có rất nhiều thứ để xem và tham gia tôi sẽ lại được tận hưởng việc học,2
trường đại học tuyệt vời về kinh doanh và kỹ thuật vị trí tuyệt vời ngay trung tâm melbourne tôi rất thích thời gian ở đó và gặp được rất nhiều người tuyệt vời,2
đôi khi có thể rất đông đúc nhưng có một nhóm tòa nhà đẹp với nhiều không gian để học tập dễ dàng di chuyển đến phần còn lại của thành phố,2
sống và hít thở luật trong khoảng ba năm tại các hành lang của khuôn viên trường này đôi khi rất căng thẳng nhưng chủ yếu là những trải nghiệm thực tế mang lại sức sống cho luật,0
giao tiếp tệ hại trường đại học tệ hại bất kỳ lựa chọn nào khác cũng tốt hơn nhiều so với rmit,0
trường đại học khổng lồ các tòa nhà nằm rải rác ở trung tâm thành phố melbourne,2
bởi vì tôi sẽ học ngành kỹ thuật hàng không vũ trụ tại rmit đó là ước mơ của tôi và trường này được công nhận đặc biệt về hàng không và là một trong những trường đại học hàng đầu tại úc,2
có lẽ là điều tệ nhất mà tôi từng trải qua trong đời đã ở đây 6 tháng và tôi chẳng học được gì và tôi nhận được những đánh giá không liên quan gì đến chủ đề của tôi mà không có sự hỗ trợ đừng bận tâm nữa hãy đi nơi khác,0
đã đến đó để săn kho báu và tham quan trường học tôi thích nơi đó và được truyền cảm hứng tôi muốn đến đó nếu tôi có một atar tốt và vượt qua năm 12,2
nếu có bất kỳ điều gì liên quan đến những người kiểm tra thực tế tôi sẽ rất cảnh giác với những gì bạn được nghe không hữu ích lắm khi tôi hỏi lễ tân về những người được gọi là người kiểm tra thực tế mà thậm chí còn ngăn tôi đăng bài trên facebook bị cấm 30 ngày,0
yêu rmit,2
trường đại học tuyệt vời để rèn luyện kỹ năng nghề nghiệp con người thân thiện bầu không khí tích cực tôi chuyển đến trường đại học này cùng với bạn tôi từ đại học monash,2
quá trình xử lý đơn cực kỳ chậm đơn của tôi mất 2 tháng chỉ để bị từ chối,0
tham dự một hội nghị quốc tế cung cấp cơ sở vật chất tốt và vị trí trung tâm là một tính năng bổ sung,2
đừng học kỹ thuật ở đây một số giảng viên rất tệ tôi nghe nói các khóa học thiết kế tốt hơn,0
sẽ hơi khó hiểu một chút ở những khu vực đó bởi vì gps không hoạt động bình thường ở đó,0
một nơi hoàn hảo để tiếp thu kiến thức và trải nghiệm đội ngũ giảng viên chất lượng cùng nền văn hóa đô thị tuyệt vời,2
chỉ là một số nhân viên thô lỗ nghĩ rằng họ ở tầng lớp thượng lưu vì họ làm việc tại rmit,0
bầu không khí tuyệt vời để học tập ngay cả khi bạn không phải là sinh viên rmit,2
nơi tuyệt vời để học đặc biệt thư viện được tổ chức tốt,2
trường đại học lớn và có tổ chức giảng viên và ban quản lý tuyệt vời tuyệt vời,2
trường đại học tuyệt vời đội ngũ nhân viên và giáo viên rất tuyệt vời,2
trường đại học lớn với nhiều tòa nhà lịch sử,2
tôi rất thích thời gian ở đây nhân viên và cơ sở vật chất tuyệt vời thích ở giữa thành phố,2
đây là một cái bẫy đó là quyết định tồi tệ nhất của tôi khi theo học tại rmit,0
đây là trường đại học tuyệt vời trong thành phố mặc dù các tòa nhà nằm rải rác khắp nơi,2
nó không làm cho bạn có được những kỹ năng mà bạn cần nhưng hầu hết số tiền bạn nên trả cho họ,0
chỉ quan tâm đến lợi nhuậnphí không giúp ích hoặc cung cấp bất kỳ sự hỗ trợ nào một cách thỏa đáng,0
bài giảng được ghi âm lại và vẫn phải trả cùng một mức giá thật là lừa đảo,0
vụ bê bối kiểm tra thông tin của facebook thật kinh tởm,0
không ngừng cải thiện khả năng tiếp cận và nguồn lực đào tạo ra những nhà giáo dục tốt,2
tràn đầy tuổi trẻ và kiến thức và khói thuốc lá không thể tránh khói thuốc,0
viện rất tệ chỉ mua thứ hạng từ qs,0
trường đại học tuyệt vời với mạng lưới và học thuật tốt,2
vị trí tuyệt vời,2
sự hoàn hảo chương trình kỹ thuật vĩ đại nhất thế giới,2
tôi rất thích việc học ở đây,2
không tốt,0
ước gì tôi chưa từng học trường đại học này,0
một nơi tuyệt vời để học tập,2
giấy vệ sinh một lớp,0
trông nghệ thuật quá,2
dịch vụ khách hàng 0,0
tình yêu ở đây,2
zeng jin là sinh viên đại học tại rmit và nhìn chung cảm thấy rất tốt về nơi này trước hết vị trí rất tốt thuận tiện đi lại và các tòa nhà trên phố swonston đều được kết nối giúp việc di chuyển trở nên dễ dàng,2
khi đi ngang qua tôi đột nhiên nhìn thấy một nơi những tòa nhà nhỏ trên phố được cho là trường đại học không có tòa nhà nào giống hệt như vậy ở melbourne tôi nghe nói rằng nhiều tòa nhà trong số đó được thiết kế bởi những người tốt nghiệp rmit tôi cũng nghe nói rằng đó là một trường đại học rất danh tiếng,2
trường đại học tốt nhất tại melbourne với 150 tòa nhà và cơ sở vật chất hiện đại,2
các khóa học liên kết với nước ngoài giúp nhiều người nước ngoài có được nền giáo dục tuyệt vời hơn đồng thời cũng mang đến cho nhiều người triển vọng và cơ hội tốt hơn để thể hiện trong buổi lễ tốt nghiệp chúng tôi đã được gặp gỡ các giáo sư đã đích thân,2
kiến trúc ở đây rất đặc biệt và mang lại nhiều màu sắc cho melbourne,2
là một trong những trường đại học giàu có nhất melbourne kiến trúc của trường rất đặc biệt và lễ diễu hành tốt nghiệp hàng năm cũng rất ấn tượng,2
không theo lời hứa,0
lễ tốt nghiệp hằng ngày của trường này rất đặc biệt đi dạo quanh trung tâm thành phố quả thực rất hoành tráng,2
royal gần như đã có được học viện công nghệ melbourne ω dù sao thì tôi cũng học ở đây tôi cho năm sao⑧,2
không sao đâu không sao đâu,1
trường học tồi tàn với quá nhiều tiếng ồn,0
tôi đến đây để lấy bằng thạc sĩ,1
đại học ostil,1
hợp nhất,2
bít tết ngon yêu cầu đầu bếp hạn chế nước sốt nơi đáng yêu và yên tĩnh một mặt tôi muốn giới thiệu nhà hàng này mặt khác tôi thích giữ nơi này như góc khuất của mình ồ như thể sẽ có ai đó nhìn thấy bài đánh giá này,2
thật là một nơi tuyệt đẹp mang đến cho bạn cảm giác của venice và hàn quốc vào cửa miễn phí với nhiều hoạt động để làm,2
cũng ổn nhưng đắt lắm v,0
khu vực rộng lớn và đẹp,2
nhà hàng đẹp đồ ăn rất ngon đặc biệt là món thịt bò tên lửa,2
bình thường nhưng nó đẹp,2
đây là trường đại học tốt nhất việt nam trường đầu tiên tại công nghệ hòa lạc bight,2
thật tuyệt vời tuyệt vời tôi thích nó,2
nằm hơi xa trung tâm nhưng tiện nghi tuyệt vời,2
chủ nhật ngày 24 tháng 1 khởi hành lúc 7 giờ sáng từ đại học fpt,1
m e d w std trong trường hợp này,1
đại học fpt nhìn từ xa,1
trường đại học tốt việt nam,2
lớn,2
môi trường tuyệt vời để học tập,2
không chơi quần vợt,0
một trường đại học tuyệt vời tại việt nam,2
nghỉ ngơi,1
thật là một ngày tuyệt vời,2
5 giây,1
trường tốt,2
đại học vĩ đại,2
𝐅𝐂𝐀𝐌𝐏 𝟐𝟎𝟐𝟒 sota k20 độ hot đã đến đỉnh cao với 7749 game lớn cực kỳ cháy,1
tháng 112012 đại học fpt trở thành trường đại học đầu tiên của việt nam được chính thức công nhận đạt xếp hạng đại học quốc tế 3 sao theo chuẩn qs stars một trong những chuẩn xếp hạng đại học hàng đầu thế giới,2
tôi là sinh viên ở đây tôi thấy môi trường đào tạo khá tốt kiến thức thực tế và giáo viên có nhiều chuyên môn tốt nếu sinh viên ở đây muốn học tốt thì phải chịu khó học hỏi nâng cao kiến thức để,2
khuôn viên trường đạt chuẩn quốc tế tầm nhìn tốt phương pháp chuẩn nên con người và cơ sở vật chất rất chuyên nghiệp nhưng vẫn thoáng nếu đi từ hà nội lên đường cao tốc khi vào khu công nghệ cao 15 km rẽ trái,2
gia đình tôi biết đến nhà hàng qua quảng cáo qc trên facebook quán rộng rãi thoáng mát mặt tiền rộng có chỗ để xe hải sản tươi sống,2
hải sản tươi ngon không gian sang trọng thoáng mát sạch sẽ vị trí trung tâm thuận tiện đi lại giá cả hợp lý nhân viên phục vụ nhiệt tình thân thiện,2
mình thấy quảng cáo của quán trên facebook nên khi đến ăn ấn tượng đầu tiên là quán có không gian khá rộng 2 tầng có bàn cho nhóm có chỗ để xe cho khách thực đơn của quán khá đa dạng phù hợp,2
nhìn chung đồ ăn tươi ngon giá cả hợp lý không gian ngồi thoáng mát chỉ tiếc là nhân viên vẫn còn quá thiếu kinh nghiệm trong việc chọn gia vị và chọn đá,2
vừa đến quy nhơn facebook ads đã hiện lên nhà hàng này đến thử mới thấy chất lượng rất tốt nhân viên năng động nhiệt tình đồ ăn ngon nêm nếm vừa miệng hải sản tươi sống,2
hải sản tươi ngon nhất chế biến ngon nhất trong chuyến đi quy nhơn của chúng tôi nhưng lưu ý rằng không phải tất cả hải sản đều tươi ví dụ tôi thấy nhím biển ướp đá tôm hùm nướng phô mai và mỡ hành rất chắc nấu vừa chín tới,2
hải sản tươi ngon nước chấm cũng ổn mình rất thích cách phục vụ của nhân viên ở nhà hàng cực kỳ nhiệt tình và dễ thương,2
đỉnh cao của đỉnh cao đáng để làm quen ai muốn mở nhà hàng nên học hỏi nhiều điều từ nhà hàng khen nhiều quá thì bị chê quán cần mua thêm quạt nhưng vẫn hơi nóng đông khách và bếp gas thì nhiều quá,2
đồ ăn rất tươi và ngon nước chấm đậm đà hợp với hải sản nhân viên ở đây cũng rất nhiệt tình và dễ thương lẩu cua ở đây được giảm giá khi bạn check in tại nhà hàng nên bạn có thể ăn uống thoải mái với mức giá rất phải chăng nhìn chung là một trải nghiệm đáng thử,2
cua trong bể thì tươi nhưng khi chế biến xong thì mang ra cho khách hàng toàn là cua đông lạnh nhà hàng lớn nhưng cách kinh doanh lại lừa đảo khách hàng quá,0
đồ ăn bình thường cháo mặn hầu hết nhân viên là sinh viên nên giá cả khá phải chăng,0
nơi đây thu hút khách du lịch cảnh đẹp hùng vĩ sạch sẽ và an toàn,2
đồ ăn ngon nhưng tôi gọi món cua chiên me vì đầu bếp nấu quá nóng nên cua bị khô và mặn,0
phòng vip thì nóng quá máy lạnh chắc phải mua thanh lý từ 8 năm trước rồi nên không mát món cua giảm còn 149k nhưng khách phải lên facebook để,0
anh minh bán hải sản 349k nhưng 2 người ăn mà không bán tôi đến để ăn và trả tiền chứ không phải để xin nhà hàng tiếc quá không đáng trải nghiệm,0
trường đại học fpt với khuôn viên rộng lớn và môi trường xanh mát là nơi đáng để sinh viên học tập và phát triển những hàng cây xanh mát và hoa tươi tạo nên không gian thích hợp để học tập thư giãn và tận hưởng thiên nhiên,2
đẹp hùng vĩ sản phẩm của vin luôn làm chúng ta choáng ngợp,2
nhà hàng rộng rãi đường ít xe cộ thái độ phục vụ tốt giá cả phải chăng,2
cảm ơn mọi người đã giúp đỡ tôi khi tôi hết xăng trên đường hôm nay thực ra xung quanh chúng ta có rất nhiều người tốt một anh trai tôi chỉ nhớ biển số 34 hai anh chị em lái xe phân khối lớn hai,2
đây là môi trường đào tạo sinh viên tuyệt vời với kiến thức thực tế và đội ngũ giáo viên có nhiều chuyên môn tốt nếu sinh viên ở đây muốn học tốt thì phải chịu khó học hỏi nâng cao kiến thức để đủ trình độ,2
lần đầu tiên tôi đưa em trai đi nộp hồ sơ nhập học tôi thấy trường rất đẹp rộng rãi hiện đại học sinh năng động trường có bãi đỗ xe máy rộng hồ nước rộng nhiều cây xanh gần trường có trạm xe buýt xung quanh trường toàn cây xanh không nhà cửa không cửa hàng,2
logo hình ảnh một đứa trẻ khiến khách hàng phải gọi là mr thật thô lỗ cửa hàng cũng có đồ ăn nhẹ cho chó tôi rất khó chịu,0
ngôi trường tôi đã học thêm 3 năm nữa,1
trường rất đẹp nhiều hoa nhiều cây xanh không khí trong lành nhiều góc sống ảo đầy đủ tiện nghi và môi trường học tập lý tưởng cho học sinh,2
giá cả hợp lý lẩu cua ok nếu check in chỉ mất 149k cho một nồi lẩu 2 con cua,2
ăn ngon ngồi thoải mái có đủ gia vị cho món bò củ chi thích hợp cho nhóm gia đình và tiệc chiêu đãi,2
trường fpt school tọa lạc tại khu công nghệ cao hòa lạc khuôn viên trường rộng rãi đặc biệt là nhiều cây xanh tạo nên không khí trong lành thiên nhiên có bãi đỗ xe rất rộng dịch vụ trong trường rất tốt,2
loại cua nào ngon hơn mua cua ngoài chợ huống hồ là nhà hàng mình không tưởng tượng nổi mình gọi lại nhân viên bảo cua này loại 2 hay loại 3 gì đó muốn ăn loại 1 giá 850k mà chạy quảng cáo đúng 249k con cua này ăn không hết chứ đừng nói đến chuyện tốn tiền,0
nhanh chóng giá cả phải chăng phục vụ trẻ em nhiệt tình,2
hải sản tươi nhân viên nhà hàng lịch sự và dễ thương chưa có nhà hàng nào đào tạo được đội ngũ nhân viên phục vụ tuyệt vời như vậy nhà hàng sạch sẽ tuy nhiên tôi đi vào thứ bảy nên giá hải sản cao hơn nhiều so với,2
trường đại học fpt là một trung tâm đào tạo kỹ thuật công nghệ trường được xây dựng với kiến trúc hiện đại đầy đủ tiện nghi phục vụ cho việc giảng dạy học tập và sinh hoạt của sinh viên cả về kiến thức và thể lực tương đối tốt,2
đồ ăn tươi ngon giá cả hợp lý phục vụ tận tình là nơi lý tưởng để ăn cùng gia đình khi đến quy nhơn sau khi đi nhiều nơi ăn uống mình thấy nơi này rất ổn hy vọng có dịp quay lại quy nhơn và quay lại,2
trường học cực kỳ tệ mạng wifi kém còn chặn cả sóng điện thoại của học sinh khi làm bài kiểm tra học sinh bị chấm điểm và cố tình cho 0 điểm để thi lại,0
rộng rãi sạch sẽ đẹp thoải mái để ăn uống và vui chơi,2
trường f đẹp và rộng rãi nhiều cây xanh nhiều đất nhiều hồ nên không lo kẹt xe vì ở ngoại thành không khí trong lành học sinh trường f rất thích,2
chưa bắt đầu đi học nhưng đọc bình luận thấy khó hiểu quá trước tiên hãy cho trường 1 sao nếu bạn đến lớp và cảm thấy tốt bạn sẽ nhận được 5 sao,0
hải sản tươi ngon chế biến ngon phục vụ nhiệt tình rất hài lòng 5 sao cho nhà hàng,2
đại học fpt hà nội tọa lạc tại khu công nghệ cao hòa lạc thạch thất hà nội là trường đại học chính quy đạt chuẩn qs star tại việt nam,2
đồ ăn ngon phục vụ nhiệt tình sản phẩm tươi ngon giá cả hợp lý nói chung là tuyệt vời,2
có những khoảng không gian trồng cây tạo không gian thoáng đãng giữa các phòng ký túc xá cho sinh viên có đủ bữa ăn nhưng vẫn chưa đủ no,2
tôi chưa bao giờ thấy lẩu cua nào vừa tươi vừa rẻ như thế này giá chỉ 149k quá xứng đáng,2
trường đại học fpt tại khu công nghệ cao hòa lạc cách trung tâm hà nội 30km là một khuôn viên rộng rãi sạch sẽ và đẹp website hanoifpteduvn,2
không gian khá rộng rãi thoáng mát thích hợp cho các buổi họp mặt và ăn uống gia đình nội thất trang trí đơn giản nhưng khá ấn tượng nhược điểm là nằm trong hẻm sâu hơi khó đi nhưng ô tô có thể đi hết vào đó nhiều,2
không hài lòng nhà hàng hải sản ông minh này đăng chương trình khuyến mãi để lừa khách hàng khi nói đến chương trình khuyến mãi khách hàng phải checkin bằng facebook và kết bạn từ 800 người trở lên mới được hưởng khuyến mãi giá bán cao đề nghị nhà hàng nên cải thiện uy tín với khách hàng,0
tệ lãng phí tiền bạc khi vào nhà hàng có mùi rất khó chịu đồ ăn không ngon lắm và đắt một cách vô lý,0
đúng chuẩn bò củ chi đầu bếp lành nghề chủ quán thân thiện và nhiệt tình bạn nên thử nếu bạn đã từng thưởng thức món ăn này ở miền nam bạn nên ghé qua đây để thưởng thức hương vị không thể nhầm lẫn,2
trường đẹp ban giám hiệu tiếp cận nhanh với cơ chế thị trường nhưng nhìn bãi đỗ xe vào ngày họp phụ huynh khiến tôi lo lắng,2
lúc gia đình tôi đến nhà hàng khá đông khách nhưng nhà hàng làm đồ ăn rất nhanh nhân viên phục vụ hơi chậm có lẽ vì nhà hàng đông khách đồ ăn được chế biến rất ngon,2
không gian thoáng đãng rộng rãi khu vực xung quanh hơi vắng vẻ có nhiều dịch vụ đi kèm nhưng không tốt cuộc sống sinh viên khá vui,2
fpt trong lòng người hâm mộ bình yên ngày 8 tháng 9 năm 2020 phạm ngọc đạt rời khỏi đây,1
khuôn viên trường đẹp rộng rãi và rất xanh môi trường học tập và chất lượng giảng viên tốt chất lượng cơ sở vật chất tốt và được đổi mới thường xuyên bao gồm cả sách giáo khoa tuy nhiên trường hơi xa trạm xe buýt,2
khu ký túc xá hòa lạc có diện tích 30 ha thoáng mát nhiều cây xanh gồm nhiều tòa nhà và khu chức năng với đầy đủ tiện nghi,2
đồ ăn tươi ngon nhìn chung giá hơi cao phục vụ nhanh,2
sau vài tuần học tôi thấy một buổi học kéo dài khoảng 2 tiếng hoặc hơn cô oanh dạy rất cẩn thận như,2
có thể coi đây là trường đại học được thiết kế đẹp nhất và lớn nhất việt nam khuôn viên trường rộng đẹp văn minh trật tự và ban giám hiệu mong muốn nhà trường luôn giữ vững những giá trị trên,2
ngôi trường đẹp với cảnh quan thiên nhiên nhiều cây xanh và một hồ sen tuyệt đẹp,2
cảm ơn nhà trường đã cấp học bổng mặc dù em không có mối quan hệ với nhà trường nhưng nhờ chính sách học bổng của nhà trường nên em đã đạt 100,2
nhà hàng đồ ăn ngon nhân viên phục vụ nhanh không gian rộng rãi và sạch sẽ,2
dành cho các bạn ở hải dương và hải phòng không biết đi xe buýt nào đến trường các bạn đi xe buýt để đoàn tụ hoặc bảo họ cho xuống khi đến thăng long,1
không gian rộng rãi đồ ăn ngon nhân viên chu đáo giá cả hợp lý bia hơi hà nội cũng ổn,2
dịch vụ tốt giá đồ ăn bình thường nhưng khá cao so với mặt bằng chung,0
nhân viên phục vụ toàn là người trẻ lịch sự nhưng vẫn còn hơi vụng về ăn ở đây xong mới biết vì sao chi nhánh bình định bị chê nhiều hơn đà nẵng về quản lý nhân viên thì tệ và đặc biệt là bếp không,0
tôi đi công tác ăn tối ở nhà hàng sò điệp sò điệp hàu và cơm chiên cá muối tất cả các món ăn đều ngon họ phục vụ đúng mực bất kể khách ăn nhiều hay ít thành thật mà nói không hề không gian rộng rãi và thoáng mát thể hiện sự tổ chức và quản lý tốt,2
đồ ăn ngon phục vụ thân thiện giá cả hợp lý,2
nhiều người đánh giá là ổn nhưng khi mình đến ăn thì không như mong đợi sashimi và ốc vòi voi nướng thì tệ nhân viên không biết tư vấn món ăn cho khách phục vụ tại chỗ thì bình thường giá cả không rẻ so với chất lượng điểm cộng là nhà hàng rộng,0
trường rất rộng rãi và hiện đại môi trường học tập đạt chuẩn quốc tế,2
không gian nhà hàng rộng rãi thoáng mát nhân viên nhiệt tình đồ ăn ngon và chất lượng tuyệt vời hãy đến và thử nhé,2
nghe giọng cô molii hay quá nên mình phải đăng ký học ngay mình không học trực tiếp được nên phải học online nhưng thực sự không làm mình thất vọng học online khiến mình cảm thấy như học viên vip mình bận rộn trong,2
trải nghiệm không tốt học phí đắt hơn các trung tâm bán lẻgiáo viên khác tôi đã tham khảo giá nhưng tôi đã nhầm tưởng trung tâm này,0
không gian rộng rãi đẹp thích hợp cho các bạn trẻ check in và sống ảo thích hợp cho các gia đình đi chơi cuối tuần gần hà nội,2
cảnh đẹp dịch vụ rất tốt,2
đánh giá 4 sao vì giày quá rộng và làm chân tôi mỏi,0
nhà hàng đi đầu về phong cách phục vụ và không gian rộng rãi thoải mái đồ ăn tươi nhưng chế biến chưa ngon lắm chỗ để xe thoải mái,2
sau khi rời trường tôi nhớ lại,1
tôi vừa ghé thăm cửa hàng và có một vài điều muốn nói 1 giá theo giá hiện tại không như quảng cáo tuy nhiên giá không quá cao chấp nhận được,0
nhà hàng rất chán nhân viên phục vụ quá thiếu kinh nghiệm bếp lên món lâu đồ ăn không có gì đặc sắc khuyên bạn với tầm giá này ở qn thì nên đến quán cá khoi sẽ khác hoàn toàn,0
đồ ăn tươi nhưng không hợp khẩu vị của mình nhân viên cũng nhiệt tình phục vụ nhưng vì quán đông nên lấy cốc đĩa có ống hút hơi lâu không gian quán cũng rộng rãi có nhiều bàn nhưng hơi,2
quán ăn ưa thích của mình và gia đình khi đi ăn hải sản ở quy nhơn đồ ăn tươi ngon giá cả phải chăng nhân viên nhiệt tình vẫn ủng hộ quán dài dài,2
ngôi trường rộng rãi sạch sẽ nhiều cây xanh mang lại cảm giác như đang hòa mình vào thiên nhiên,2
hải sản rất tươi đồ ăn chế biến rất ngon và độc đáo cả nhà có thể thưởng thức lẩu cua 2 con cua thịt chỉ với 149k các món khác cũng rất ngon,2
không gian đẹp thịt bò tươi,2
dịch vụ chậm lúc 8 giờ sáng tôi gọi 2 con tôm hùm 3kg hàu nướng rau bina xào 2 canh ngao đợi 1 tiếng vẫn chưa có đồ ăn không một nhân viên nào hỏi xem có thiếu gì không vẫn chưa có gì được mang ra phàn nàn nhân viên,0
đồ ăn tươi nhà hàng sạch sẽ giá cả hợp lý,2
rocket cow nhà hàng thịt bò non tây ninh thịt bò ngon tươi và ngọt,2
gọi cua gạch chọn cua cái nhưng khi món ăn được mang ra họ lại mang cua đực giá vẫn là giá cua gạch giữa hàng trăm nhà hàng hải sản cạnh tranh làm sao có thể làm ăn gian dối như vậy được,0
cua gạch thì tạm dùng thịt cua loại 1 nhão và nát quán thì nóng không gian không đẹp các món khác cũng bình thường giá cả chấp nhận được ở một nơi du lịch,0
trường đẹp nhiều cảnh đẹp để bạn check in môi trường đào tạo quốc tế ok,2
lẩu cua ở đây khá ngon,2
siêu đẹp,2
không rẻ như quảng cáo giá 850k quán rộng và đông nhân viên sao có thể rẻ được hai quán mình sẽ không ghé quán nữa quán nào làm thế này thì dễ mất khách lắm,0
một ngôi trường danh giá uy tín có còn xứng đáng để mời một kẻ không dám tự nhận mình là ca sĩ và vô liêm sỉ chipoo đến hát cho học sinh nghe không,0
lẩu cua ngon thật,2
trường f vẫn đẹp một cách lạ thường,2
đồ ăn ổn hợp khẩu vị nhân viên nhanh nhẹn nhà hàng rộng rãi giá cả hợp lý đi 10 ngày ăn 14 triệu,2
tuy lẩu cua cho 2 người giá rẻ 149k nhưng tiền nào của nấy cua không ngon các món khác bình thường giá khá cao so với quy nhơn chỉ có điều nhân viên phục vụ rất nhiệt tình và lịch sự,0
giá lẩu là 149k 3 người ăn dù là 2 người hay 1 người đều không bán giá thịt khoảng 750k1kg mọi người phải cẩn thận đừng chạy đến khi thấy quảng cáo là nhầm to đấy,0
tôi rất không hài lòng các bạn rất đẹp trai và xinh đẹp nhưng tại sao tôi không nhận được quà cảm ơn các bạn rất nhiều,0
chạy quảng cáo trên facebook về lẩu cua đồng 150k nhưng khi đến nơi thì chỉ có 350k cho loại rẻ nhất giá các món ăn ở chợ quy nhơn quá cao so với mặt bằng chung,0
nhân viên phục vụ rất tốt chủ quán này có trả tiền quảng cáo không chỉ cần check in là được một nồi lẩu 149k có 2 con cua ngon tuyệt,2
giá hơi cao đúng chuỗi nhà hàng anh minh nhưng với giá này thì quán sẽ không đông khách lắm bạn nên xem lại giá mỗi người 500700k,0
tôi đã học ở đây 4 năm nhưng không nghĩ trường lại tệ đến thế này tôi nghe anh trai tôi hiện đang là sinh viên năm cuối kể lại trường tuyển sinh rất nhiều sinh viên nhưng cơ sở vật chất không đủ đáp ứng số lượng sinh viên mới,0
đồ ăn ra nhanh nhân viên nhanh nhẹn nhiệt tình tuy nhiên vẫn phải bổ sung thêm đũa thìa còn thiếu giá hơi cao,0
đồ ăn ngon,2
khi xem các đánh giá tôi thấy rằng các đánh giá 45 sqo đều khen ngợi khuôn viên trường và đội ngũ nhân viên nhưng không đề cập đến chất lượng giáo dục đây phải là yếu tố được cân nhắc đầu tiên nhưng đọc các đánh giá 1 2 3 sao thì rất dài và phản ánh trọng tâm thực sự vì vậy tôi nghi ngờ mình nên thuê một người đánh giá,0
sò huyết to bằng đũa không ngon ăn một số món ăn không ngon ví dụ nhím biển không nên ăn cùng trứng vì không thể nhìn thấy hết trứng mất đi hương vị của nhím biển không biết nhím biển có tươi hay không,0
giáo viên thường được thuê từ các trường khác mà không có nhiều chuyên môn sư phạm đặc điểm của trường là đào tạo nghề không phải nghiên cứu chuyên sâu như vai trò của một trường đại học,0
hải sản tươi sống giá cả phải chăng không gian rộng rãi,2
cảnh đẹp quá,2
nhân viên hỗ trợ nhiệt tình,2
các con số thì ổn phiên bản beta thì rất cũ,0
nhà hàng ngon check in vào nhà hàng là được ăn lẩu cua ngon giá 150k nhà hàng mát mẻ nhân viên phục vụ tốt,2
lúc đầu tôi thấy nhân viên chạy quanh và khen tôi rất nhiệt tình nhưng sau bữa ăn hôm nay tôi cảm thấy cực kỳ tệ,0
7 năm ở đây cũng là khoảng thời gian yêu ghét của tôi tôi hy vọng trường tiếp tục phát triển và lắng nghe ý kiến của học sinh nhiều hơn yêu trường,2
dịch vụ ổn có nhà vệ sinh lều đẹp và sạch sẽ phục vụ rất chu đáo và nhiệt tình,2
một nơi tuyệt vời để cắm trại và tổ chức các hoạt động ngoài trời hầu hết các nhóm cắm trại cũng rất có ý thức không sử dụng loa di động hoặc xả rác bạn nên trang bị lều vệ sinh và thiết bị vệ sinh vì địa hình thoáng và để,2
đồ ăn chế biến khá ngon món cá nướng hơi tệ nhân viên rất nhiệt tình nhà vệ sinh hơi bẩn,2
không khí rất tự nhiên thoải mái,2
đồ ăn ngon cũng tùy khẩu vị giá cả cũng bình thường,2
sáng nay mình đã đến đó chơi rất đẹp và thú vị có nhiều trò chơi cảm giác mạnh rất vui thật tuyệt vời,2
rất tệ trường chỉ tuyển sinh rồi gửi sinh viên năm 2 vào làng đại học để hoàn thành việc học giáo viên cực kỳ tệ trong 100 giáo viên thì có 10 giáo viên giỏi nói chung là chán ngắt trường có 3000 học sinh 5000 trẻ em,0
đồ ăn thì tạm ổn nhưng khi mua hải sản thì nhân viên tính tiền rất tệ cẩn thận kẻo mất tiền oan,0
trải nghiệm rất tốt với hải sản tươi ăn ngon nhưng vì nhà hàng đông đúc và lớn nên nhân viên phục vụ không giúp được gì nhà hàng hơi bừa bộn sàn nhà bẩn và kinh tởm,0
đẹp quá các bạn ơi,2
giá thực tế cao hơn giá niêm yết trên website nên phải niêm yết giá thực tế so với giá thì ốc cua nhỏ lắm để mình ăn thử không có ý định thưởng thức lại phục vụ nhiệt tình,0
nhà hàng đông khách nhưng phục vụ nhanh nhân viên nhiệt tình hải sản tươi ngon,2
người như thế nào giỏi kiếm tiền để dụ gà người như thế nào tuyển một đám sinh viên mới rồi đuổi những sinh viên năm 3 đang ở trong ký túc xá,0
dự án đẹp có bãi biển tạo sóng công viên nước khu vui chơi giải trí rất đáng đầu tư,2
trường đại học rộng lớn khang trang và đẹp đẽ được nhiều người ưa chuộng,2
không gian ở đây rất rộng rãi thoáng mát phòng học rất rộng và hiện đại chi phí học tập tại đây khoảng 12 triệutháng đối với học sinh ngoại tỉnh,2
trải nghiệm tệ gọi 4 lạng mực nhưng chỉ ăn được vài miếng 4 đầu mực nhưng chỉ ăn được vài miếng thân gọi 32 lạng cua nhưng cân thì chỉ được 12 lạng trời ơi giá đắt kinh khủng,0
thật tuyệt vời đồ ăn ngon nhân viên nhanh nhẹn,2
nhà hàng rộng rãi đồ ăn ngon giá cả rất hợp lý nhân viên vui vẻ,2
các món ăn khô dùng kèm với bia tươi thì rất ngon nhưng việc không có bia khiến việc xào trở nên hơi rườm rà,0
việc quản lý giáo viên trong trường học còn kém gây áp lực chèn ép học sinh bộ phận quản lý học sinh xử lý vấn đề còn kém chậm trễ không muốn giải quyết vấn đề,0
phục vụ quá chậm tôi chưa ăn hết sau 1 tiếng kể từ khi gọi món đồ ăn theo khẩu vị miền nam khá ngọt và chua,0
không gian mở đồ ăn tệ dịch vụ không linh hoạt giá cao so với quảng cáo nhìn chung sẽ không quay lại,0
không gian rộng lớn ở tây hồ,2
rất đông đúc nhân viên nhiệt tình đồ ăn ngon giá cả chấp nhận được,2
nếu bạn đi cắm trại vào buổi tối thì cũng không saođường đi hơi khó khăn đối với người mới lái xe,0
thức ăn bình thường ấn tượng bởi dịch vụ nhanh chóng,2
đồ ăn khá độc đáo nhưng hương vị chỉ ở mức trung bình và không có đủ món ăn trong thực đơn giá khá đắt mặc dù vị trí không đẹp lắm dịch vụ nhanh và chu đáo,0
hải sản tươi sống nhiều chương trình khuyến mãi hấp dẫn,2
mọi thứ đều khá ổn có một món lẩu hải sản không ngon lắm,1
cửa hàng lấy fb của khách hàng và ghi giá gốc của rong biển là 890k nhưng khi thanh toán thì lại là 1290k,0
đẹp và thoải mái,2
nhà hàng đông khách đồ ăn khá đắt phục vụ rất chậm không có nhân viên trực để đáp ứng yêu cầu,0
địa chỉ không phải là thật,0
không như quảng cáo không khác gì trường dạy nghề học phí quá cao chất lượng thì tệ đồ ăn thì như nhai sỏi,0
mình là người mới bắt đầu học tiếng trung nên mình đã tìm hiểu rất kỹ trước khi đăng ký học sau đó mình đăng ký học tại trung tâm molii và rất may mắn khi gặp được cô giáo chủ nhiệm phạm tố oanh đã hướng dẫn và biên tập bài học rất tốt rất chi tiết hướng dẫn bài học rất chi tiết và dễ tiếp thu,2
đồ ăn ngon và rẻ nhà hàng rộng rãi nhưng nếu ngồi trong phòng máy lạnh thì phải trả thêm 10 phí dịch vụ,2
tôi đang tìm hiểu để xin cho con tôi vào học nhưng sao tôi thấy mọi người chỉ trích fpt nhiều thế học phí cao mà bị chỉ trích như thế này có vẻ không ổn,0
không gian rộng rãi thoáng đãng trong lành và yên tĩnh không có nhiều cây xanh ít cây cổ thụ vì thời gian phát triển chưa dài môi trường học tập năng động hiện đại rộng rãi giảng viên nhiệt tình và nhiều hoạt động giảng dạy thực hành,2
em đã tìm hiểu và biết đến trung tâm sau một thời gian em học trực tuyến và vẫn rất tốt hai cô giáo chủ nhiệm là cô thanh nga và cô nguyễn hà nhiên đã hướng dẫn và chỉnh sửa rất chi tiết cảm ơn molii,2
đồ ăn đắt và tệ món salad lòng sống một số người trong nhóm chúng tôi bị đuổi đi lối vào sâu dịch vụ chậm và rất thiếu chuyên nghiệp,0
khuôn viên trường rộng nhiều cây xanh rất thoáng mát nhưng đúng là chúng ta đang lấp hồ có gió nhưng không có nước,1
cảnh đẹp nhân viên phục vụ nhiệt tình vui vẻ và chu đáo nên đến trải nghiệm,2
chương trình đào tạo có nhiều phần rườm rà không cần thiết không tập trung sâu vào chuyên ngành đội ngũ giảng viên không đồng đều chất lượng giáo trình tốt không gian học tập tốt ký túc xá nghèo nàn đắt đỏ đồ ăn căng tin bẩn giá cao,0
tôi không hài lòng với tên của trang bán hàng nó không tập trung tính toán sai thậm chí nó còn lan đến tận nhà tôi và gây hỗn loạn khiến mọi người không chú ý khi tôi đến cửa hàng để mua hàng từ đại lý,0
đại học fpt rộng rãi thoáng mát cơ sở vật chất tốt nhưng hơi bất tiện cho người đi phương tiện công cộng,2
nhà hàng vois với nhiều món ăn độc đáo sạch sẽ đến từng centimet không gian rộng rãi thoáng mát,2
đi bộ hơi mệt,0
đồ ăn ổn không gian rộng rãi nhưng nhìn chung giá hơi cao,1
trường học giống như một db số lượng tuyển sinh có hạn cơ sở vật chất xuống cấp thiếu hụt nguồn nhân lực và học phí liên tục tăng,0
đại học fpt có một khoa tư vấn rất chán những điều cần trả lời thì không trả lời đúng trọng tâm chỉ đưa ra lời khuyên ở một nơi khác nói mà không cần người nghe không cần người hỏi chỉ nói đại khái như vậy chưa từng thấy lời khuyên nào như vậy ở bất cứ đâu nói át người khác mà không biết người kia nói gì,0
trường đẹp quá d,2
được biết là trường đại học của tập đoàn fpt phần mềm học trực tuyến không hỗ trợ mac khi tôi yêu cầu hỗ trợ bộ phận cntt bảo tôi mua máy tính mới,0
bếp sang long có tại fpt bếp từ công nghiệp,1
hải sản tươi ngon chúc cửa hàng bán chạy,2
nhà hàng thoáng mát và nhân viên phục vụ chu đáo,2
ăn uống gây táo bón trong 2 ngày chán,0
thức ăn tươi phục vụ nhanh giá cả hợp lý,2
lĩnh vực chân lý không giống như tiếp thị và quảng cáo quá chú trọng đến học phí và doanh thu trong khi bỏ qua chất lượng,0
dịch vụ thanh toán có nhiều lỗi,0
mẹ của djt tăng học phí một cách vô lý,0
cao đẳng fpt thực sự là lựa chọn tuyệt vời cho con em chúng tôi tôi đã có cơ hội đến thăm trường và phải thừa nhận rằng mọi thứ ở đó đều vô cùng ấn tượng đầu tiên không gian học tập và tiện nghi tại fpt rất hiện đại và đẳng cấp tôi,2
theo tôi cao đẳng fpt có chương trình học thực tế rất tốt cho sinh viên cơ sở vật chất ổn định giáo viên đều vui vẻ và nhiệt tình,2
trường rộng thoáng rộng rãi khu vực cổng vào gần đường trịnh văn bơ trước đây giờ tan học của trường trùng với giờ tan học của sở nên đi qua đây là,0
trường đẹp cơ sở vật chất hiện đại ảnh dưới là phòng thực hành của ngành khách sạn,2
bỏ qua chất lượng đào tạo thực tế không giống như khi giới thiệu và mời các ứng dụng,0
tôi là cựu sinh viên của trường cao đẳng fpt polytechnic học ở đây cơ sở vật chất rất tốt các thầy cô rất nhiệt tình hỗ trợ và có lộ trình học rõ ràng ngoài ra trường có nhiều hoạt động thú vị và bổ ích đạt 100 điểm,2
thất vọng giáo viên dạy rất nhàm chán một số môn học không áp dụng được chút nào,0
trường dạy rất tốt các giáo viên rất tận tâm tôi đã hỏi bạn bè đang học các chuyên ngành khác và tất cả đều nói như vậy nhìn chung trường rất tuyệt,2
dùng thời gian học để đánh giá thực sự khiến tôi thấy tệ thật tệ khi tuổi trẻ của tôi đã học ở ngôi trường này tôi không biết các ngành khác thế nào nhưng nếu một ngành đang hot mà giảng viên lại thiếu kiến thức nghiêm trọng thì thật tệ,0
tài liệu giáo trình bài giảng cả trực tiếp và trực tuyến đều cũ và có nhiều lỗi có nhiều giảng viên dạy kém lười biếng thiếu tâm huyết cưỡi ngựa ngắm hoa thảo luận những vấn đề không liên quan đến chuyên môn của mình,0
ngôi trường thật đẹp đang háo hức chờ ngày khai giảng,2
mạng lưới trường học tệ quá có hàng tỷ lỗi tôi không muốn nói về nó,0
ngôi trường mới rộng rãi tốt,2
trường học thu hút gà và hoạt động như một cc chỉ có tiếp thị tốt mới thu hút được học sinh,0
trường max rất tuyệt vời bạn nên học ở đây,2
dịch vụ tốt sản phẩm tốt như mong đợi đạt muaaa,2
trong khi học ở trường các giảng viên gây rất nhiều áp lực cho sinh viên trong khi nhóm không làm gì cả,0
nhà trường chỉ tống tiền học sinh,0
cố gắng thu hút tiền như chơi,0
dell hiểu tại sao lại có kiểu gọi điện khi nghỉ phép khi mình ốm mình chỉ gọi về nhà bố mẹ mình vẫn đang làm ăn ở nhà nên mình chỉ gọi điện cho ông bà để chăm sóc nhưng thái độ của người gọi điện tệ quá mình sẽ từ bỏ dịch vụ ngay lập tức mà bắt giữ,0
sau khi học ở đây tôi thấy môi trường đào tạo rất tốt,2
về phía btc một cuộc thi chúng tôi vô tình thấy học sinh trường của thí sinh bình luận cực kỳ thiếu văn hóa,0
trường đào tạo trung bình cơ sở vật chất tuyệt vời thì khỏi phải nói nhưng trường được mkt thổi phồng quá mức qua phương tiện truyền thông tiền của học viên được chi vào việc mời ca sĩ nổi tiếng để pr và người ngoài thì cứ muốn vào,0
hiểu rồi,1
sai địa chỉ không biết lừa đảo gì địa chỉ đúng là trịnh văn bơ phương cảnh nam từ liêm hà nội,0
nếu địa chỉ sai hãy vào google map nếu bạn muốn tìm đúng chủ nhà xóa chữ college và nhập fpt polytechnic,1
học tiếng anh rất thú vị,2
ngôi trường này đẹp quá,2
chiếc xe của moe bị điên và gặp phải một địa chỉ giả cay,0
được rồi hahahahaha,1
xử lý vấn đề trì trệ một cách chậm rãi,0
chỉ đường đến địa chỉ sai khá xa,0
trường học của cunt,1
bạn không nên học ở đây,0
trường này tốt,2
mãi mãi yêu fpt polytechnic,2
vị trí sai,0
chán,0
địa chỉ sai,0
không có thật,0
thứ tư trường học thật là chậm,0
mọi người đều sai,0
trường học như cec,0
ồ,1
sai,0
lừa dối,0
trường đại học thương mại gọi tắt là vuc là trường đại học công lập trực thuộc bộ giáo dục và đào tạo được thành lập năm 1960 trong chặng đường 50 năm xây dựng và phát triển trường đã xây dựng được chương trình đào tạo đa dạng với,2
đây là một trong những trường đại học lớn nhất ở việt nam tôi đã ở đó từ khi còn nhỏ cho đến khi tốt nghiệp bằng mis yêu nơi này rất nhiều ngay cả trong mùa mưa,2
cảm ơn vì góc nhìn đẹp trường đại học của tôi,2
bt,1
đầu trang 1,1
cảm ơn vì đã chia sẻ trường học của tôi,2
chúc vui vẻ,2
vtt,1
trường đại học của tôi nhưng không thực sự là giấc mơ của tôi,0
vip,2
cảnh rất đẹp,2
hoàn hảo một triệu tình yêu,2
mk thích lam,2
anh,1
nhiều cô gái xinh đẹp,2
đại học lớn,2
dai hoc tot,2
trường đại học đẹp của việt nam,2
tốt nhất để học tập,2
tự nhiên,1
đúng,1
chỗ tốt đấy,2
trò chuyện,0
trường tốt lắm,2
sc,1
không bao giờ quên,1
đại học thương mại việt nam,1
địa điểm đúng,2
chương trình tham quan thực tế tại doji jewelry group giúp sinh viên hiểu rõ hơn về môi trường làm việc giá trị và văn hóa,2
trường đại học thương mại tmu là một trong những trường đại học hàng đầu tại việt nam về kinh tế quản lý và kinh doanh trường nổi tiếng với cơ sở vật chất hiện đại và khuôn viên xanh đẹp tạo điều kiện học tập tốt cho sinh viên tmu,2
là một sinh viên của trường từ năm 2022 trường sẽ được nâng cấp cơ sở vật chất và trang thiết bị học tập hiện đại là một trường kinh tế trường cung cấp nhiều chương trình đào tạo kinh doanh sinh viên năng động và giáo viên trẻ tuy nhiên nếu nền kinh tế hàng đầu tại hà nội có lẽ nằm trong phạm vi trung bình,2
trường đại học thương mại tọa lạc tại quận cầu giấy hà nội là một trong những trường đại học công lập hàng đầu tại việt nam về đào tạo các ngành kinh tế quản lý và thương mại với hơn 60 năm phát triển trường đại học thương mại đã khẳng định được vị thế của mình,2
tôi mong con trai tôi có thể thực hiện được ước mơ của mình vì mục đích chính của cháu là học tại trường thượng mai đại học sau nhiều tháng miệt mài và không có thời gian ba lựa chọn của con trai tôi là sạch sẽ và chính xác tôi chúc con có một cuộc sống tươi đẹp ở đây,2
cơ sở vật chất trường đẹp đặc biệt là thư viện chất lượng đào tạo tùy thuộc vào giáo viên và ngành học nhưng phần lớn,2
trường tôi theo học phải được đánh giá 5 sao trường có nhiều nơi đẹp để check in và chụp ảnh trường tôi chiều chuộng học sinh vào thứ hai không ai chiều chuộng vào chủ nhật,2
nhà trường đầu tư rất nhiều vào cơ sở vật chất và môi trường học tập khi nói đến sự nhiệt tình thân thiện và chiều chuộng học sinh của giáo viên t school là số 2 và không ai là số 1,2
không gian pha trộn giữa cổ điển và hiện đại tôi đến trường vào một ngày nắng đẹp mặc dù tôi không học ở trường tôi đã gặp một số giáo viên và thấy họ rất thân thiện và các sinh viên cũng vui vẻ và nhẹ nhàng,2
mình sẽ cập nhật khá nhiều thông tin chi tiết về trường cho các bạn vì mình thấy các đánh giá ở đây rất thân thiện mình cho 1 sao vì nhiều người sẽ đọc phần này nhưng thực tế mình cho 25 sao,2
trường có cơ sở vật chất hàng đầu và xứng đáng với số tiền bỏ ra,2
tôi chào thương mại vào sáng sớm khi mặt trời chiếu sáng hãy thêm vàng vào các thanh cửa sổ khi cây polyscias fruticosa già nua một nửa màu tím,2
học phí đi kèm với chất lượng đào tạo và cơ sở vật chất ngày càng được nâng cấp,2
trường học tốt nhưng bắt học sinh phải đến trường lúc 630 sáng ahhhhhhh,2
ngôi trường tôi theo học có khuôn viên xanh thoáng mát nhiều địa điểm checkin đẹp không gian kết hợp giữa cổ kính và hiện đại,2
đã hơn 3 năm rồi tôi mới có dịp quay lại trường để tham dự hội nghị bây giờ trường rất đẹp và hiện đại đặc biệt là tòa nhà thư viện mỗi tầng có không gian khác nhau nội thất mới và là,2
trường đại học thương mại là trường đại học công lập đa ngành nằm trong top 5 trường đại học tốt nhất việt nam về các ngành kinh tế kế toán quản lý kinh doanh và thương mại,2
môi trường sạch sẽ mọi người đều thân thiện từ con người đến cảnh vật tạo nên môi trường năng động trẻ trung cho học sinh thúc đẩy sự sáng tạo và học tập tốt hơn,2
đại học thương mại là ngôi trường tôi gắn bó suốt 4 năm tuổi trẻ có rất nhiều kỷ niệm vui buồn mà tôi đã cùng nhau trải qua đây là lựa chọn hàng đầu cho những ai muốn học kinh tế kế toán,2
tuổi thơ tôi gắn liền với ngôi trường này nếu có thể quay ngược thời gian tôi vẫn sẽ quyết định chọn và học tại ngôi trường đó biết bao kỷ niệm đẹp của thời sinh viên đã được tạo nên từ đây nhớ những bài học phải leo lên đến lớp 7,2
giáo viên vpt là giảng viên sau đại học tệ nhất và vô trách nhiệm nhất mà tôi từng thấy tôi đã tham khảo ý kiến của nhiều giảng viên và cũng tham khảo ý kiến của nhiều trường khác nhau nhưng chưa bao giờ thấy ai vô trách nhiệm với sinh viên như vậy,0
trường đại học thương mại có cơ sở chính đặt tại số 79 phố hồ tùng mậu phường mai dịch quận cầu giấy thành phố hà nội với tổng diện tích 84000 m2 trường là một trong những trường đại học có cảnh quan đẹp nhất và,2
trường đại học thương mại sáng thứ năm ngày 28 tháng 11 năm 2019 chúc nhà trường ngày càng phát triển và thành công hơn nữa trường rất đẹp và trang nghiêm các bạn sinh viên rất thân thiện và xinh đẹp chúc mừng,2
trường đại học tôi đang theo học đó là nơi đã dạy tôi rất nhiều điều tôi có bạn bè mới giáo viên mới và môn học mới rất tốt để học,2
trường siêu đẹp cơ sở vật chất đầy đủ bàn ghế chất lượng đi học là không muốn ra khỏi lớp,2
trường có rất nhiều nam nữ thanh niên và thời gian tôi gắn bó với trường trong một thời gian dài đã trôi qua với cảm giác phấn khích,2
79 hồ tùng mậu cầu giấy 3427 km hà nội 100000 trường to và đẹp,2
thư viện căng tin và quán bia tốt hơn nhiều so với khi tôi tốt nghiệp vào năm 2016,2
ngôi trường đẹp rộng rãi và đang phát triển từng ngày,2
vị trí đẹp cơ sở đào tạo chất lượng,2
trường học ổn nhưng bạn phải học một chút vào sáng sớm,1
trường rộng rãi cơ sở vật chất tuyệt vời vừa cổ kính vừa hiện đại chất lượng giảng dạy tốt giáo viên chu đáo thân thiện nhiệt tình với học sinh xứng đáng để lựa chọn cho 4 năm đại học,2
em là sinh viên trường đại học thương mại k44 khoa b mặc dù lúc đầu em nộp hồ sơ xét tuyển đại học lựa chọn nguyện vọng theo lời mời của con bạn thân nhưng sau 6 năm ngồi,0
ngôi trường thân yêu của tôi luôn luôn 5 hihi,2
ngày 119 trường đại học thương mại đã tổ chức lễ khai giảng năm học 2018 2019 sự kiện có sự hiện diện của phó chủ tịch nước đặng thị ngọc thịnh gsts nguyễn thị doan nguyên phó chủ tịch nước chxhcn việt nam,1
trường đại học thương mại có cơ sở chính đặt tại số 79 phố hồ tùng mậu phường mai dịch quận cầu giấy thành phố hà nội với tổng diện tích 380000 m2 trường là một trong những trường đại học có cảnh quan đẹp nhất và,2
trường đại học thương mại tên tiếng anh thuongmai university hoặc vietnam university of commerce là trường đại học công lập nằm trong hệ thống giáo dục quốc dân của nước cộng hòa xã hội chủ nghĩa việt nam,2
chất lượng đại học thương mại đội ngũ giáo viên nhiệt tình và tận tâm cơ sở vật chất đầy đủ 4 năm kinh nghiệm với tmu tuyệt vời,2
trường có chất lượng đào tạo và cơ sở vật chất tốt đội ngũ giáo viên nhiệt tình,2
gần 20 năm trôi qua tôi sắp quay lại đây để tiếp tục học tập ngôi trường đẹp và hiện đại hơn trước rất nhiều,2
thư viện mới của trường rất đẹp và hiện đại một nơi lý tưởng để học tập,2
nhân viên thân thiện đồ uống giá rẻ không khí trong lành,2
ngập lụt khi mưa lớn và vấn đề này vẫn chưa được giải quyết,0
79 hồ tùng mậu trường học khá đẹp và con người cũng rất đẹp,2
một ngôi trường đẹp đa dạng về không gian học tập không gian trải nghiệm nhiều hoạt động thú vị tmu thật tuyệt vời,2
anh yêu em nhiều như em vậy,2
cơ sở vật chất của trường rất tốt và giáo viên rất nhiệt tình,2
một góc nhìn từ xa của trường đại học thương mại,1
tôi ngay lập tức cảm nhận được sự phấn khích và năng động của môi trường học thuật không khí tràn ngập âm thanh tươi mới của tiếng mở sách tiếng cười của sinh viên và những cuộc thảo luận sôi nổi,2
tmu sạch sẽ và thoáng mát,2
tmu có khuôn viên trường đẹp sạch sẽ và các sinh viên nữ cũng xinh đẹp không kém,2
trường tốt nhưng học phí đắt,0
nhà trường luôn chiều chuộng học sinh số 1,2
trường đại học thương mại là trường đại học đa ngành đa lĩnh vực chất lượng cao hoạt động tự chủ có trách nhiệm và tự chịu trách nhiệm để đảm bảo cơ hội tiếp cận giáo dục đại học cho các đối tượng chính sách và hộ nghèo1,2
ngôi trường mới được nâng cấp xanh sạch đẹp có cơ sở vật chất tốt,2
ngày xưa một học sinh có nhiều cảm xúc,2
chúng tôi đã học 4 năm tại ngôi trường thân yêu này thời gian trôi qua thật nhanh 20 năm đã trôi qua,2
trường học ngày càng có nhiều cơ sở vật chất đẹp hơn,2
ngôi trường tuyệt vời nơi tôi đã học,2
có rất nhiều kỷ niệm đẹp ở đây,2
trường học sạch đẹp giáo viên rất nhiệt tình,2
cơ sở vật chất hiện đại giảng viên nhiệt tình,2
trường học tuyệt vời học sinh tuyệt vời,2
cơ sở vật chất đẹp giáo viên thân thiện nhiều cửa hàng ăn nhẹ xung quanh trường nhưng học bất cứ thứ gì bạn muốn đừng học kế toán,2
cơ sở trường đại học thương mại năm 2022 sẽ được đầu tư đồng bộ ngoài những tòa nhà được xây dựng cách đây vài thập kỷ còn có thư viện và giảng đường hiện đại cao hơn 10 tầng,2
đây cũng là ngôi trường có uy tín giao thông thuận tiện có ký túc xá và ưu tiên cho người khuyết tật học sinh có hoàn cảnh khó khăn và học sinh nước ngoài,2
các cô gái thương mại vừa xinh đẹp vừa dịu dàng,2
tôi là k49n4 rất yêu thích và tự hào là cựu sinh viên tm,2
trường đẹp cơ sở vật chất đầy đủ và giáo viên chất lượng trường ngày càng đẹp hơn sau mỗi lần tan học,2
trường vừa xây dựng nhiều khu vực đẹp có nơi chơi bida tuyệt vời cho các cầu thủ thư viện rộng và đẹp có máy lạnh mát mẻ rất thích hợp để ngủ,2
đây không phải là một trường đại học quá cũ trường nằm trên đường cao tốc 32 và thuận tiện cho việc đi lại trường có khuôn viên rộng với nhiều cây xanh hiện tại một giảng đường mới đẹp và hiện đại đang được xây dựng,2
trải nghiệm tuyệt vời thông qua một chiếc điện thoại thú vị để vệ sinh máy tính xách tay của bạn,2
5 sao vì trường có lan,2
em yêu ngôi trường của mình với nhiều bạn thân và cô giáo hiền lành yêu quê hương mình mang sách vở đến trường với biết bao yêu thương,2
trường rất nhiệt tình cơ sở vật chất rất tốt đội ngũ giáo viên có trình độ cao ngoài ra ngành nghề đào tạo đa dạng giúp sinh viên lựa chọn được ngành học phù hợp với mình,2
trường có khuôn viên rộng rãi thoáng mát nhiều cây xanh là không gian lý tưởng để học sinh và giảng viên tham gia các hoạt động ngoại khóa ngoài trời,2
khoa thương mại điện tử rất tuyệt giáo viên trẻ và năng động,2
thanh xuân đẹp quá khi có q ở đây,2
đánh giá về trường đại học thương mại đặc biệt là đội ngũ giảng viên hầu hết các giảng viên đều đã từng học tập và nghiên cứu tại các nước có nền giáo dục phát triển bên cạnh đó còn có các giảng viên giáo viên nước ngoài đặc biệt nhất là các giảng viên đều rất thân thiện và hiện đại,2
ngôi trường tôi đã học trong 4 năm đại học ngôi trường đã tạo ra một môi trường học tập tốt sáng tạo và năng động cho sinh viên hiện tại trường đã xây dựng thêm nhiều khu vực đẹp rộng rãi và thoải mái hơn tạo điều kiện tốt nhất cho sinh viên,2
tuổi trẻ của tôi cảm ơn vì đã chào đón và chấp nhận tôi có bạn bè câu lạc bộ thầy cô những kỷ niệm sẽ mãi mãi trường tồn trường học ngày càng đẹp hơn tòa nhà đẹp hơn sân rộng hơn sân bóng rổ nhà để xe mới không còn ngập lụt nữa đẹp vô cùng,2
trường đại học thương mại là trường đào tạo ra những con người tốt trong ngành khách sạn chúng tôi cũng đã nhiều lần hợp tác với các trường và đã có những thành công nhất định,2
trường học giáo dục tốt giáo viên quan tâm đến học sinh đầu ra chất lượng ngoài ra cảnh quan xanh sạch đẹp hy vọng trường sẽ đào tạo ra nhiều học sinh chất lượng hơn nữa để đóng góp cho xã hội và đất nước,2
khuôn viên trường mới và đẹp,2
kinh nghiệm cho học viên mới kết quả học tập tập trung vào 3 loại điểm điểm chuyên cần dcc điểm luyện tập dth và điểm thi dt vì bài kiểm tra rất khó nên tốt nhất là,1
ngôi trường rộng rãi và đẹp có nhiều học sinh xuất sắc và đội ngũ giáo viên tận tâm là cái nôi nuôi dưỡng những cá nhân xuất sắc,2
ngôi trường thân yêu mà tôi đã học trong 4 năm giờ đã thay đổi rất nhiều khuôn viên trường là một trong những ngôi trường đẹp thứ hai nhà để xe sang trọng hoàn toàn khác với nơi tôi đã học cách đây vài năm,2
nằm ở vị trí đẹp giao thông thuận tiện tuy nhiên không có nghĩa là khuôn viên trường hẹp trường có khuôn viên rộng rãi cảnh quan đẹp có sân chơi có mái che cho học sinh,2
ngôi trường rộng rãi nằm trên đường chính nên rất dễ tìm cảnh quan cũng sạch sẽ và hiện đại,2
nhà trường luôn lắng nghe ý kiến của học sinh và thực sự hành động để bảo vệ quyền lợi của học sinh luôn yêu trường 3,2
ngôi trường đẹp quá không còn gì để nói nữa đáng để học lắm các bạn ạ,2
khuôn viên trường có nhiều cây xanh được trang trí đẹp mắt cho lễ giáng sinh các tòa nhà còn lại c và d hơi nhỏ,2
ngôi trường hiện tại đã hiện đại đẹp đẽ và uy nghi hơn rất nhiều có thể nói là một trong những ngôi trường đẹp nhất của bộ giáo dục,2
được rồi anh bạn,1
trường đại học chuyên ngành thương mại và kinh tế có vị trí đắc địa môi trường thân thiện và chất lượng đào tạo khá tốt đội ngũ giảng viên nhiệt tình và tận tâm,2
k vui vẻ,0
rất tốt rất nhộn nhịp với hoạt động,2
nhân viên nhiệt tình đồ ăn ngon không gian mở đẹp,2
trường chuyên đào tạo về kinh tế quốc tế trường có nhiều câu lạc bộ thú vị đặc biệt là câu lạc bộ guitar của trường đại học thương mại rất hay,2
trường đại học đẹp khi nhìn từ đường hồ tùng mậu có một góc cảnh quan thu nhỏ để sinh viên và mọi người check in,2
trường đại học thương mại là trường đại học đa ngành đa lĩnh vực chất lượng cao hoạt động tự chủ có trách nhiệm và tự chịu trách nhiệm để đảm bảo cơ hội tiếp cận giáo dục đại học cho các đối tượng chính sách và đối tượng thụ hưởng thuộc hộ nghèo,2
trường đại học thương mại nằm trong top 5 về đào tạo kinh tế và top 10 về đào tạo và nghiên cứu kinh tế quản lý tại miền bắc việt nam hiện nay thiết bị giảng dạy đơn giản nhưng đội ngũ giáo viên rất tận tâm,2
tôi là học sinh của trường trong thời gian học tôi thấy các giáo viên và nhân viên ở trường rất tốt và thân thiện khuôn viên trường rộng và đẹp có khu vực ăn uống riêng rất thoáng mát,2
trường đẹp với nhiều nam nữ xinh đẹp học giỏi đặc biệt là ngành kinh tế khuôn viên trường rộng rãi thoáng mát với nhiều cây xanh,2
không gian rộng rãi đẹp nhiều điểm checkin,2
5 sao là 5 sao,2
đẹp tuyệt vời,2
ngoài ra phong cách và phương pháp giáo dục rất nghiêm túc và có kỷ luật học phí quá đắt đổi lại cơ sở vật chất đã được hiện đại hóa đáng kể giáo viên cũng rất quan tâm đến học sinh,2
đội ngũ giảng viên khá trẻ và nhiệt huyết tuy nhiên vấn đề học theo tín chỉ cần phải khắc phục vì số lượng bài tập chồng chéo lên nhau quá nhiều nên tư duy học chậm sẽ gây tác dụng ngược cho sinh viên,0
trong khuôn khổ chương trình đánh giá đại học của bộ giáo dục và đào tạo trường đại học thương mại được xếp hạng trong top 5 trường đại học tốt nhất việt nam về các ngành kinh tế quản lý và kinh doanh trường rất đông sinh viên gần xa đến học tại đây,2
thật đẹp,2
khu vực xung quanh trường đại học thương mại đang thi công tuyến tàu cao tốc trên cao nên dễ xảy ra ùn tắc giao thông đặc biệt là vào khoảng 700 sáng 800 sáng và khoảng 500 chiều đến 630 tối,1
một trong những trường đại học có tỷ lệ trúng tuyển rất cao vì điểm chuẩn vào trường ở mức khá trung bình nên được nhiều người lựa chọn,2
tôi đã từng học ở trường này đây là trường đại học có số lượng sinh viên đông đảo đào tạo các chuyên ngành như kế toán quản trị kinh doanh,2
giống như cc,0
trường có khuôn viên nhỏ nhưng rất đẹp học sinh thân thiện và năng động trong các hoạt động,2
trường có trạm xe buýt thuận tiện ngay trên trục đường chính chất lượng giáo dục tốt tuy nhiên rất bất tiện khi trời mưa sân trường hơi thấp so với mặt đường nên thường xuyên bị ngập,0
trường tốt giáo viên tốt cơ sở vật chất tốt,2
đội ngũ giảng viên hiện tại của trường là 588 người trong đó giảng viên toàn thời gian bao gồm 3 giáo sư 46 phó giáo sư 61 tiến sĩ 409 thạc sĩ và 69 giáo sư thỉnh giảng và phó giáo sư nước ngoài phần lớn,1
đây là một ngôi trường lớn đào tạo nhiều ngành nghề so với các trường khác tại hà nội nhưng theo nhận thức chung của đại đa số mọi người thì đây là ngôi trường nhóm 2 trong số các trường đào tạo khối ngành kinh tế thương mại sau khối ngoại thương kinh tế ngân hàng,2
trường đại học thương mại là trường đại học công lập trực thuộc hệ thống giáo dục quốc dân của nước cộng hòa xã hội chủ nghĩa việt nam,2
4 năm trước tôi đã mơ về ftu và bây giờ tôi đang ở tmu dù sao tôi không hối hận vì đã học ở đây,2
trường đại học này toàn gái đẹp tôi không biết nói gì hơn mỗi lần đến đây tôi chỉ nhìn họ và lo lắng cho tương lai của mình,2
năm nay tôi thi tuyển vào trường đại học thương mại khoa tcnh đây là ngôi trường có bề dày thành tích phó chủ tịch nước và bộ trưởng bộ giáo dục đã từng học ở đây,2
khuôn viên trường không rộng lắm nhưng có nhiều cây xanh và cảnh quan khá đẹp,2
học sinh năng động,2
cơ sở vật chất tốt trang thiết bị hiện đại đội ngũ giảng viên nhiệt tình tận tâm khuôn viên sạch sẽ thoáng mát,2
trường lúc nào cũng tốt nhất nếu học phí giảm nữa thì còn tốt hơn nữa,2
trường được thành lập vào những năm 60 của thế kỷ 20 trường tọa lạc trên một khu đất rộng nằm cạnh quốc lộ 32,1
trường có cơ sở vật chất chất lượng và đội ngũ giảng viên tài năng và tận tâm,2
khi tôi đi học trường học giống như một căn phòng cho thuê khi tôi tốt nghiệp nó được xây dựng lại như một khách sạn 5,0
tôi yêu trường học của tôi và rất nhiều bạn bè ở đó,2
chuyên đào tạo các ngành kinh tế chất lượng giáo viên và học sinh ngày càng được nâng cao,2
đây chính xác là trường đại học thương mại tôi đã đi qua đây nhiều lần đây là một trường tốt ở việt nam,2
cảm ơn các em học sinh năm 3,2
trường đẹp gần khu nhà ở của sinh viên giá cả ổn so với các khu vực khác chất lượng đào tạo tốt,2
trường thân mến chất lượng đào tạo tốt một trong những trường đại học hàng đầu tại việt nam,2
ngôi trường có môi trường phù hợp cho học sinh,2
cổng trường dễ bị ngập khi trời mưa đã từng học ở đây cơ sở vật chất chỉ ở mức tạm ổn,0
trải nghiệm sự kiện tại trg dienthoaivui tuyệt vời,2
cơ sở vật chất rộng rãi sạch sẽ trường có nhiều hoạt động bổ ích cho học sinh,2
học 4 năm mà vẫn thấy mình ngu nếu kết hợp được học và thực hành thì sẽ tốt hơn,0
trường có rất nhiều cô gái rất xinh đẹp,2
trường đại học thương mại là trường có số lượng sinh viên nữ nhiều hơn số lượng sinh viên nam,1
trường đại học thương mại việt nam cơ sở vật chất đang được nâng cấp có thể là thiên đường học tập trong 45 năm nữa nhưng không phải bây giờ,0
nhân viên nhiệt tình vui vẻ 10đ,2
rất năng động,2
tôi vừa mới thi tốt nghiệp thpt quốc gia nếu được 2015 đồng thì tôi có thể vào trường cntt không,1
ngôi trường đẹp và rộng rãi nằm ngay trên trục đường chính nên công trường lúc nào cũng khá đông đúc,2
ngôi trường này cũ rồi tôi không thấy có sự thay đổi nào về cơ sở vật chất,0
luôn có nhiều ghế dài khuôn viên rộng rãi nhiều cây xanh,2
một trường đào tạo ngành kinh tế có điểm tuyển sinh khá trung bình,0
trường này đào tạo cử nhân kinh tế và rất đáng để theo học,2
cơ sở vật chất của trường đạt 10 điểm,1
thương mại là điều đáng suy nghĩ,2
trường đại học với nhiều thành tích sinh viên chăm chỉ,2
cơ sở vật chất và chất lượng giảng dạy rất tốt tôi yêu ngôi trường này,2
trường học có chất lượng tuyệt vời,2
ngôi trường đang được xây dựng lại trong tương lai và trông khá đẹp,2
nhà trường cố gắng thúc đẩy việc giảng dạy tốt để đào tạo ra những người tài năng,2
tôi yêu trường mình rất nhiều,2
xin vui lòng cho tôi biết bộ phận quản lý khách sạn hoặc bộ phận quản lý kinh doanh nào có chương trình đào tạo tốt hơn,2
những ngôi trường hàng đầu đào tạo binh lính trong các lĩnh vực tài chính thương mại,2
đến đúng ngày trường bị cướp nhưng trường đẹp vô cùng,2
trường đại học có nhiều môn đào tạo thực hành dành cho sinh viên,2
trường khá rộng và đẹp vị trí thuận tiện cho việc đi lại,2
đại học thương mại không được đánh giá cao nhưng cũng ổn,0
trường đại học đào tạo kinh tế ổn,1
đây là ngôi trường tôi đã học trong 4 năm,1
ai chưa có người yêu thì vào đây nhé,2
trường rộng rãi nơi đào tạo cử nhân hàng đầu,2
bạn sẽ làm gì nếu bạn cho tôi một số điện thoại không thể gọi được,0
trường đào tạo khá ổn,2
tôi thích đi học trường kinh doanh,2
ulis chắc chắn là một trong những trường đại học ngoại ngữ hàng đầu tại miền bắc việt nam nói riêng và việt nam nói chung các giảng viên đều xuất sắc trong lĩnh vực của mình tôi thực sự hạnh phúc và vinh dự khi được học tại một trường đại học hàng đầu như vậy,2
đánh giá này không phải về chính trường đại học tuy nhiên nếu bạn muốn đồ ăn địa phương giá rẻ mà sinh viên đại học việt nam,2
5 sao cho sinh viên ulis từ uet với tình yêu thương,2
cảnh đẹp có nhiều cây,2
môi trường tốt ưu điểm trường khá lớn và đẹp ký túc xá khá sạch sẽ giảng viên và sĩ số lớp học tốt có nhiều hoạt động cho sinh viên nhưng ít,2
dành cho trẻ em học tại trường chuyên ngoại ngữ,1
một nơi tuyệt vời với khuôn viên rộng lớn nơi chúng ta có thể đi dạo và thưởng ngoạn cảnh đẹp của một số công trình kiến trúc cổ,2
chào mừng đến với trường đại học đào vàng nhất việt nam đặc biệt dành cho những người có ý định đăng ký khóa học tiếng việt,2
chất lượng giảng dạy tốt đây là trường có cơ sở hạ tầng và cảnh quan đẹp nhất,2
tôi hơi bực mình vì tôi đang cần thi c1 nhưng lại có sự hiểu lầm nghiêm trọng,0
sôi động và cũng lãng mạn,2
cảnh đẹp đồ ăn ngon,2
trường đại học lớn và trường chuyên biệt ở đây,2
nơi tuyệt vời để học ngoại ngữ,2
trải nghiệm rất tuyệt vời ở nơi này,2
3 tốt nhất,2
làm tốt,2
trường này rất tốt,2
trường đại học trước đây của tôi,1
tốt lắm,2
lãng mạn,2
tôi 3 đnn,1
em yêu anh 333,2
chất lượng giáo dục cao,2
cố lên,2
trường đại học có nhiều cô gái xinh đẹp,2
tốt cho việc học ngoại ngữ,2
đại học quốc gia danh tiếng,2
tốt nhất ở hamoi,2
ulis tiếng anh,2
mọi người đều thân thiện,2
phải,1
diện tích lớn,2
tốt đến tốt,2
mình rất yêu bạn bè và thầy cô nhưng mình thực sự không thích cơ sở vật chất của trường giảng viên ulis không được 10 điểm nhưng cũng ổn là một sinh viên của clc qh2018 mình không thích những ngôi sao của trường hứa hẹn điểm gặp mặt chút nào nhưng mình vẫn khuyên các bạn nên đến ulis,0
sinh viên ajc nhưng cho ulis 5 sao về chất lượngvì cơ sở vật chất của trường tốt hơn các trường khác tôi không biết các tòa nhà khác như thế nào nhưng tòa nhà b2 thì ổn,2
trường thì rộng nhưng không đẹp quá trình tuyển sinh và tư vấn của trường có nhiều vấn đề học sinh không thuộc diện ưu tiên sẽ không được ở ký túc xá nhưng cũng không phải lúc nào cũng có,0
có 2 cách để bước vào cuộc sống tương lai ngoại ngữ và công nghệ thông tin những ai muốn thành công thì nhanh chóng nắm bắt tôi mơ ước học ngoại ngữ nhưng không có may mắn nếu có thể đừng bỏ lỡ,2
em yêu trường em với nhiều bạn bè thân thiết và thầy cô giáo tốt bụng như yêu quê hương mình mang sách vở đến trường với bao yêu thương,2
trường pr là trường chính rất thất vọng về đào tạo của trường chất lượng đào tạo cực kỳ kém sinh viên cực kỳ thiếu chủ động những sinh viên thực sự chủ động thì đã bỏ học ngoài ra,0
nằm ngay đối diện trung tâm thương mại iph là đại học quốc gia hà nội với khuôn viên hoành tráng và sang trọng đây không chỉ là nơi học tập của những sinh viên trẻ hàng đầu cả nước mà còn là nơi để bạn tham quan và chụp ảnh đây,2
nơi đào tạo giáo viên và nghề ngoại ngữ hàng đầu vị trí trung tâm gần bến xe mỹ đình đường phạm văn đồng gần các trường đại học khu dân cư khu mua sắm lớn,2
khuôn viên trường đại học ngoại ngữ rất đẹp đặc biệt là khoa tiếng pháp chất lượng giảng dạy rất tốt học tập rất chăm chỉ,2
độ lệch tâm khá lớn và không đáp ứng được nhu cầu khi cần độ chính xác cao để sử dụng tạm thời,0
là nơi đào tạo ra những cử nhân thạc sĩ tương lai của đất nước trường có cả lớp chuyên ngành cấp 2 và cấp 3 rất thuận tiện cho việc học tập và nghiên cứu,2
ước mơ của hai đứa con sinh đôi của mẹ tôi là được thi vào trường ngoại ngữ nhưng thật không may cả hai đứa đều được 9 điểm môn tiếng anh nhưng các môn còn lại quá thấp và chúng không được vào trường này tôi cũng thấy thương chúng tôi hy vọng có phép màu,0
tôi rất bất lực khi học trình độ ngoại ngữ b1 do nhà trường giảng dạy,0
trường có wifi miễn phí dhnn1955 và nước sạch miễn phí nên tôi rất vui,2
trường đại học ngoại ngữ có khuôn viên đẹp và chương trình giảng dạy tiên tiến luôn nằm trong top những trường có điểm tuyển sinh cao nhất cả nước,2
trường đẹp cơ sở vật chất tốt đào tạo tốt môi trường sư phạm để học ngoại ngữ đào tạo nhiều ngoại ngữ trong đó có trường phổ thông chuyên ngoại ngữ,2
trường đạt chuẩn quốc gia nhiều khoa bao gồm cả khoa tại chức tất cả sinh viên xuất sắc đều tốt nghiệp và có việc làm cấp cao,2
khoa luật của trường khá đẹp và mọi người có thể đến đây chụp ảnh,2
đồ ăn ngon nhân viên nhiệt tình không gian rộng rãi thoáng mát,2
trường đẹp học sinh rất giỏi năng động và xinh đẹp,2
đứng ở cổng pvđ rất tiện để bắt xe buýt về nhà hy vọng có dịp được đến thăm trường,2
trường khác nhưng mình chạy đến đây để xem nước nga suốt dễ thương quá,2
trường học thân thiện sạch sẽ và đẹp học sinh trẻ và năng động,2
trương ư đang cố thoát khỏi dealine chạy trốn,1
tối nay tại trường tôi có vòng chung kết miền bắc của cuộc thi olympic tiếng anh toàn quốc,1
đánh giá từ những người yêu thích trường học,1
một địa chỉ đào tạo ngoại ngữ uy tín và chất lượng có chương trình đào tạo trình độ cử nhân cho phép bạn vừa học vừa làm bằng cấp 2,2
nhà trường xử lý yêu cầu của sinh viên rất chậm sinh viên sư phạm từ các trường trên toàn quốc đã nhận được trợ cấp nhưng chỉ có sinh viên ulis chưa nhận được sinh viên đã nhiều lần khiếu nại với nhà trường nhưng,0
ulis hơi mát khu vực ghế giảng viên toàn cây xanh rất mát còn có ao sen matcha rùa bồ câu nữa ngoài ra trường còn rất nhiều xoài lúc đầu bảo vệ không cho hái nhưng sau thì đầy sinh viên đi hết rồi,0
quá nhiều hạn chót ah,0
sau 4 năm học tốt nhất là khuyên bạn nên tránh xa ngôi trường này càng sớm càng tốt không có điểm nào đáng khen mỗi giáo viên nhận được và còn lại là điểm trừ nhất là các em học sinh của trường,0
thầy cô nhiệt tình dễ thương trả 35 triệu cho mỗi tội thì không đáng vừa gặp một lớp dễ thương các em 2k3 hãy suy nghĩ kỹ nhé,2
đây là nơi học tập với các trường ngoại ngữ công nghệ kinh tế,2
ngoài csvc ra thì không còn gì để chê nữa ulisizabeth,2
mặc dù chỉ đến để thi vstep nhưng mình vẫn ấn tượng với cách tổ chức chuyên nghiệp và đội ngũ tình nguyện viên nhiệt tình của trường được biết trường có chất lượng giáo dục hàng đầu việt nam và các hoạt động ngoại khóa cũng rất tốt,2
đồ ăn ở đây ngon lắm mình thích nhất món thịt trâu xé này nói lại lần nữa nhé hiiii,2
một ngôi trường rất tệ tệ nhất là chất lượng cơ sở vật chất và trường có rất nhiều banner quảng cáo nhưng bên trong thực sự rất xuống cấp phần tệ nhất là quá trình tư vấn và trả lời cực kỳ tệ và,0
xứng đáng 1 sao vì nhiều lý do kỳ thi ngoại ngữ 2 đã hoàn thành và được báo cáo là đạt nhưng vẫn phải tham gia kỳ thi cấp chứng chỉ cuối cùng nhiều thủ tục rất tốn thời gian,0
hoàng tạo dáng giữa ulis còn về trường thì có lẽ là tốt khoa tiếng pháp đẹp lắm,2
không gian sạch sẽ thoáng mát địa điểm lý tưởng để tổ chức các sự kiện như hội chợ việc làm cho sinh viên,2
quá trình tư vấn tuyển sinh của trường có vấn đề người nhận đơn thì kiêu ngạo gắt gỏng khi được hỏi thì hoặc giả vờ không nghe thấy hoặc trả lời một cách ngại ngùng không dám hỏi tiếp,0
trường nằm gần trung tâm hà nội và là trường đại học quốc gia nên được cho là có nhiều nhân tài trường nằm ở đông dương và cạnh tuyến tàu điện trên cao nên sẽ là ngôi trường phát triển hơn nữa trong tương lai,2
be uliser be cool là một sinh viên ngoại ngữ là một niềm tự hào lớn trong cuộc sống,2
làm việc không nhất quán trên cổng thông tin nói là đậu nn2 nhưng lại nói phải thi sau 1 tháng mới tốt nghiệp hơn nữa kỳ thi chỉ tổ chức một lần một năm nếu trượt bạn có thể thi lại vào năm sau hoặc thi chứng chỉ bên ngoài tệ,0
đại học ngoại ngữ quốc gia,1
ngôi trường mơ ước cho sinh viên chuyên ngành ngoại ngữ,2
không gian nhà hàng khá rộng rãi nhưng chỗ để xe hơi hạn chế thiếu sự riêng tư vì các bàn gần như đều nằm chung một sân nên rất ồn khu vực nấu ăn không được ngăn cách tốt và nhà vệ sinh xuống cấp khá nhiều,0
thực đơn hấp dẫn đồ ăn ngon bãi đậu xe rộng rãi,2
không gian thoáng mát rộng rãi có cả phòng riêng và phòng chung quán chuyên về các món trâu ngoài ra còn có một số loại bia khác,2
trường đẹp quá xin hãy hoàn thành,2
trường đại học sư phạm ngoại ngữ hà nội nằm trong khu đại học quốc gia trên phố phạm văn đồng là ngôi trường có truyền thống và thành lập từ sớm đào tạo nhiều chuyên ngành về ngoại ngữ khi qua cầu mai dịch,2
khuôn viên rộng nhiều cây xanh khoa phật học rất thoáng đãng và yên tĩnh,2
tôi đã rất sợ khi đọc bài đánh giá tôi đã đợi 4 năm mới quay lại để xem trải nghiệm của tôi có giống như bài đánh giá không nka,0
giáo viên chuyên nghiệp và đáng yêu môi trường năng động với nhiều cơ hội,2
trường rất tốt chất lượng giảng dạy tốt giáo viên nhiệt tình và có trình độ cao,2
trường ngoại ngữ rất đẹp em gái tôi sắp vào học ở trường này nên tôi đã đến thăm trường cùng em ấy ký túc xá của trường cũng rất tốt an toàn để ở,2
huhu một trong những ngôi trường tôi mơ ước khi đăng ký nv mặc dù hiện tại tôi đã là sinh viên năm 3 tại một trường đại học cạnh tranh với neu ftu aof ba học ngôn ngữ tôi vẫn thấy ulis là một điều gì đó không thể diễn tả được trong tương lai tôi sẽ,0
trường học để học và có nhiều món ăn ngon bên ngoài cánh cổng sắt,2
trường có rất nhiều xoài người ta nói rằng chỉ cần ăn xoài ngoại ngữ và học chăm chỉ bạn sẽ không phải lo lắng về việc trượt lớp cả học kỳ,2
tôi yêu trường học,2
có ai ở ngoài không bạn đã làm bài kiểm tra tiếng nhật ở đây chưa,1
đồ ăn ngon và đẹp mắt nhân viên phục vụ chuyên nghiệp không gian nhà hàng đẹp thoáng mát chỗ để xe thoải mái đặc biệt có nhà bóng cho trẻ em,2
không gian nhà hàng rộng rãi sạch sẽ bia ở đây nhanh chua và đắng bia hn đồ ăn không được ngon lẩu,0
tòa nhà a3 địa điểm thi jlpt tại hà nội,1
đánh giá 1 sao vì người yêu tôi là giảng viên ở trường này,0
môi trường sạch sẽ và bãi đậu xe tốt,2
ngôi trường thực sự khá nhỏ thức ăn có giá cả phải chăng đối với học sinh,0
đội ngũ giảng viên cần được đào tạo nhiều hơn về cả chuyên môn và nghiệp vụ hạn chế trong thực hành khiến phần lớn sinh viên ra trường rất vụng về lúng túng khi tiếp xúc với thực tế,0
trường đại học ngoại ngữ có bề dày lịch sử và là một ngôi trường có nhiều thành tựu to lớn trường có khuôn viên rất đẹp với những sinh viên xinh đẹp và nhiệt huyết hãy đến đây và cảm nhận nhé,2
công trình khoa tiếng pháp niềm tự hào của sinh viên trường đại học ngoại ngữ hà nội nói riêng và đại học quốc gia hà nội nói chung được khởi công từ năm học 19851986 công trình là kết quả hợp tác giữa,2
trường rộng rãi đẹp và thoáng mát các giáo viên trong lớp vui vẻ cởi mở nhiệt tình và chu đáo hướng dẫn học sinh hoàn thành hồ sơ,2
con chim bồ câu kiêu ngạo không thèm chụp ảnh với tôi,0
tôi 13 tuổi 2k6 nhưng tôi có định hướng và tự thiết kế tương lai của mình trong tương lai tôi muốn trở thành một biên dịch viên hãy trở thành thành viên của ulis tôi yêu ulis hãy đợi tôi,2
trường đại học ngoại ngữ đhqghn tiền thân là khoa ngoại ngữ được thành lập năm 1965 tại cơ sở việt nam nay thuộc phường bách khoa quận hai bà trưng hà nội sau 50 năm xây dựng và phát triển 1965 2015,1
trường đại học ngoại ngữ là trường thành viên của đại học quốc gia hà nội trường là một trong những trung tâm đào tạo giáo viên và cán bộ ngoại ngữ lớn nhất việt nam trụ sở chính của trường đặt tại phố phạm văn đồng quận cầu giấy thành phố hà nội nhiều sinh viên tại trường dh nn,2
trường đại học ngoại ngữ là trường thành viên của đại học quốc gia hà nội trường được coi là trung tâm đào tạo giáo viên và cán bộ ngoại ngữ lớn nhất việt nam trụ sở chính của trường đặt tại phố phạm văn đồng quận cầu giấy thành phố hà nội một ngôi trường tốt để học ngoại ngữ,2
trường chuyên về nhiều ngôn ngữ đặc biệt là chuyên ngành deadline có rất nhiều cô gái xinh đẹp nếu bạn fa hãy đến đây,2
khuôn viên trường mát mẻ và nhiều cây xanh nhìn các em học sinh làm tôi nhớ lại những ngày tháng sinh viên đáng nhớ của mình,2
khu vực tòa nhà khoa tiếng pháp đẹp như mơ mở cửa từ 530 sáng đến 1030 tối đôi khi không bao giờ đóng cửa,2
trường đẹp giảng viên chất lượng học sinh siêu đẹp trai và xinh gái nhưng sao mình vẫn cô đơn thế,2
dịch vụ hơi chậm nhưng đồ ăn thì ngon có nhiều lựa chọn đặc biệt là món trâu tỏi,2
chúng tôi hy vọng nhà trường sẽ ngày càng đổi mới về nội dung và phương pháp giáo dục tôi đã học khóa 20072011 và thấy phương pháp giảng dạy còn nhiều bất cập nên tốt nghiệp chỉ có kiến thức từ,0
được đổi tên từ trường đại học sư phạm ngoại ngữ trước đây trường hiện là một trong những cái nôi đào tạo chuyên gia ngoại ngữ cho cả nước đội ngũ giáo viên của trường đều có trình độ cao và giảng dạy nhiệt tình,2
nằm chung khuôn viên với trường đại học sư phạm trong đó có hiệu trưởng trường đại học quốc gia trường đại học ngoại ngữ trước đây là trường đại học sư phạm ngoại ngữ trường đại học kinh tế khoa luật,1
trường đào tạo tốt đội ngũ giảng dạy hiệu quả chỉ có rất nhiều lỗi,2
sinh viên ulis cực kỳ tài năng là một sinh viên từ trường khác tôi đã đến thăm vào ngày diễn ra sự kiện chào đón sinh viên mới vì vậy tôi thấy tất cả các bạn đều rất tuyệt 3,2
phở ngon giá cả phải chăng quan trọng là khi vào ăn không phải đợi lâu,2
gần sáng vfs đã cho zem rrt dc rrchevrg nhiều lần gần đây ghtdfffdrrgđvtaffteifr r cr giá rẻ là một vấn đề tv con vgftvgafrrf,0
trường đại học ngoại ngữ là trường thành viên của đại học quốc gia hà nội là một trong những trung tâm đào tạo giáo viên và cán bộ ngoại ngữ lớn nhất tại việt nam,2
một nơi tuyệt vời để học tập rèn luyện giao lưu và học ngoại ngữ trường là một trong những trường có chất lượng đào tạo và giảng dạy ngoại ngữ hàng đầu cả nước và khu vực,2
các món ăn chuyên về thịt trâu đầu bếp chế biến ngon các món ăn cũng ổn giá cả hợp lý,2
đại học là nơi tuyệt vời để người trẻ tham gia học tập và phát triển bản thân,2
trường chuyên đào tạo ngoại ngữ chất lượng cao đặc biệt là sư phạm và phiên dịch có lẽ yếu hơn một chút so với đại học ngoại thương và đại học hà nội,2
trường chuyên đào tạo các khoa ngoại ngữ nằm trong quần thể đại học quốc gia hà nội,2
rộng rãi có wifi khắp trường nhưng bạn phải có tài khoản mới truy cập được nhà để xe rộng rãi có mái che an ninh,2
khuôn viên rộng rãi thoáng mát đạt chuẩn sư phạm,2
ngôi trường mà nhiều người muốn theo học,2
tôi rất thích trường học tôi vẫn học kém,2
cho 1 sao vì ulis luôn là số 1 trong tim tôi 3,2
khuôn viên trường học tuyệt vời các giáo viên trong văn phòng hiền lành,2
cũng giống như đại học hà nội đại học ngoại ngữ đhqghn là trường đào tạo chuyên ngành ngoại ngữ số 1,2
đã qua rồi cái thời sinh viên ngôi trường cũ có nhiều cây xanh mát mẻ khu ký túc xá rộng rãi thoáng mát,2
bức tường đào tạo nguồn nhân lực tốt để phục vụ đất nước,2
trở thành sinh viên của trường đại học ngoại ngữ đại học quốc gia hà nội là ước mơ của nhiều bạn sinh viên,2
ngôi trường nổi tiếng cơ sở vật chất rộng rãi môi trường sư phạm đạt chuẩn,2
trường đại học cung cấp chương trình đào tạo ngoại ngữ cho sinh viên việt nam với nhiều khoa ngôn ngữ khác nhau,2
một địa chỉ luyện thi chứng chỉ tiếng anh khá tốt và uy tín đội ngũ nhân viên nhiệt tình cơ sở vật chất tốt,2
môi trường học tập thân thiện và lành mạnh trải nghiệm của mỗi học viên đều tuyệt vời,2
ngôi trường này lớn nhưng tôi hy vọng chất lượng giảng dạy sẽ tốt hơn vì trước đây chất lượng giảng dạy rất kém,0
trường đại học đào tạo ngoại ngữ tốt cũng là nơi thường xuyên có chuối hieu,2
ngôi trường thân yêu sẽ cùng em đi qua 4 năm tháng tươi đẹp nhất của tuổi trẻ,2
quá chán khi mực khô to bằng 3 ngón tay mà giá 180k,0
ulis ngày càng đẹp hơn,2
kiến trúc pháp,2
ulis giờ chỉ còn là dĩ vãng thôiước mơ của tôi là được đặt chân đến đây dù chỉ một lần,0
chỉ trong 3 năm nữa thôi tôi sẽ là thành viên của ngôi trường này,1
ngôi trường cũng đẹp nhưng không đẹp bằng bạn,2
ngon chất lượng cao chủ quán nhiệt tình,2
ngôi trường rất đẹp các tòa nhà có nét cổ kính trông khá gợi cảm,2
trường mới có sân bóng đá đẹp quá d,2
ngôi trường này có khuôn viên rộng lớn và rất đáng tin cậy,2
trường đại học ngoại ngữ đhqghn chuyên đào tạo cử nhân ngoại ngữ giảng viên ngoại ngữ biên phiên dịch,2
đừng vào,0
ngôi trường khá lớn và có không gian,2
món ăn ngon đáng để trải nghiệm,2
nơi theo đuổi ước mơ của những người yêu thích ngoại ngữ,2
không thể liên lạc được với số điện thoại của trường,0
có rất nhiều cô gái xinh đẹp và rất nhiều chân ngắn nhưng chân ngắn dễ thương 3,2
tự hào về ulis mặc dù có hạn chót,2
thức ăn ngon phục vụ hơi chậm,2
đã 2 năm đi học rồi vương quốc của hạn chót,0
đang chờ xe buýt đi đến những nơi mát mẻ,1
trường học được trang bị đầy đủ,2
để tôi hỏi bạn tôi vẫn chưa hiểu rõ cách tính điểm vào,1
tuyệt đồ uống khá ngon,2
sạch sẽ chu đáo và được chế biến ngon miệng,2
tôi đã từng làm tình nguyện ở đây đây là một địa điểm chính xác,1
thành thật,2
ở đây bán chứng chỉ công nghệ thông tin và ngoại ngữ,0
trường đại học đào tạo ngoại ngữ hàng đầu việt nam,2
trường học hiện đại và tích hợp,2
bún sườn cũng được 30k,1
ngôi trường rất đẹp với nhiều nữ sinh xinh đẹp,2
món mì buổi sáng rất ngon,2
trường đại học rất tốt,2
đại học ngoại ngữ đại học quốc gia hà nội,1
khoa tiếng pháp rất cổ kính và yên tĩnh,2
tòa nhà a2 ulis,1
phần tốt nhất là kẹt xe,0
nơi đào tạo các ngôn ngữ hàn quốc nhật bản anh pháp vv,2
đồ ăn ngon giá rẻ,2
nếu tôi được lựa chọn học lại tôi sẽ học tại đại học ngoại ngữ,1
môi trường học tập rất tốt,2
đào tạo ngoại ngữ là số một,2
cao cấp,2
giá hơi cao,0
đào tạo sinh viên ngoại ngữ,2
5 sao cho trường ngoại ngữ,2
ngôi trường thật ngu ngốc và các cô gái thì thật xinh đẹp,0
trường keo,2
giống như trường học này,1
miss kim anh,1
các cô gái ulis 3,1
trường đại học rất tốt nhưng tất nhiên là kém uy tín hơn đại học khoa học và công nghệ hà nội và họ có một sân vận động rất đẹp cho các môn thể thao ngoài trời,0
tôi yêu hnue,2
các khóa học tiếng việt dành cho người nước ngoài có giá quá cao các lớp học không hiệu quả lắm,0
đại học hà nội ở đây lần đầu tiên tôi thử thì khó mà tìm thấy,0
nơi tốt cho việc học tập và nghiên cứu ổn định,2
trường tốt nhất cho giáo viên tương lai,2
những cái đẹp,2
trường học xuất sắc,2
thật tuyệt vời để nghiên cứu,2
sắc đẹp,2
đại học sư phạm hà nội,1
của tôi,1
đại học công nghệ,1
đại học tốt,2
đánh giá về trường đại học sư phạm hà nội hnue trường đại học sư phạm hà nội hnue không chỉ là trường đại học hàng đầu tại việt nam,2
sao ngôi trường này không chỉ là trường sư phạm mà còn là trường nô lệ của cả nước trích lời chủ tịch hồ chí minh trong chuyến thăm trường năm 1964,0
tôi đã tốt nghiệp trường này và thấy trường rất tốt các thầy cô rất nhiệt tình tuy nhiên nếu có vấn đề gì thì đôi khi hơi khó giải quyết nhưng các thầy cô rất nhiệt tình hỗ trợ,2
cán bộ hành chính kế toán hách dịch ngu ngốc và có quyền cán bộ nữ tên thúy sinh viên nộp lệ phí thi chậm 1 ngày và yêu cầu khoa tạo điều kiện,0
hội chợ việc làm của trường rất tốt tạo điều kiện cho sinh viên tốt nghiệp tiếp cận nhanh chóng với các nhà tuyển dụng có nhu cầu tuyển dụng nhân sự,2
yêu trường đến khoa việt nam để học và nghiên cứu,2
đây là một trường đại học danh tiếng tại hà nội có truyền thống giảng dạy và học tập cũng như chất lượng đào tạo tốt cho sinh viên tốt nghiệp cơ sở vật chất tốt đội ngũ giảng viên chất lượng và vị trí giao thông thuận tiện tạo điều kiện cho sinh viên,2
đây là trường đại học của tôi tôi yêu ngôi trường này tình yêu giống như một phần trái tim tôi,2
trường có lịch sử lâu đời và là trường chuyên đào tạo giáo viên cho đất nước,2
trường tốt cơ sở vật chất ổn nhưng máy lạnh hỏng trường giúp em với giúp em kiểm tra lại sân v đi trường nóng quá ugh,0
khoảng 4 năm trước trong cùng một giảng đường chúng tôi chỉ là những người bạn sống xa nhà và cùng nhau ra hà nội học tập thời gian trôi nhanh quá sinh viên báo chí nhưng có nhiều kỷ niệm với nghề sư phạm trộm xoài ăn mừng,2
cho em hỏi nam sinh học hết lớp 12 muốn thi tuyển vào khối tiểu học thì cần những tiêu chuẩn gì và em có thể thi aoo được không em cảm ơn,1
lẫn lộn và rối rắm hãy đơn giản hóa vấn đề như các trường đại học khác,0
nghề cao quý nhất trong những nghề cao quý chúc các thầy cô giáo hiện tại và tương lai luôn dạy tốt góp phần vào sự nghiệp trồng người giúp việt nam sánh vai cùng các cường quốc năm châu,2
là đơn vị dẫn đầu ngành giáo dục cả nước không cần phải nói nhiều về sự vĩ đại của nơi này nó thực sự rất tuyệt vời,2
trường rộng rãi đẹp có nhiều nơi vui chơi ngay cạnh là trường đại học quốc gia thuận tiện cho việc học tập trau dồi kiến thức và giao lưu,2
trường đại học sư phạm hà nội có nhiều giáo viên có nhiều năm kinh nghiệm và tâm huyết với nghề là ngôi trường đào tạo ra nhiều giáo viên giỏi đi khắp mọi miền đất nước,2
mong chờ con gái tôi con trai đặt chân vào ngôi trường này trường tốt,2
trong trường hợp này bạn thân của tôi đã đánh giá trường tôi 1 sao oh,0
đây là trường đại học sư phạm tốt nhất việt nam về đào tạo giáo viên đào tạo nên đội ngũ con người vĩ đại cho đất nước,2
khuôn viên trường rộng rãi thoáng mát nhiều cây xanh học sinh hòa đồng thân thiện,2
ngôi trường tôi từng theo học là những kỷ niệm mà tôi sẽ không bao giờ có thể quên được cùng thầy cô và bạn bè tôi mong ngôi trường sẽ mãi như vậy một ngôi trường đào tạo ra nhiều thầy cô giáo giỏi để đóng góp cho nền giáo dục của đất nước,2
đã gọi điện và nhắn tin để ghi danh vào trường nhưng thậm chí không thèm nghe và cũng không thèm gọi lại,0
mình rất thích trường h mình không có mối quan hệ nào với trường h nên hơi buồn,2
đây là ngôi trường số 1 về đào tạo giáo viên giảng viên sư phạm tại việt nam,2
tôi học vật lý nói chung đi bất cứ nơi nào có chế độ xem ảo để bạn có thể chụp ảnh thoải mái các giáo viên trong khoa cực kỳ chu đáo và các sinh viên trong lớp cực kỳ nghiêm túc,2
đây là nơi tôi dừng lại sau khi rời khỏi trung tâm mua sắm ở phía trước hầu như không có sinh viên nào vì lúc đó là cuối tháng 7 và cuối học kỳ có rất nhiều cây xanh vì vậy có rất nhiều bóng râm và cũng có,2
giới thiệu về đại học sư phạm hà nội sourcecollection,2
vì nó nằm cạnh một trường trung học tôi có thể cảm thấy trẻ trung có nhiều người ở đó hơn là ở đại học chính sách quốc gia,1
cảnh quan từ ga tàu điện ngầm số 6 rất đẹp nhưng vẫn chưa vào,2
tàu thứ 2 đầu tiên tại hà đông cho thuê nhà 3 triệu 4 ngườitháng,2
không gian cực kỳ thoải mái khi chờ đợi học sinh đi thi,2
đây là nơi đào tạo sư phạm tốt nhất cả nước,2
trường có khuôn viên cực đẹp với nhiều hoa và cây cảnh một nơi lý tưởng để check in,2
trường khá sạch sẽ và rộng rãi lớp học sạch sẽ và mát mẻ,2
nơi đào tạo giáo viên hàng đầu tại việt nam,2
ngôi trường rộng rãi thoáng mát và có sân bóng đá đẹp,2
cảnh đẹp trường học rộng rãi chất lượng giáo dục tốt,2
đây là trường đại học sư phạm hàng đầu tại việt nam khuôn viên trường rộng và đẹp kết nối với đại học quốc gia hà nội,2
một trong những ngôi trường tốt nhất và truyền thống nhất tại việt nam,2
trường đẹp nhiều cây xanh nhưng thiết kế chưa khoa học và đồng bộ,0
năm sau tôi sẽ thi và hy vọng tôi sẽ đỗ,2
ngôi trường gắn liền với tuổi trẻ của nhiều thế hệ thầy cô tôi nhớ hnue,2
khuôn viên trường rất đẹp có nhiều máy atm một cửa hàng bách hóa có thang máy nhiều hiệu sách đường nội bộ sạch sẽ và nhiều vườn hoa được trồng nhiều loại hoa hồng rực rỡ,2
là một nơi rất tuyệt vời môi trường sạch sẽ được bảo vệ tốt,2
môi trường học tập tốt khuôn viên rộng và chuyên sâu về sư phạm,2
ny tôi sẽ cho bạn một đánh giá,1
ngôi trường đẹp các giáo viên tận tụy với nghề học sinh thân thiện kỳ thi khó khoa cntt trông tuyệt vời,2
ngôi trường rộng rãi và thoáng mát có nhiều không gian học tập và giải trí đa dạng,2
đại học sư phạm hà nội đại học sư phạm hà nội hnue,2
trường học sạch sẽ và rộng rãi khi tôi đến tôi vẫn nhìn thấy khuôn mặt của những giáo viên đã cho tôi trượt kỳ thi,2
trường có khuôn viên đẹp giảng viên và sinh viên cực kỳ nhiệt tình trong trường có một con đường tình yêu rất lãng mạn nhưng nó chỉ áp dụng khi bạn có bạn gái,2
mặc dù tôi đang học c3 đây là ngôi trường tôi luôn muốn vào,2
không gian rộng rãi sạch sẽ môi trường sư phạm đích thực,2
ngôi trường thân yêu của tôi,2
thật tuyệt vời tôi yêu trường học,2
ngôi trường lưu giữ nhiều kỷ niệm đẹp,2
có rất nhiều đồ ăn ở cổng ký túc xá,2
trường học rất bận rộn,0
tôi hy vọng một ngày nào đó sớm thôi tôi sẽ được đặt chân đến ngôi trường này,2
yêu trường mãi mãi,2
đại học quốc gia hà nội là một trong những ngôi trường lâu đời nhất ngôi trường nổi tiếng với nhiều thế hệ thầy cô và sinh viên tốt nghiệp xuất sắc ngôi trường mới được cải tạo nên rộng rãi và sạch sẽ,2
nơi nuôi dưỡng ước mơ đào tạo và giảng dạy thế hệ tiếp theo,2
love truong,2
con đường chứa đựng nhiều kỷ niệm của những người đã từng học tại đại học sư phạm hà nội chỉ một đoạn ngắn từ ký túc xá đến phía sau nhà xứ với những hàng cây nhãn râm mát yên bình,2
khuôn viên trường rộng rãi và đẹp,2
đã đánh rơi 1 tài năng,1
ngôi trường khá đẹp và rộng rãi,2
khuôn viên trường cực kỳ rộng rãi nhưng đường cầu giấy vẫn còn lộn xộn tôi hy vọng việc xây dựng sẽ hoàn thành sau đại dịch,2
trường học đạt điểm quá cao,0
rộng rãi sạch sẽ đẹp đẽ nhưng khi bạn vào xe có một nhân viên bảo vệ đuổi theo đòi mua vé đỗ xe những người làm việc với trường không hài lòng với quy định này,0
cô ấy thật xinh đẹp,2
hoa mùa xuân nở rộ,2
trải nghiệm tệ nếu bạn muốn gọi điện và hỏi thì còn khó hơn gọi tổng cộng 20 lần trước khi có người trả lời điện thoại khi tôi trả lời điện thoại thì họ nói rằng đó không phải là bộ phận phụ trách yêu cầu số máy lẻ của,0
tôi đã từng đi nước ngoài học tiếng việt không có giáo viên toàn thời gian nên các giáo viên có thời gian rảnh sẽ thay phiên nhau dạy,1
ôi la la trường này đào tạo ra những cầu thủ giỏi thế và để giúp nhiều phụ nữ chụp ảnh với nghìn like họ cần,2
trường đại học sư phạm hà nội là trung tâm đào tạo đại học sau đại học nghiên cứu và ứng dụng khoa học giáo dục chất lượng cao đào tạo đa ngành là một trong những trường đại học trọng điểm của việt nam được thành lập ngày 11 tháng 10 năm 2011,2
sân trường rộng khuôn viên mát mẻ có con đường tình yêu cực khoái có nhiều dịch vụ ăn uống giá rẻ cho sinh viên gần chợ xanh đi mua sắm quần áo sinh viên,2
hnue luôn là số 1 trong trái tim tôi,2
trường có khuôn viên khá rộng và xanh mát khắp nơi đều có hàng cây xanh chỉ có mùa mưa là tất cả thầy cô và học sinh ở đây đều phải lội qua nước nhất là những bạn ở ký túc xá 4 năm tuổi thơ của tôi thật may mắn khi được học dưới ngôi trường này và cũng ghi dấu nhiều kỷ niệm khó quên,2
nhiều giáo viên rất giỏi và tận tụy cơ sở vật chất đa dạng tuy nhiên cơ sở hạ tầng đang xuống cấp,2
trường có diện tích rất rộng khuôn viên đẹp có 2 cổng ra vào ở đường xuân thủy xe cộ có thể ra vào trường,2
một trong những ngôi trường nổi tiếng ở việt nam tôi cũng mơ ước được học ở ngôi trường này nhưng có lẽ là không may mắn ngôi trường khá lớn nằm cạnh đại học quốc gia hà nội một chút,2
nhiều giảng viên của trường đại học sư phạm hà nội là những chuyên gia đầu ngành có uy tín không chỉ trong nước mà còn trong khu vực và thế giới,2
đây là một ngôi trường tốt thân thiện với mọi người nói chung và học sinh nói riêng về giáo dục trường luôn đứng đầu về giáo dục tại thủ đô hà nội tuy nhiên về cơ sở vật chất vẫn chưa có gì nổi bật nhưng vẫn có một số đổi mới trong sự phát triển của ngành giáo dục việt nam,2
một trong những trường đào tạo sư phạm tốt nhất tại việt nam,2
nhân viên bảo vệ túc trực để thu tiền đỗ xe của khách không có vé biên lai hay biển báo nào quy định bất cứ điều gì,0
cánh đồng rộng lớn những địa điểm tuyệt đẹp,2
trường đẹp không gian thoáng mát,2
trường sư phạm hàng đầu được trang bị đầy đủ cơ sở vật chất tất cả các phòng học đều có máy lạnh và máy chiếu,2
trường đào tạo đội ngũ giáo viên sư phạm chất lượng cơ sở vật chất rộng rãi phục vụ cho quá trình học tập của học sinh,2
là ngôi trường hàng đầu về sư phạm với lịch sử hơn 60 năm xây dựng và phát triển hàng năm trường đều tuyển sinh cử nhân sư phạm với điểm đầu vào khá cao đảm bảo chất lượng đào tạo cho những người giáo viên tương lai,2
cá nhân tôi thấy trường rộng rãi đẹp và không khí trong lành hy vọng trường sẽ ngày càng lớn mạnh hơn đẹp hơn và vững mạnh hơn để đóng góp vào sự phát triển của đất nước,2
trường đại học sư phạm thành phố hồ chí minh tên giao dịch tiếng anh ho chi minh city university of pedagogy hoặc ho chi minh city university of education là trường đại học công lập lâu đời chuyên đào tạo về sư phạm tại thành phố hồ chí minh thành phố hồ chí minh việt nam,2
trường đại học sư phạm hà nội là trung tâm đào tạo đại học sau đại học nghiên cứu và ứng dụng khoa học giáo dục và đào tạo liên ngành chất lượng cao là một trong những trường đại học trọng điểm trong hệ thống giáo dục việt nam,2
đây là trường đại học danh giá nhất về đào tạo giáo viên có một thời gian đây là ngôi trường được đánh giá cao nhất là ước mơ của nhiều thế hệ sinh viên,2
khối thpt tại trường này khá tốt điểm trung bình toàn năm lớp 9 các môn đăng ký học lớp chuyên toán dành cho thí sinh học chuyên toán và tin học vật lý dành cho thí sinh,2
giống như mạnh mẽ trường chuyên đào tạo giáo viên cho cả nước,2
ngôi trường mơ ước của tôi khi còn học phổ thông ngôi trường đẹp giáo viên nhiệt tình học sinh năng động đặc biệt là nhiều bạn dễ thương bạn gái cũng xinh nữa,2
trông vẫn giống trường học nhưng có quá nhiều xe máy trong khuôn viên trường,0
trường này nổi tiếng lắm hè nào mình cũng đi ngang qua đây trước cổng trường có một cây hoa mình không biết tên gì màu vàng rất đẹp hàng năm sau khi tốt nghiệp sinh viên đều đến đó chụp ảnh,2
rất tò mò về nội dung trên bảng thông tin của trường nhưng không thể đọc được chữ màu vàng trên nền sáng rất khó nhìn,0
tôi thích trường sư phạm đó là ước mơ của tôi nhưng tôi không thể đạt được khi tôi học lớp 12 một cậu bé đã đưa tôi từ quê lên thăm trường vì tôi thực sự thích trường tại sao tôi lại quyết định thi báo chí vào ngày thi thật may mắn ngày đó tôi đã đưa ra quyết định đúng đắn,2
trường đại học sư phạm hà nội được thành lập ngày 11 tháng 10 năm 1951 theo nghị định số 276 của bộ trưởng bộ giáo dục việt nam,1
mọi thứ ở đây đều tốt nếu trường này nằm ở vùng ngoại ô thì sẽ tốt hơn,2
ngôi trường tuyệt vời không gian rộng rãi thoáng mát nơi ươm mầm những giáo viên tương lai,2
cơ sở vật chất rất tốt các bạn tình nguyện viên trẻ rất nhiệt tình và hăng hái nói chuyện rất lịch sự phòng học sạch sẽ gọn gàng và thoải mái môi trường học tập ở đây rất tốt các thầy cô cũng rất hiểu tâm lý học sinh tuy nhiên vào mùa tuyển sinh đông đúc đường thường bị tắc nghẽn,2
trường được thành lập vào những năm 50 của thế kỷ 20 trong thời kỳ kháng chiến chống mỹ có một thời gian di tản về quê tôi là hưng yên,2
ngôi trường qua nhiều thế hệ đã đào tạo nên biết bao con người thầm lặng cống hiến cho đất nước nâng cao và phát triển trình độ dân trí,2
môi trường đào tạo thân thiện,2
nhà trường đã đào tạo nhiều thế hệ giáo viên giảng viên ưu tú cho nền giáo dục nước nhà,2
sẽ là học sinh của trường em rất vinh dự và phấn khởi khi bước vào cánh cổng của cái nôi giáo dục hàng đầu việt nam,2
ngôi trường tôi đang theo học rộng rãi và thoáng mát có sân vận động lớn chất lượng đào tạo tốt đặc biệt là miễn học phí,2
đẹp nhưng buồn vì sợi dây nhiều năm truyền thống trong đào tạo giáo viên,2
rất yêu thích,2
hiện tại các bạn nên hạn chế đi qua trường đại học sư phạm nhé vì rất dễ bị kẹt xe và gây tai nạn,0
không gian rộng rãi nhiều vị trí chụp ảnh đẹp bảo vệ ra vào khu vực trường học thoải mái,2
xin chào các thầy cô tôi muốn liên hệ chính thức với khoa địa lý năm nay trường có mở cửa không và mua hồ sơ ở đâu,1
ở đây tôi và bạn bè được học với những người thầy đáng kính cảm ơn các thầy cô khoa hóa đã dạy chúng tôi trưởng thành,2
tôi rất thích trường cao đẳng sư phạm nơi tôi đã trải qua 4 năm tuyệt vời nhất của cuộc đời sinh viên ở ký túc xá,2
ngôi trường tuyệt vời với những con người ham học hỏi nơi sản sinh ra những giáo viên xuất sắc cho đất nước,2
chúc bạn thành công trên con đường bạn đã chọn,2
ước mơ vào đại học sư phạm ngày càng xa vời có lẽ sẽ không bao giờ thành hiện thực tôi ước gia đình mình giàu có hơn,0
trường đại học sư phạm hà nội cái nôi đào tạo giáo viên chất lượng cao cho cả nước,2
tên viết tắt của trường là hnue nhưng tên trên google maps lại là trường đại học sư phạm hà nội tôi không hiểu bạn nghĩ gì khi viết như vậy,1
ngôi trường gắn liền với biết bao kỷ niệm và vẫn mang lại niềm vui mỗi khi nhắc đến nhớ thầy cô nhớ bạn bè,2
đại học giáo sư phạm là trường đại học hàng đầu cả nước đào tạo ra đội ngũ giáo viên chất lượng,2
trường là nơi đào tạo ra những giáo viên giỏi cho hệ thống giáo dục của đất nước,2
khuôn viên trường thoáng mát và có nhiều địa điểm hẹn hò cho các cặp đôi sinh viên,2
ngôi trường mà tôi từng mơ ước và theo đuổi đam mê nơi giá trị con người được tạo ra,2
nhiều cây xanh view trường học đẹp mát mẻ dành cho những ai thích sống ảo,2
nơi huấn luyện quân sự tuyệt vời,2
môi trường đẹp giàu truyền thống,2
trường đại học sư phạm hà nội đào tạo giáo viên cho khu vực phía bắc việt nam,2
trường đại học đào tạo ra đội ngũ giáo viên chất lượng cao và uy tín,2
ngôi trường đào tạo nhiều thế hệ giáo viên nhà giáo dục xuất sắc cho sự nghiệp giáo dục của đất nước,2
nhà trường tổ chức nhiều sự kiện cho học sinh,2
trường đại học sư phạm hà nội được thành lập ngày 11 tháng 10 năm 1951 theo nghị định 276 của bộ giáo dục quốc gia việt nam ngày 10 tháng 12 năm 1993 theo nghị định 97cp của chính phủ,1
trước đây tôi cũng có ý định vào trường này và khá thích môi trường sư phạm của trường,2
mở rộng mãi mãi,2
đại học sư phạm hà nội nơi tôi sẽ học trong những năm tháng sinh viên cố gắng hết mình vì một tương lai tươi sáng cố gắng hết mình,2
cảnh đẹp và lãng mạn rất tuyệt vời yêu trường của bạn,2
học tập và vui chơi,2
trường hàng đầu trong lĩnh vực đào tạo sư phạm,2
môi trường giáo dục hiện đại thân thiện chủ động hướng tới người học,2
cuộc họp lớp,1
sư phạm hàng đầu 1,2
môi trường tốt phù hợp để đào tạo giáo viên chất lượng,2
trường có view siêu đẹp để chụp ảnh,2
trường đại học sư phạm hà nội nơi đào tạo ra những giáo viên giỏi,2
môi trường giáo dục rất tốt rộng và nhiều cây xanh,2
được thôi tốt là một trong những trường có thể học được,2
trường học tốt đào tạo giáo viên chất lượng cao,2
trường đào tạo giáo dục hàng đầu cả nước,2
trường đại học sư phạm hà nội là trường đại học sư phạm hàng đầu việt nam,2
block k ở đâu tôi sắp thi năng khiếu ở trường này,1
suỵt,1
cơ sở hạ tầng đã được đầu tư và cải tạo chất lượng giảng dạy đã giảm sút,0
ngôi trường thân yêu những kỷ niệm trong mơ của tôi,2
trường đào tạo giáo viên và có nhiều nữ sinh xinh đẹp,2
rộng rãi có nhiều chỗ để chụp ảnh,2
ngôi trường hiện đại không gian xanh sạch đẹp,2
nơi đào tạo giáo viên tương lai cho đất nước,2
không gian đẹp chất lượng giáo dục trung bình,2
chuyên đào tạo giáo viên các cấp cho toàn quốc,2
trường có nhiều cô giáo tương lai xinh đẹp,2
ký túc xá giáo viên là nơi vui nhất,2
nơi đào tạo giáo viên tương lai,2
tự hào là học sinh của trường,2
học ở đây chắc phải 5,2
khuôn viên trường có nhiều cây xanh mát mẻ,2
trường đại học của tôi rất nhiều kỷ niệm tuyệt vời những khoảnh khắc lớn quý giá trong cuộc đời tôi đã được tạo ra trong,2
giáo dục chất lượng cao tôi tự hào là sinh viên của trường đại học,2
cá nhân tôi có ấn tượng rất tốt về trường đại học này họ có rất nhiều người tài năng trong mọi lĩnh vực và đều có kỹ năng,2
tôi đã học tại đại học học viện tài chính đây là một nơi tuyệt vời tôi có thể học mọi thứ về tài chính kế toán kiểm toán ngoài ra trường còn có hệ thống chuyên nghiệp bao gồm giáo viên giỏi và đội ngũ nhân viên tốt,2
nó tốt,2
học viện tài chính tốt nhưng khá xa trung tâm hà nội,2
tôi yêu aof học viện tài chính 3 tuyệt vời,2
xa bạn,1
ổ cứng,1
yêu aof,2
tôi yêu những nơi này,2
khuôn viên tuyệt vời và sinh viên thân thiện,2
tôi 3 aof,2
chào,1
đó là trường học của tôi,1
aaaaaaa,2
công cộng,1
mát mẻ,2
học viện tuyệt vời,2
một trường đại học tốt,2
thuộc kinh tế,1
tiền bạc,1
đây là trường đại học của tôi,1
học sinh thân thiện,2
ấn tượng đầu tiên của tôi là nơi này trông không giống một trường đại học chút nào nó khiến tôi cảm thấy cũ kỹ và chất lượng thấp tôi không nghĩ đây là một trường đại học liên quan đến tài chính mọi thứ trông thực sự tệ khi so sánh với các trường đại học khác nói chung,0
để biết được kết quả đầu ra của hệ thống học từ xa nhà trường yêu cầu chúng tôi phải xin tất cả các giấy tờ bao gồm giấy chứng nhận và danh sách xác nhận có kỳ thi trên máy tính tại trường cũ điều gì đã xảy ra ai có thể cung cấp cho chúng tôi,0
học ở đây 4 năm tôi không thể đếm được số lần tôi ăn ngoài bởi vì có rất nhiều đồ ăn ngon xung quanh tachi,2
gái đẹp trường đẹp mình gần như có mối tình đầu khi học ở đây,2
tiền là thứ mọi người muốn nghĩ về học viện tài chính có nghĩa là nghĩ về tiền tương lai của đất nước nằm ở các trường đại học học viện tài chính cũng là 1 thật tuyệt vời,2
trời ơi tầng 5 của nhà đại bàng không có tiết học nào cả trời nóng quá nên tôi sẽ ngủ nên tôi sẽ ngủ như j,0
ngôi trường rộng rãi khang trang đào tạo ra những sinh viên xuất sắc trong các lĩnh vực kinh tế một trong những lĩnh vực trọng điểm của hà nội,2
học viện tài chính trực thuộc bộ tài chính chịu sự quản lý nhà nước của bộ giáo dục và đào tạo là một trong những trường đại học công lập hàng đầu về khối ngành kinh tế tại việt nam,2
tôi không đạt 7 điểm trong kỳ thi tốt nghiệp phổ thông nhưng tôi vẫn vào được một trường tuyệt vời,2
trường có nền tảng lâu đời và là nơi đào tạo nguồn nhân lực tài chính kế toán cho đất nước vị trí vẫn còn xa trung tâm nên việc đi lại không thuận tiện,0
học viện có bề dày thành tích là một trong những trường hàng đầu với điểm thi tuyển sinh rất cao chất lượng học tập tốt và đặc biệt là 80 là nữ vì vậy nếu bạn có người yêu hãy cẩn thận nằm ngay cạnh trường mỏ địa chất của tôi hàng xóm của tôi rất thích ngôi trường này,2
em hy vọng ngày ngôi trường mới được xây dựng để chúng em có thể trở lại trường sẽ hoàn hảo hơn nhưng thật lòng mà nói khi mới bước chân vào trường và thủ phủ cổ lò nhuệ em cũng hơi sốc vì cơ sở vật chất chưa tốt,0
thiết kế của trường rất đẹp và độc đáo xứng đáng là một học viện lâu đời,2
gửi thanh thiếu niên đến đây là điều xứng đáng,2
học viện tài chính tên tiếng anh academy of finance viết tắt là aof trực thuộc bộ tài chính chịu sự quản lý nhà nước của bộ giáo dục và đào tạo là một trong những trường đại học công lập đào tạo ngành kinh tế hàng đầu tại việt nam,1
mặc dù chỉ có mùa thi và mùa ôn thi nhưng cách học liên tục mà không nhồi nhét kiến thức thực sự rất tuyệt vời,2
nơi đào tạo cử nhân kinh tế số 1 về đào tạo kế toán,2
financial academy nơi đào tạo ra những nhân tài cho đất nước đội ngũ giảng viên tận tâm chu đáo môi trường sạch sẽ đặc biệt là thiên đường ẩm thực thu nhỏ giữa lòng hà nội không bao giờ hối hận khi lựa chọn học viện tài chính là nơi biến ước mơ của mình thành hiện thực,2
hvtc là nv2 là do các bạn cố gắng chưa đủ là do các bạn lười nhưng học ở đây khiến mình thấy may mắn may mắn vì đã quyết định học ở đây môi trường học thân thiện dễ hòa nhập sinh viên được quan tâm như,2
tôi không phải là sinh viên hay thực tập sinh của học viện tài chính nhưng tôi là ứng viên đã tham gia kỳ thi tuyển dụng giảng viên theo kế hoạch tuyển dụng của học viện về không gian trường rất rộng rãi ít nhất là rộng hơn nhiều so với,2
một ngôi trường rất nổi tiếng tại hà nội đường đi qua đây cũng rất đông sinh viên nhưng nếu bạn không phải là sinh viên thì việc tìm chỗ đỗ xe khá khó khăn ở đây cũng có nhiều nhà hàng văn phòng thuận tiện cho việc ăn uống có nhiều quán cà phê với sinh viên và nhân viên học tập và làm việc,2
trường đại học có chất lượng đào tạo tốt,2
lúc mới đến ký túc xá khá cũ nhưng đó là năm 2019 đến năm 2020 toàn bộ khu ký túc xá đã được cải tạo sáng sủa hơn và trông khá thoải mái,2
10d hệ thống ct leo lên tầng 5 để học ở trường,2
trường xa quá mỗi lần đi học cảm giác như đi từ đầu này đến đầu kia của hà nội vậy bể bơi của trường thì có gì đó đồ ăn quanh trường khá ngon và cực kỳ rẻ nhưng không đa dạng lắm nói chung là nếu muốn thành thạo các kỹ năng thì đến đây học,0
viện đào tạo tài chính kế toán hàng đầu,2
trường không quá lớn đường đến học viện khá hẹp và rất đông đúc,0
5 sao vì đã mời tling,2
địa điểm học xa trung tâm thành phố có lợi thế là chi phí sinh hoạt ở khu vực này rẻ hơn đào tạo tại học viện tài chính rất tốt nhưng cơ sở hạ tầng ở khu cổ nhuế kém mưa nhiều đường sá nhỏ,0
tiện ích thì tốt và quy mô lớn nhưng có vẻ vị trí này khá khó tìm vì đường quá nhỏ mật độ dân số lại quá cao nên tình trạng tắc nghẽn khó giải quyết,0
không chỉ có đồ ăn mà còn rất nhiều đồ ăn nữa,2
tiệm cắt tóc hvtc,1
đã lâu rồi không có cơ hội quay lại trường học,1
thật tuyệt vời,2
chất lượng đào tạo rất tốt,2
xa trung tâm,0
1 dù tôi chỉ là một bóng ma tôi vẫn không muốn đứng ở đầu giường để nhìn bộ dạng ngủ xấu xí của anh lol,0
đây là một ngôi trường đáng ngưỡng mộ đối với tôi,2
đường hơi quanh co chúng tôi đến một quán cà phê khá đẹp nói chung là chúng tôi ở lại đó 1 tiếng nên không cảm nhận được nhiều chỉ thấy đường đông đúc nhưng hơi hẹp cảm giác hơi ngột ngạt,0
nhìn lễ tốt nghiệp khiến tim tôi rung động,2
các trường học tư bản lấy tiền của học sinh giáo viên nói một đằng làm một nẻo người bán sách nói rằng không sao nếu bạn không mua chúng nhưng nếu bạn không mua hãy nhắn tin cho họ và nói khi nào bạn sẽ ngừng mua chúng rồi đe dọa họ bằng,0
trường hơi xa trung tâm nhưng khu ăn uống khá rẻ và tiện lợi xung quanh là trường đại học mỏ và đại học tài nguyên và môi trường khuôn viên trường tuy nhỏ nhưng khá ổn định,2
nơi tụ họp của những nhà lãnh đạo tài năng chủ doanh nghiệp,2
ngôi trường lớn và đẹp ngôi trường mới xây,2
cq481506 chúc hvtc đào tạo được nhiều nhân tài cho đất nước,2
chân gà ngon lắm các bạn ạ,2
ngôi trường này rất tốt,2
mk từng học ở đây giờ chuyển sang luật nhà nhỏ hơi cũ xa trung tâm quan trọng là chất lượng giảng dạy tốt và đội ngũ giáo viên tận tâm nhiều thế hệ thành đạt đã xuất thân từ,2
trường học bán đồ ăn nhẹ,1
5 tuổi và một ngôi trường tuyệt vời tôi yêu ngôi trường của mình rất nhiều,2
đội ngũ giảng viên của trường có trình độ chuyên môn cao trường là điểm đến uy tín trong lĩnh vực tài chính kế toán tỷ lệ cạnh tranh để trúng tuyển vào trường khá cao,2
trường không lớn lắm đi một vòng là hết trước đây trường nằm ở ngoại thành nhưng giờ đã chuyển về quận bắc từ liêm giá cả ở đây tương đối phù hợp với sinh viên,1
rất mát mẻ và phù hợp với nhu cầu của mọi người đây là nơi thích hợp cho những ai thích ăn vặt với những món ăn vặt cực kỳ hấp dẫn giá rẻ và luôn nóng hổi đây là ngôi trường có truyền thống và kinh nghiệm lâu đời mặc dù trời mưa đường sẽ hơi ướt và bạn phải cẩn thận nhưng đây là một nơi tốt,2
một phần tuổi trẻ ở lại đây,1
khu ẩm thực của tachi rất đa dạng bún phở cháo lẩu nướngkem trà sữa sinh tố đậu phụ,2
càng học càng khám phá ra nhiều điều thú vị mọi người quan tâm đến bạn bè tôi như chưa từng được quan tâm một con số các giáo viên cực kỳ dễ thương kỳ thi khá nặng nhưng việc học không quá nặng orange 360 là một cơn hạn hán d hơi xa trung tâm và kẹt xe,0
học viện tài chính có nhiều cô gái xinh đẹp,2
phiên bản tiếng anh dành cho máy tính trang chủ,1
trường cung cấp đào tạo về kinh tế tài chính ngân hàng và có nhiều cựu sinh viên thành đạt,2
tuy cơ sở vật chất không được tốt như một số trường khác trường lại xa trung tâm nhưng chất lượng giảng dạy rất tốt đặc biệt tập trung vào các môn kế toán và tài chính ngân hàng giáo viên cực kỳ nhiệt tình và,2
học viện tài chính số 58 lê văn hiến phường đức thắng quận bắc từ liêm hà nội học viện tài chính trực thuộc bộ tài chính và chịu sự quản lý nhà nước của bộ giáo dục và đào tạo là một trong những,1
học viện tài chính trên đường lê văn hiến là một khu dân cư rất đông đúc nhiều sinh viên ở các khu phố lân cận và có rất nhiều mặt hàng được bán ở khắp mọi nơi ở đây,1
trường chuyên đào tạo nguồn nhân lực tài chính kế toán kiểm toán và ngân hàng địa điểm trường nằm trong một con hẻm nhỏ không xứng với học viện tài chính ps nhiều gái đẹp,2
trải nghiệm tuyệt vời mọi thứ đều hoàn hảo tình yêu mãi mãi,2
trường sạch đẹp học sinh thân thiện,2
nói chung là trường khá to và đẹp có rất nhiều bạn gái xinh mình là người duy nhất chịu trách nhiệm vì không có bạn gái xinh nào,2
học viện uy tín sinh viên năng động sáng tạo các câu lạc bộ đều rất phát triển chỉ có điều mặt tiền trường hơi chật,2
đại học tài chính kế toán một thời,2
ăn khắp thế giới nhưng nhiều nhà hàng không thực sự như lời đồn phần còn lại chỉ như lời đồn,0
ngôi trường này giống như bất kỳ ngôi trường nào khác đều có ưu điểm và nhược điểmnhưng hầu hết mọi người đều nhìn vào lợi thế là bằng cấp của trường có chất lượng tốt hơn,2
đây là một trong những trường đại học hàng đầu tại việt nam nằm gần trường đại học mỏ địa chất có rất nhiều người giỏi ở đây đóng góp cho sự phát triển của đất nước,2
trở về thăm trường cũ,2
các cô gái ở đây rất xinh và dễ thương họ rất chăm chỉ và nỗ lực thật đáng ngưỡng mộ nhận xét từ một cô gái ở trường bên cạnh,2
trường cung cấp chương trình đào tạo rất tốt về kế toán và tài chính một lựa chọn tốt cho sinh viên,2
học viện tài chính là trường đại học hàng đầu việt nam đào tạo cử nhân chuyên ngành kế toán,2
học viện rất đẹp tôi đã đi qua đó nhiều lần nhưng chưa bao giờ vào tôi hy vọng sẽ đến đó một lần để giao lưu và học hỏi thêm d,2
nếu coi sự bận rộn về tài chính là số 2 thì không có trường đại học nào ở hà nội được xếp hạng số 1,2
trường đào tạo nhiều học viên cực kỳ đông đúc học viên thân thiện và dễ thương đồ ăn ngon,2
nhỏ nhưng rất sôi động với nhiều hoạt động học sinh làm việc đến 10 giờ tối,2
xung quanh trường có nhiều đồ ăn vặt sắp chuyển sang trường mới rồi hi hi,2
tôi đã thích trường này từ lâu rồi tôi hy vọng năm nay tôi có thể vào trường với tư cách là học sinh mới của học việnps nhưng tôi đang háo hức chờ tên mình có trong danh sách,2
không biết,1
khi dịch bệnh ở hà nội lên đến đỉnh điểm học viện vẫn ép học sinh ra hà nội để thi,0
học viện tài chính được thành lập theo quyết định số 1202001 qđttg ngày 17 tháng 8 năm 2001 của thủ tướng chính phủ trên cơ sở sáp nhập trường đại học tài chính,1
thuộc top trường đào tạo hàng đầu việt nam nơi mà nhiều học sinh mơ ước bước vào mỗi kỳ tuyển sinh,2
là trường đại học hàng đầu tại việt nam đào tạo chuyên gia tài chính có truyền thống lâu đời,2
một trong những ngôi trường hot nhất khiến các thí sinh đau đầu không biết có nên thi hay không,2
một nơi thích hợp để nộp phạt học tập không sửa vẫn như vậy,0
học viện tài chính trực thuộc bộ tài chính và chịu sự quản lý nhà nước của bộ giáo dục và đào tạo đây là một trong những trường đại học công lập hàng đầu trong lĩnh vực kinh tế tại việt nam hiện nay với các chuyên ngành đào tạo chính là kế toán và tài chính,2
trường đẹp nhưng hơi nhỏ cổng trường lúc nào cũng đông đúc xung quanh trường có nhiều quán ăn ngon,2
đây là trường đại học tốt hàng đầu việt nam đào tạo nhiều nhân tài cho đất nước,2
tiện nghi đầy đủ,2
trường khá nhỏ không có gì đặc biệt để tham quan tuy nhiên chất lượng đào tạo thì tốt,2
trương nguyên chuyển đến từ thị xã phúc yên tỉnh vĩnh phúc chuyên đào tạo nhân sự cho ngành tài chính,2
là một trong những trường hàng đầu về đào tạo tài chính kế toán,2
nằm gần mỏ địa chất có một giếng cầu vồng tình yêu bể bơi rất bẩn d,0
học viện có chất lượng đào tạo hàng đầu trong lĩnh vực tài chính tại việt nam,2
đồ ăn rẻ đa dạng rất phù hợp với sinh viên,2
cổng thông tin tài chính,1
vì đây là ngôi trường tôi đang theo học nó gắn liền với ước mơ tương lai của tôi,2
đây là một ngôi trường tuyệt vời giúp tôi trưởng thành,2
giá tốt máy đẹp cảm ơn bạn đã ủng hộ lâu dài,2
tôi đã học 5 năm tại ngôi trường này từ năm 1978 đến năm 1984 với nhiều kỷ niệm tuyệt vời,2
trường học rộng rãi và đẹp nhưng đường đi đến đó không thuận tiện lắm,2
tôi hy vọng ước mơ của tôi trong năm nay sẽ thành hiện thực 2020,2
hoang dã vui lòng đến thăm trường trước khi ghi danh,2
nhộn nhịp và đông đúc không thiếu đồ ăn và đồ uống,2
học viện tài chính tên tiếng anh academy of finance viết tắt là aof là trường đại học trực thuộc bộ tài chính chịu sự quản lý nhà nước của bộ giáo dục và đào tạo là một trong những trường đại học công lập hàng đầu về khối ngành kinh tế tại việt nam,1
nơi sản sinh ra nhiều sinh viên tài năng học viện tài chính chiến đấu d,2
tôi thấy có rất nhiều tin đồn tiêu cực giáo viên kiếm được rất nhiều tiền,2
học viện rất lớn và đẹp,2
ngôi trường này rất khó tìm nhưng nó có rất nhiều nam sinh và nữ sinh xinh đẹp,2
bạn có để ý là học phí ngày càng cao không tôi không biết tại sao học phí lại cao như vậy,0
học viện tài chính là ngôi trường được nhiều sinh viên mong muốn theo học,2
đường ở nơi này hơi hẹp so với một trường đại học,0
đồ ăn xung quanh ngon hvtc mới đang được xây dựng,2
một người thích ăn đậu phụ nhưng không được phép mua nó,0
người hâm mộ số 1 của tôi là người hâm mộ lớn nhất vì vậy tôi đã cho trường 1 sao,2
thiên đường ngon lành,2
một trong những trường hàng đầu cả nước điểm đầu vào rất cao,2
một trong những ngôi trường danh tiếng có chất lượng đào tạo cao nhất,2
tôi có một người chú dạy ở đây thông tin chính xác mọi người nhé,2
đây là ngôi trường đào tạo ra nhiều nhân tài cho đất nước,2
người quản lý khá thân thiện chỗ để xe bên dưới chật chội và hơi tối,2
cuối cùng thì mình cũng được làm học sinh của trường rồi 0,2
đồ ăn ở đây ngon và rẻ,2
không phải là lựa chọn đầu tiên nhưng sẽ học cách yêu thích nó,2
bạn thân mến tôi đã yêu cầu bạn đánh giá tôi 5 sao,2
to và đẹp nhưng không ở vị trí đẹp giao thông không thuận tiện,1
ngôi trường không lớn lắm đồ ăn thì ngon và các cô gái thì khá xinh,2
xin hỏi trường minh có số 2 nào cho hà đông không,1
thật tuyệt vời khi tìm thấy trường đại học,2
một trong những trường đào tạo hàng đầu tiêu cực nhất,0
học viện tài chính hovj đào tạo sinh viên chuyên ngành kinh tế tài chính,2
đào tạo tốt đáp ứng nhu cầu xã hội,2
ngôi trường lớn đẹp và sắp được xây dựng mới,2
trường nào tốt hơn cho sinh viên và ngành kinh tế quốc dân,2
vườn ươm tài năng của đất nước,2
trường học khá tốt điều kiện sống tốt,2
chất lượng đào tạo của trường rất tốt,2
tôi thực sự thích trường học tôi hy vọng mình có thể vào được trường đó,2
trường có nhiều hoạt động ngoại khóa dành cho học sinh,2
rất chuẩn càng nhiều chi tiết càng tốt,2
tôi sẽ vượt qua kỳ thi aof đại học năm 2021,1
hòa tan mô mỡ thừa trong cơ thể,2
môi trường đào tạo tốt trường có nhiều cô gái xinh đẹp,2
ngôi trường không lớn lắm nhưng có quá nhiều học sinh,0
học phí ở đây là bao nhiêu,1
một tình yêu lớn của cuộc đời tôi,1
đại học việt nam,1
con đường dẫn đến trường khá hẹp và quanh co,0
tình yêu đầu tiên của tôi ở đó,1
bao nhiêu năm rồi cảnh tượng vẫn vậy,1
đào tạo kế toán hàng đầu,2
nguyen dang manh,1
dịch vụ ăn uống đầy đủ,2
thật là đẹp,2
thức ăn ngon thư viện tuyệt vời,2
tâm trí kỳ diệu sự giàu có tiến bộ,2
học viện tài chính trực thuộc bộ tài chính,1
rất đẹp và thú vị,2
ngôi trường thân yêu yêu mãi mãi,2
xin chào học viện tài chính tôi đang học ở đây,1
đó là một phần của thanh xuân,1
lắp đặt 5 camera dahua tại đây,1
nhiều phụ nữ đẹp,2
sản phẩm chất lượng,2
đây là trường của tôi,1
vị trí không ổn định,0
đào tạo tiêu chuẩn,2
ngôi trường đẹp quá,2
cách tốt để thay đổi suy nghĩ của chúng ta không có tiền và không có bạn bè làm sao chúng ta có thể đi khắp thế giới với tôi trong quá khứ tôi đã nói tôi không thể làm được tuy nhiên có một số người đã đi,1
trường đại học tốt cho sinh viên muốn học ngành khai thác mỏ và địa chất,2
xin chào mọi người,1
tôi đang học ở đây một trường đại học tốt,2
làm tốt lắm,2
ký ức của tôi,1
em yêu,2
bây giờ thì tốt hơn nhiều rồi,2
tôi yêu3 humg,2
tôi yêu,2
đã ở đây,1
được⁰,2
đến,1
trường đại học mỏ địa chất nổi tiếng,2
trong văn phòng,1
không khí trong lành,2
humg số một,1
trường đến,1
vào lúc 9h00 ngày 01112024 tại sân bóng đá đô thị trường đại học mỏ địa chất lễ khai mạc giải bóng đá nam sinh viên humg 2024 đã chính thức diễn ra,1
ngôi trường rất ấn tượng thân thiện có nhiều điểm checkin cho du khách bảo tàng địa chất khám phá kho báu dưới lòng đất công viên khủng long tại đây bạn có thể học nhiều lĩnh vực khoa học trái đất giúp bạn hiểu và khai thác,2
có dịp trở về ngôi trường thân yêu của mình nhân dịp công bố quyết định của hiệu trưởng nhà trường của gs trần thanh hải trong lòng tôi vô cùng xúc động và phấn khởi trường đại học mỏ địa chất là một ngôi trường hàng đầu,2
em sắp vào trường nên chưa biết cách đào tạo mọi người và cần những giấy tờ gì để nhập học và trường toàn nam đúng không,1
khi đăng ký trực tiếp tại trường tôi có cần phải xuất trình giấy tờ mở tài khoản không,1
tôi đã yêu cầu nhà trường hỗ trợ trên nhiều kênh khác nhau nhưng không nhận được sự giúp đỡ vấn đề của tôi là tôi đã xem lại bảng điểm trực tuyến và gửi đến trường và tại,0
ngôi trường hiện tại đẹp hơn nhiều so với năm 2012 8 năm đã thay đổi rất nhiều đường rộng hơn và bạn không còn phải đỗ xe bên ngoài nữa,2
nhà trường giữ bằng tốt nghiệp của sinh viên quá lâu không có lịch cấp bằng ảnh hưởng đến vấn đề xin việc k64 đã tốt nghiệp cách đây 5 tháng và vẫn chưa có lịch cấp bằng ở các trường khác 2k2,0
jamong garden coffee địa chỉ đường văn tiến dũng minh khai bắc từ liêm hn đối diện sở viễn thám,1
tôi là học sinh k65 năm thứ 3 và sắp tốt nghiệp tôi rất thích ngôi trường này vì các thầy cô đều nhiệt tình và tận tụy tôi chắc chắn khi tốt nghiệp tôi vẫn sẽ có rất nhiều kỷ niệm hy vọng bạn cũng sẽ có được những trải nghiệm như tôi,2
tôi yêu trường tôi nab k69,2
là cựu sinh viên khoa dầu khí trường đại học mỏ địa chất tôi đánh giá rất cao nền tảng kiến thức của các thầy cô giáo và chương trình đào tạo của khoa và nhà trường thật vui mừng khi thấy rằng,2
kính gửi nhà trường lớp k57 đã hơn 10 năm chưa trở lại,1
trường có truyền thống lâu đời nhiều hoạt động học sinh năng động sáng tạo đầy đủ các hoạt động cho học sinh như hiến máu câu lạc bộ sức khỏe giải trí vui chơi cắm trại ăn uống họp hành quang cảnh tuyệt vời cho học sinh sinh sống,2
ngôi trường này cũng rất đáng học cơ sở vật chất tốt học phí rẻ hơn so với các trường khác,2
tôi không biết trường tôi có đào tạo tốt về cơ điện tử không,1
tôi cảm thấy nhà trường luôn tạo điều kiện tốt nhất cho học sinh,2
các trường như cc yêu cầu mọi thứ liên quan đến tuyển sinh,2
tôi sắp trở thành sinh viên của khoa khai thác và địa chất nên tôi cho trường 5 sao hehe,2
cho tôi hỏi với 22 điểm khối a tôi có thể thi vào chuyên ngành nào,1
cho 1 sao vì nợ lì xì tết từ tháng 1 đến tháng 5 vẫn chưa trả năm ngoái chỉ trả từ tháng 1 đến tháng 6 học sinh nộp chậm một chút thì bị phạt mình không làm gương,0
cảm ơn trường đã cho em những kỷ niệm khó quên,2
tôi muốn hỏi trường lấy bao nhiêu điểm cho ngành kỹ thuật cơ khí năm 2024,1
trường tuyệt vời nhưng khi nào trường mới xây giảng đường mới tôi sẽ đợi mãi,2
tôi tự hỏi khi nào hệ thống wifi sẽ được nâng cấp ở khu b,0
mỏ địa chất nằm ở cổ nhuế khá xa trung tâm nhưng nơi đây đã đào tạo ra rất nhiều người tài năng,2
tôi là học sinh của trường này mỏ địa chất đã đào tạo ra nhiều người để đóng góp cho đất nước và tôn vinh những thành tựu của học sinh cũng như các giáo viên để tạo ra một môi trường năng động và sáng tạo một ngôi trường mà,2
trường cao đẳng địa chất mỏ địa chỉ phổ viên phường đức thắng quận bắc từ liêm hà nội trường học tuyệt vời và nhiều cây xanh,2
một ngôi trường đẹp nằm ở một vị trí mà tôi rất phấn khích mỗi khi đến đó,2
tôi không hiểu cái cửa hàng một cửa này trong giờ làm việc mọi người ngồi thoa son và nói chuyện xin lỗi các giáo viên rất bận nhưng ngày đã lên lịch là đúng tôi phải đi 37km để lấy tài liệu nhưng khi đến nơi thì tôi được thông báo là tôi vẫn chưa có vài ngày sau vẫn chưa nhận được,0
không có tương lai nào cả,0
một ngôi trường tuyệt vời các thầy cô nhiệt tình các bạn học sinh thân thiện cảm ơn các thầy cô đã cho em một tuổi thanh xuân tươi đẹp ở đây cảm ơn các thầy cô rất nhiều,2
tôi đã nộp đơn xin ứng dụng và nhà trường vẫn trừ tiền nhưng tôi vẫn chưa nhận được trong 4 tuần,0
trường này hơi khó tìm nó gần xe buýt số 13,0
bởi vì tôi đã học ở trường này tại nyc nên tôi đã cho nó 1 sao,0
một ngôi trường giàu truyền thống một ngôi nhà giàu tình cảm một môi trường tràn đầy tính nhân văn và trí tuệ tôi yêu humg,2
tôi sắp trở thành sinh viên và tôi rất háo hức,2
nơi đào tạo từ chủ tịch xã lên chủ tịch nước một ngôi trường tuyệt vời,2
học phí được thanh toán vào ngày không đúng và các kỳ thi bị cấm nhưng tiền thưởng được lên lịch theo thời gian,0
đẹp hơn rộng rãi hơn 2011,2
giảng dạy nghiêm túc và đào tạo tốt kiến thức cốt lõi thực hành gần giống với thực tế có công,2
ký ức ùa về xung quanh có nhiều viện công nghệ đường xá đông đúc sạch sẽ và thoáng mát dễ tìm và dễ đi bộ,2
anh chị em thân mến cho em xin ít thông tin về ngành dk và tdh công nghệ kỹ thuật ô tô của trường nhé em thấy hai ngành này khá mới ở trường,1
trường có sân bóng đá không,1
ngày đầu tiên đi học thật nhộn nhịp và đầy các cô gái,2
nơi này là nơi tôi học 5 năm đại học,1
khi bạn đến trường và biết rằng trường có hai khu vực cách xa nhau nếu bạn đang học giữa chừng ở khu vực a và bị đuổi đến khu vực b bạn sẽ không bao giờ được vào không có xe buýt ở khu vực b đường thì lầy lội,0
mười điểm tuyệt vời không có nhưng,2
trường đại học mỏ địa chất nơi đào tạo kỹ sư khai thác mỏ hàng đầu tại việt nam,2
hiệu suất kém tôi đã gửi tin nhắn để hỏi phòng nào thu học phí trực tiếp admin trả lời lại địa điểm nhưng không nói với tôi rằng chỉ thu qua chuyển khoản ngân hàng tôi chạy thẳng lên phòng để,0
yêu trường quá,2
giáo viên rất nhiệt tình câu lạc bộ hữu ích,2
trường được thành lập khá lâu khuôn viên rộng rãi được xây dựng tại quận bắc từ liêm trường nằm ngay mặt phố nên khá thuận tiện cơ sở vật chất và chất lượng giảng dạy của trường khá tốt minh hiện đang theo học và đã tốt nghiệp đại học,2
19972002 k42 dvl thăm trường ngày 5 tháng 7 năm 2020,2
các thầy cô giáo dạy rất nhiệt tình và rất tốt nhưng cơ sở vật chất hơi cũ tôi hy vọng ngôi nhà sẽ được sơn lại để sáng sủa và rộng rãi hơn,2
trường học lâu đời,2
ngôi trường mơ ước của hàng ngàn học sinh,2
môi trường năng động và vui vẻ,2
trường có truyền thống giảng dạy phong phú là một trong những trường hàng đầu tại việt nam sinh viên khoa khai thác và địa chất cũng rất nhiệt tình trong học tập cũng như các hoạt động khác,2
nhà trường rất coi trọng việc từng bước cải thiện nhu cầu nhà ở và cơ sở hạ tầng cho cán bộ công chức và sinh viên hiện nay nhà trường đã xây dựng khu ký túc xá sinh viên rộng rãi sạch sẽ với 2 nhà 5 tầng và 1 nhà 2 tầng,2
trường đại học mỏ địa chất được thành lập năm 1966 là trường đại học đa ngành định hướng ứng dụng đào tạo cán bộ khoa học kỹ thuật trình độ đại học và sau đại học trong các lĩnh vực dầu khí xây dựng công nghệ,2
trời nắng quá,0
trường đại học nơi thầy cô gần gũi với học sinh giống như mọi người trong gia đình những ai không hiểu trường học vào ngày 20 tháng 11 sẽ thấy rằng nó vui như tết cựu học sinh quay lại chúc mừng các thầy cô giáo hiện tại và đã nghỉ hưu khoa đã trình bày,2
đây là trường đại học đầu tiên tôi đặt chân đến khi đến hà nội gần như là sinh viên của trường,1
em đang học lớp 2k3 và đang có ý định thi tuyển vào hmug em không chắc học cntt có ổn không và có giống với các trường cntt khác không em mong mọi người cho em ý kiến trước,1
với nhiều thay đổi mạnh mẽ cơ sở vật chất và ký túc xá của trường ngày càng khang trang đời sống của cán bộ nhân viên nhà trường ngày càng được nâng cao,2
năm đầu tiên tôi bước vào cổng trường đại học,1
bố và mẹ tôi đều là học sinh của trường đó,2
trường có đào tạo tốt về công nghệ ô tô không vui lòng cho tôi biết ý kiến của bạn trước,1
năm 1979 trường được chính phủ cho phép chuyển về ngoại thành hà nội đến năm 1983 trường hoàn thành việc chuyển về cơ sở hà nội từ đó đến nay cơ sở vật chất đã được cải thiện đáng kể quy mô đào tạo đã dần mở rộng,1
cho em hỏi để được đăng ký vào ký túc xá của trường thì cần những tiêu chí và điều kiện gì,1
lâu lắm rồi tôi mới quay lại nơi này khác hẳn với lúc tôi học ở đây trường rộng rãi và sạch sẽ hơn đường sá cũng thông thoáng hơn chắc hẳn có nhiều khoa mới,2
sau 5 năm chỉ còn lại bức ảnh này,1
nếu anh trai tôi không học trường này anh ấy sẽ không bao giờ đến đây vì trường khá xa trung tâm và sinh viên ở đây không có nhiều cơ hội giao lưu với các trường đại học khác ở hà nội,0
chỉ ăn sáng trường học đóng cửa học sinh không có,0
một ngôi trường tuyệt vời tôi đã học ở đây 5 năm và thấy chương trình đào tạo vẫn còn nhiều thiếu sót tôi hy vọng trường sớm khắc phục được những điểm yếu đó và ngày càng phát triển hơn nữa,2
một ngôi trường tuyệt vời cuộc sống ở mine có phần yên bình hơn những nơi khác ở hà nội một điều mà các thế hệ học sinh lớn tuổi có thể tự hào bây giờ ngôi trường đã thay đổi rất nhiều vì mục tiêu mà hiệu trưởng đặt ra tất cả vì học sinh,2
admin ơi cho em hỏi ngành cơ khí hiện tại có tuyển sinh không ạ em là sinh viên năm 2k3 và đang có ý định học ở đây trong tương lai gần nhưng học phí năm 20212022 có cao không,1
đào tạo nhiều lĩnh vực học viên giỏi vị trí thuận tiện cho việc đi lại,2
k46cc,1
trường đại học mỏ địa chất là trường đầu ngành trong đào tạo và nghiên cứu khoa học các ngành mỏ địa chất trắc địa bản đồ dầu khí của cả nước,2
haha hôm nay mình vào đây thấy trường cũ nên cho 1 nhưng cô giáo ở đây bảo mình bị đuổi học hahâhhahahhaa,0
khuôn viên trường thoáng mát và đẹp các phòng học được trang bị máy lạnh mát lạnh,2
cơ sở vật chất tốt từ năm 2021 các tuyến đường mới đã được mở để đi học ở cả khu vực a và b tạo sự thuận tiện,2
có lẽ nơi đây sẽ được gọi là ngôi nhà thứ hai của tôi nơi tôi gửi gắm ước mơ nơi tôi hy vọng sẽ trở thành một học sinh mới của ngôi trường này,2
một việt hai kha ba đa bốn quyên câu mà mọi người ở trường mỏ đều biết là như thế này đáng buồn là hiện nay có rất ít học sinh theo học tại trường,0
dù thế nào đi nữa thì cũng cố gắng học hết sức nhé nếu không sẽ phải học lại ngay và không được thi lại đâu hihi,1
trường đào tạo sinh viên trong các lĩnh vực khai thác mỏ khảo sát dầu khí địa chất và hiện nay còn có cả công nghệ thông tin,2
ngôi trường vừa mới được cải tạo và trông rất đẹp không thể chụp ảnh khi đi bộ dưới trời mưa,2
bảo hiểm y tế của tôi vẫn còn hiệu lực đến hết tháng 12 năm 2020 vậy tại sao tôi vẫn phải trả tiền bảo hiểm y tế để được nhập học,0
trường có cơ sở vật chất khá tốt đào tạo các chuyên ngành như kinh tế kỹ thuật quản lý,2
trường đại học mỏ địa chất được thành lập năm 1966 là trường đại học đa ngành định hướng ứng dụng đào tạo cán bộ khoa học kỹ thuật trình độ đại học và sau đại học trong các lĩnh vực dầu khí công nghệ thông tin cơ khí tự động hóa khai thác tài nguyên,2
đại học mỏ địa chất đào tạo sinh viên các chuyên ngành liên quan đến cơ học đất và khai thác tài nguyên từ đất,2
tôi rất yêu trường của mình và chưa bao giờ hối hận khi học tại đại học mỏ và địa chất,2
đại học mỏ địa chất còn gọi là học viện năng lượng đông dương nơi sản sinh ra những kỹ sư ưu tú của việt nam,2
đại học chuyên ngành khai thác mỏ khảo sát địa chất và kỹ thuật khai thác mỏ một lựa chọn tốt cho sinh viên đam mê kỹ thuật,2
chất lượng giáo viên không tốt hoặc kém cơ sở vật chất quá tệ hỗ trợ sinh viên không hiệu quả,0
môi trường đào tạo tốt giáo viên nhiệt tình hỗ trợ và quan tâm đến học viên,2
đào tạo tốt cơ sở vật chất bình thường nằm ở vùng ngoại ô nên không đông đúc gần trường tài chính tài nguyên môi trường và y tế cộng đồng,1
tôi nghĩ là có ít con gái nhưng tôi chỉ chụp ảnh con gái thôi,1
ngày xửa ngày xưa có một cô sinh viên xinh đẹp,2
công ty cổ phần kiến trúc fresh home tri ân các thầy cô trường đại học mỏ địa chất,2
yên tĩnh và thanh bình nhưng thiếu dịch vụ thường xuyên bị kẹt xe khó đi bộ và mệt mỏi khi leo cầu thang,0
nhớ lại thời gian học ở đây thật thú vị có quá nhiều kỷ niệm vui mà tôi sẽ không bao giờ quên,2
trường học bên ngoài cũng bình thường chờ ý kiến đánh giá của học sinh,1
không gian rộng rãi thoáng mát các bạn sinh viên thân thiện và nhiệt tình,2
nếu không phải cccc con cháu của người xưa thì tương lai họ chỉ bán than thôi,0
ngôi trường đáng để học tập với những giáo viên tận tâm,2
trường đại học mỏ địa chất là nơi chào đón những người tài năng,2
việc kinh doanh của phòng đào tạo ngày càng tệ đóng học phí đúng hạn là sai,0
trường đại học tôi đang theo học các thầy cô rất nhiệt tình và tâm huyết,2
tôi có người yêu là sinh viên năm 3,2
một trong những trường đại học hàng đầu việt nam chất lượng đào tạo tốt,2
trường đại học mỏ địa chất là cái nôi đào tạo các chuyên ngành khai khoáng địa chất trắc địa,2
bạn có thể cho tôi biết học phí 1 năm ngành công nghệ thông tin là bao nhiêu không,1
ngôi nhà thứ hai của tôi,1
trường đào tạo kỹ sư khai thác mỏ và địa chất,2
tôi không biết rõ nên tạm thời đánh giá như vậy,1
trường học đã nghỉ quá lâu học trực tuyến vì covid nên ít học sinh,0
nơi đào tạo uy tín chất lượng cao cho các chuyên ngành cụ thể,2
uy tín và chất lượng của trường là tiêu chí hàng đầu,2
trường học sạch sẽ rộng rãi và có trình độ giảng dạy cao,2
những ngày tháng huy hoàng của trường học ngày nay đâu rồi,1
một trong những trường đại học lâu đời nhất ở việt nam,2
cơ sở vật chất đã được nâng cấp khá tốt chất lượng giảng dạy ổn định,2
đánh giá của bạn sẽ được đăng công khai trên web tìm hiểu thêm,1
có một hồ bơi trước cổng trường mỗi khi trời mưa to,2
các mỏ địa chất ở đây đào tạo thợ đục,2
ngôi trường khá nhỏ nhưng ký túc xá thì đẹp,2
cho mình hỏi sáng nay mình vẫn chưa làm thủ tục sáng mai mình có thể đi thi được không,1
không có gì ngoài 2 từ tuyệt vời,2
hội trường 300 khu a trường đại học mỏ địa chất đông ngạc từ liêm hà nội,2
trường đại học khai khoáng và địa chất nằm ngay gần nhà tôi,1
trường đào tạo kỹ thuật khá tốt,2
thương tiếc hiệu trưởng thứ trưởng bộ giáo dục lê hải an,1
tòa nhà 11 tầng có thể được nhìn thấy từ hvtc,1
ngôi trường đã được cải tạo khá đẹp d,2
nơi tuyệt vời để đào tạo các chuyên gia khai thác mỏ và địa chất,2
một ngôi trường với nhiều kỷ niệm,2
chim mặt trời đang học ở đây,1
trường hàng đầu về nghiên cứu khai thác và địa chất,2
khuôn viên trường tốt rộng rãi và thoải mái,2
1 buổi bảo vệ luận văn tốt nghiệp,2
điểm đầu tiên còn lại là 31 tôi đi 3,1
trường có truyền thống lâu đời,2
mì thì ngon nhưng thịt thì quá ít,0
tôi đang cố gắng mua đồ nội thất,1
học sinh mới,1
ngày xửa ngày xưa tôi đã phải đến trường này,1
tuyệt vời như cây vải nhỏ này,2
đã học tuyệt vời,2
chất lượng đang được cải thiện từng ngày,2
trường tuyệt vời,2
một trường đại học nổi tiếng,2
tôi chán quá nên phải hết giấy và phải tập thể dục,0
trường dạy rất tốt,2
trường học giống như,1
không có gì đặc biệt,1
địa chỉ 18 phố đức thắng phường đức thắng quận bắc từ liêm hà nội,1
không sao đâu,1
khuôn viên trường đẹp,2
im lặng,1
đền yên nội,1
nhóm dân cư số 3,1
ngôi trường thật đẹp,2
tiếng việt,1
trường đại học điện lực là cơ sở đào tạo đại học trực thuộc tập đoàn điện lực việt nam bộ công nghiệp có tư cách pháp nhân con dấu và tài khoản riêng trụ sở chính đặt tại thành phố hà nội,1
có ai có thể cho tôi biết trường đại học này có học bổng nào dành cho sinh viên quốc tế không trường cung cấp chương trình ms dẫn đến mphil về kỹ thuật điện chuyên ngành điện,1
trường đại học này tập trung đào tạo sinh viên ngành kỹ thuật đặc biệt là hệ thống điện và công nghệ thông tin,2
số 1,2
nó ổn,1
bình chọn 5sao,2
cười tụt cả mông,2
tôi thích,2
nơi đông đúc,1
điện năng,1
tiện nghi 7510 tòa nhà b e thư viện 9510 tất cả đều rộng rãi thoáng mát sạch sẽ cơ sở vật chất hoàn toàn mới,2
học phí tăng cơ sở vật chất kém thang máy từ tầng 1 đến tầng 4 bị cắt việc xin tiền rất nhanh và thẻ sinh viên vẫn chưa được cấp lại cho sinh viên,0
các giáo viên rất thân thiện mặc dù học phí hơi đắt so với các trường khác nhưng việc học của tôi không gặp nhiều khó khăn như bạn bè tôi,2
chất lượng phòng tập quá tệ cô ấy ở cửa số 2 học viên hỏi cô ơi phòng y tế ở đâu,0
ngôi trường đẹp môi trường học tập thoáng mát khuôn viên trường rộng rãi bãi đậu xe rộng cơ sở vật chất tuyệt vời đây là những thứ mà ngôi trường không có,2
dgc tích cực các lớp học tốt là tòa nhà e b và thư viện,2
vì là học sinh đang học ở trường ma nên mình chỉ vote 1 sao thôi,0
em rất yêu trường học trường học là ngôi nhà thứ hai của em,2
mạng lưới ở đây rất yếu giao thông thường xuyên bị chặn và cơ sở vật chất chỉ đạt 610,0
hành vi và cách xử lý thông tin của học sinh như l giáo viên chưa tốt bãi đỗ xe ngoài trời vẫn còn mặc dù có gara nói chung là nên tránh xa,0
đã hoàn thành chương trình kỹ thuật hệ thống điện ở đây rất tốt nhưng vẫn cần tiếp tục nâng cấp để phù hợp với xu hướng thời đại,2
các anh chị em đang học tại trường đại học điện lực thân mến hãy cho tôi một đánh giá về trường nhé,2
tôi chán quá vì học mà không đậu môn này,0
quang cảnh trường đại học điện lực vào giữa buổi sáng đẹp trời ngày 26 tháng 11 năm 2019 ký tên dat,2
trang web của trường j sập cả ngày sau đó xuất hiện dòng chữ fb88 cờ bạc và cá cược hài kịch,0
tôi thực sự thích môi trường điện giáo viên truyền cảm hứng cho học sinh rất nhiều cảm ơn các thầy cô yêu trường học,2
bãi đậu xe chật hẹp học phí đắt đỏ cơ sở vật chất chưa đầy đủ và cũ kỹ lớp học còn diễn ra vào thứ bảy và chủ nhật,0
học viên thân thiện không gian sạch sẽ thoáng mát đào tạo chuyên sâu,2
trường có cơ sở vật chất tốt và chất lượng giảng dạy được đảm bảo,2
chương trình dọn dẹp miễn phí của dienthoaivui rất hay và thú vị,2
học phí cao chất lượng đào tạo ở mức trung bình cơ sở vật chất trước đây còn nghèo nàn nhưng đang dần được cải thiện trường đại học điện lực trực thuộc bộ công thương việt nam,2
trường đại học điện lực epu có cơ sở vật chất đạt chuẩn chất lượng giảng dạy tốt đội ngũ giảng viên mẫu mực tận tâm rất phù hợp để phát triển bản thân,2
diện tích không lớn lắm có 5 tòa nhà chính và 2 ký túc xá 1 bãi đỗ xe kiêm luôn sân thể thao bóng rổ là một trường tự chủ về tài chính có đầy đủ trang thiết bị học tập nên học phí cũng khá cao 68 triệukỳ,1
chất lượng giảng dạy luôn tuyệt vời,2
trường vaicalon bán nước màu đỏ xanh giả,0
funny phone đang cung cấp dịch vụ vệ sinh điện thoại và máy tính xách tay miễn phí đánh giá 5 sao,2
trường học 10 điểm tôi yêu trường học3,2
đánh giá điện thoại của bạn 5 sao vì khả năng làm sạch,2
tôi không biết khi nào trường sẽ tập trung vào giáo dục thực sự một lần nữa học sinh học thay họ và thi thay họ một cách công khai và cởi mở điểm đánh giá không chính xác bài tập của học sinh cực kỳ tệ chất lượng đào tạo không xứng đáng với,0
đừng đi vào,0
học như l,0
học phí của trường khá cao so với chất lượng 10 triệu tiền nhập học và 1015 triệuhọc kỳ tùy ngành và hệ đào tạo nên học ngành thủy lợi khá vất vả,0
đánh giá 5 sao cho điện thoại của bạn vì đã vệ sinh điện thoại,2
khi tôi cần liên lạc với họ số điện thoại đường dây nóng không thể liên lạc được tôi gọi đến số văn phòng sinh viên bất kể tôi gọi bao nhiêu lần nhưng không ai nhấc máy,0
ngọc hệ món ăn số 1 bao,2
thật tệ khi các sinh viên lại cáu kỉnh,0
thú vị khi vệ sinh điện thoại và máy tính xách tay,2
tiếc quá làm việc chậm hẹn trễ học sinh nên cân nhắc kỹ trước khi quyết định học,0
ngày nay trường tổ chức các chuyến thăm trường qua điện thoại để vệ sinh máy tính xách tay miễn phí điều này thật tuyệt vời,2
họ bảo tôi phải làm thẻ thư viện và nếu tôi không làm tôi sẽ không được vào thư viện tôi đã chi 22 nghìn đô la và vẫn không thấy trường làm gì về thẻ thư viện chỉ 22 nghìn đô la một người nhưng hàng nghìn sinh viên phải trả bao nhiêu tiền,0
trải nghiệm tốt và thú vị,2
thối nát từ hiệu trưởng đến hiệu phó với quá nhiều tai tiếng đặc biệt là từ thời ngôi trường cũ huy hoàng ngôi trường này chẳng là gì cả cơ sở vật chất chỉ xứng đáng được xếp vào loại trường trung cấp không phải,0
về chứng chỉ tiếng anh nhà trường không thông báo kịp thời cho sinh viên trước khi thi chứng chỉ bên ngoài sinh viên hỏi phòng đào tạo có chấp nhận không thì được trả lời rất rõ ràng là có và,0
dienthoaivui vệ sinh điện thoại miễn phí,2
khoa kỹ thuật điện là khoa cốt lõi và tốt nhất của trường giảng viên có trình độ và đạo đức không giống với các khoa khác trường mới xây dựng 2 tòa nhà mới to đẹp bộ phận hành chính của trường quan liêu và thiếu chuyên nghiệp,2
chương trình rất tốt,2
thật là chán,0
mười điểm,2
nơi đào tạo nguồn nhân lực ngành điện cho đất nước,2
nhà trường đang cung cấp dịch vụ vệ sinh điện thoại và máy tính xách tay miễn phí tại khuôn viên trường,2
bây giờ khi tôi đi học tôi được vệ sinh điện thoại và máy tính xách tay miễn phí,2
học phí thực sự cao nhưng nếu bạn tìm hiểu kỹ trường điện lực thuộc bộ công thương là một ngôi trường phải tự chủ về tài chính với mức điểm đầu vào những năm gần đây là 15 đến 16 điểm nhiều người,1
ngôi trường thật tuyệt vời,2
nhiều người học ở đây ngay cạnh trường ngoại ngữ và du lịch cũng rất thuận tiện để giao lưu với các cô gái ở đây,2
truy cập mạng bằng 3g và 4g gần như quá khó khăn các nguồn tài liệu trực tuyến lớn rất cần thiết trong quá trình học tập trên lớp nhưng lại quá khó để truy cập,0
trường đại học điện lực là cơ sở đào tạo đại học trực thuộc tổng công ty điện lực việt nam bộ công nghiệp có tư cách pháp nhân có con dấu và tài khoản riêng có trụ sở chính tại thành phố hà nội trường cũng là trường trọng điểm,1
1 trải nghiệm tuyệt vời,2
lỗi ứng dụng trường học vv,0
trường nổi tiếng đào tạo các ngành nghề về điện gần trường cao đẳng kỹ thuật y dược việt nam tại số 40 trần cung trường có ký túc xá cho sinh viên thuê,2
cảm ơn bạn bạn của tôi sẽ không bao giờ thiếu học thức,2
là trường đại học chuyên đào tạo các ngành kỹ thuật điện điện tử viễn thông trường tọa lạc trên phố hoàng quốc việt gần học viện kỹ thuật quân sự cơ sở vật chất khá hiện đại sinh viên được đào tạo khá bài bản tuy nhiên học phí là vấn đề khiến sinh viên lo lắng,2
tôi thề rằng sau khi học xong sẽ đốt trường sai lầm lớn nhất trong cuộc đời tôi là học ở trường điện lực một trường công lập với học phí 20 triệu năm trong khi cơ sở vật chất lại kém so với các trường khác bạn còn phải đến nhà giáo viên để chơi thì mới qua được lớp nếu không thì phải học lại,0
trường học hoàng gia dành cho những người trẻ muốn học thực sự cực kỳ đẳng cấp không nơi nào có thể so sánh được với các tiện nghi hoàng gia như sân bê tông tường gạch ghế đá nếu có trẻ nào có ý định vào trường hãy quyết định như,2
nếu bạn có ý định đăng ký ở đây hãy suy nghĩ kỹ trước khi nhập học học phí cho con nhà giàu nếu bạn đã đóng tiền rồi bạn không thể đổi chất lượng cao với số tiền lớn sang hệ thống thông thường với số tiền ít hơn bạn chỉ có thể,0
trường đào tạo khá tốt nhưng cơ sở vật chất kém lớp học không có máy chiếu và phải mượn máy chiếu mỗi lần học không có thang máy và học phí đắt hơn các trường khác,0
hãy chịu đựng nó,0
đào tạo chưa tương xứng với nhu cầu cấp thiết của ngành điện do đó nhà trường cần tăng cường chất lượng đội ngũ giảng viên đi sâu vào thực tiễn để ứng dụng đầu ra chất lượng tốt cho đất nước,0
trường không có đủ chỗ đậu xe khi đỗ xe bên ngoài nhân viên có thái độ,0
mình là sinh viên năm nhất đang học kỳ 2 nhưng mình không ấn tượng với trường này điểm của mình toàn là d thôi 3 chắc là do mình lười quá nếu học phí của trường rẻ hơn một chút thì ổn nhưng mà cao quá chất lượng giảng dạy thì trung bình thôi,0
cựu sinh viên đã học tại trường đại học điện lực 3 năm nhận thấy mặc dù chất lượng giảng dạy đã dần được cải thiện nhưng thực tế cho thấy sau khi đào tạo xong vẫn còn nhiều sinh viên thất nghiệp,0
mọi người rất nhiệt tình gọi điện thoại là tuyệt nhất sếp huy là tuyệt nhất,2
trường này ít con gái lắm các bạn ạ ở đó chỉ có học thôi không có chuyện yêu đương,0
trường dạy khá tốt cơ sở vật chất cũng khá tốt rất phù hợp với người giàu có theo học nhưng nếu gia đình bạn không có điều kiện thì hãy chạy trốn ngay đi nếu bạn đang nghĩ đến việc đến đây tôi khuyên bạn nên suy nghĩ lại chạy ngay đi,0
funny phone đang cung cấp dịch vụ vệ sinh điện thoại miễn phí thật tuyệt vời,2
khi nào tôi,1
trường đẹp nhiều học sinh học tập nhưng trường thường xuyên xảy ra ùn tắc giao thông vì vậy chúng tôi phối hợp các chức năng để tìm giải pháp,2
thật tuyệt khi điện thoại và máy tính xách tay của bạn được vệ sinh miễn phí,2
nhà trường đang chỉnh sửa một số danh mục,1
tôi đã từng là học sinh học ở đây trường đang cải thiện cơ sở vật chất phòng học sạch đẹp đầy đủ tiện nghi,2
trường tọa lạc tại vị trí đẹp trường đang được đầu tư và cải tạo từ khi vào đại học,2
nhà trường thu học phí từ học sinh nhưng không dạy bất cứ điều gì,0
điện thoại sạch sẽ miễn phí và thân thiện,2
trong khi học theo ca tôi chuyển sang học 9 môn cùng một lúc não tôi không thể chứa được,0
trải nghiệm vệ sinh máy tính xách tay và điện thoại tại quầy,1
tuyết rơi 3,2
ảnh chất lượng cao suni hà linh chất lượng thấp,0
cho em hỏi trường có cơ sở nào ở phía nam không ạ ở tphcm có trường đại học điện lực không có tuyển sinh ngành nào tương tự không cảm ơn,1
trường công nhưng học phí quá đắt và cơ sở vật chất kém rất tệ,0
đã tốt nghiệp chuyên ngành kỹ thuật phần mềm cơ sở hạ tầng cho việc học tập và thực hành còn thấp,0
nếu bạn đang nghĩ đến việc đăng ký vào trường này vui lòng xem xét lại,2
ngôi trường này là tệ nhất mà tôi từng thấy hầu hết học sinh chỉ muốn đạt điểm cao và không muốn học học phí đắt đỏ,0
một ngôi trường thân yêu đã cho tôi nhiều trải nghiệm cho tôi nhiều cơ hội và thành công cảm ơn các thầy cô của trường đại học ddl epu,2
trường rất đẹp rộng rãi cơ sở vật chất rất tốt và các giáo viên rất nhiệt tình đây là nơi lý tưởng để học tập,2
đây là trường công nhưng học phí quá đắt so với chất lượng giảng dạy và cơ sở vật chất,0
đánh giá happy phone 5 sao vì đã vệ sinh thiết bị,2
đã ghé thăm,1
đại học điện lực là trường đại học hàng đầu việt nam đào tạo kỹ sư điện,2
học phí cao phải đăng ký khóa học và đóng tiền trong vòng 1 tuần nếu không sẽ bị đuổi học,0
có một nhà vệ sinh trong ký túc xá đã gần một năm không được sửa,0
trường đại học điện lực công bố phương án tuyển sinh đại học cao đẳng chính quy năm 2016,2
tôi đã từng học ở đây ngôi trường này rất vui vẻ và đẹp,2
ở đây dcap,1
trường đại học điện lực hà nội nơi đào tạo cán bộ kế toán kỹ thuật cho các cơ quan ban ngành điện lực,2
trường này nhỏ phần lớn sinh viên học ngành này đều đến từ các chuyên ngành khác,0
học viện hoàng gia nhưng vẫn phải lên cs2 sóc sơn để học thực hành,0
học viện hoàng gia hiện nay được xây dựng rất đẹp mọi người,2
thật sự rất khó để nói,0
làm sạch điện thoại laptop miễn phí thật thú vị,2
ngôi trường rất đẹp giống như chương trình,2
ngôi trường nằm ở vị trí đẹp thuận tiện cho sinh viên sinh sống và đi lại,2
học phí cao và việc thanh toán bằng tốt nghiệp chậm đừng vào đó mọi người,0
trường tọa lạc trên con đường hoàng gia của việt nam đào tạo chủ yếu về kỹ thuật điện,2
trường học yêu thích,2
1 sao vì tôi không thể đánh giá 0 sao,0
khuôn viên trường sạch đẹp tuy nhiên có khá nhiều cây to,2
trước đại học sau đại học nhìn chung trường được xếp hạng thứ 2 tại việt nam,2
học hành thật là chán,0
tôi sắp có một căn nhà lớn để học nên tôi sẽ không bị tòa nhà bên cạnh lấn át về số lượng,1
gà nấu xôi rất ngon cổng trường còn có trà chanh rất ngon,2
trường nằm trên phố royal quốc việt nên khá nhộn nhịp,2
mới được cải tạo khá gọn gàng và trông đẹp hơn trước rất nhiều,2
trà đá,1
đây là một trong những ngôi trường tiêu biểu dành cho ae trong ngành,2
nhà trường đã từng có ý định vào nhưng không thể,0
đánh giá khả năng làm sạch 5 sao cho điện thoại của bạn,2
cơ sở giáo dục đại học hàng đầu việt nam về điện,2
việc nhận được xác nhận tốt nghiệp rất khó khăn,0
trường đào tạo chuyên ngành điện dân dụng và công nghiệp,1
ngôi trường nhỏ nhưng giáo viên rất giỏi,2
đại học điện lực,1
chất lượng giảng dạy khá tốt cơ sở vật chất trung bình,2
ở trường này con tôi học rất tốt,2
con cháu nhà evn đều học hành thầy cô thường xuyên xin tiền,0
cơ sở vật chất rất tốt,2
ngôi trường đẹp có rất nhiều học sinh theo học,2
đại học điện lực những ngày mưa hn 19 tháng 7 năm 2017,1
tôi đã học ở trường này trước đây nó rất tuyệt,2
chiếc điện thoại siêu sạch và thú vị,2
ngôi trường này cực kỳ đẹp,2
trường đại học điện lực nằm trên con đường hoàng gia việt nam,2
tôi chưa từng học trước đây nhưng thực sự muốn học ở đây,2
nơi đào tạo các kỹ sư điện tương lai,2
trường chuẩn của bộ công thương,2
thân thiện vui vẻ và hòa đồng,2
dhoài an học ở đây a1toiec,2
bởi vì đây là trường tôi đang học,1
điện thoại vui vẻ tuyệt vời,2
trường có cơ sở vật chất tốt,2
đại học diễn lực mẹo kinh tế,2
nằm trên con đường hoàng gia của việt nam,1
tuyệt vời ông mặt trời d,2
ngôi trường tôi đang học,1
tuyệt vời rất tuyệt vời,2
đây là một nơi mơ mộng,2
tôi sắp học ở đây,1
chuyên đào tạo vượt mục tiêu,2
tôi thực sự thích nơi này,2
đông đúc và nhộn nhịp,2
trường học rất tốt,2
electricity university 235 hoang quoc viet co nhue 1 hanoi,1
gần như đã đến trường này,1
giống như tiếng bíp,1
vị trí đúng,2
đi dạo quanh đâu đó,1
đại học y hà nội hmu tiếng việt đại học y hà nội là trường đại học lâu đời nhất của việt nam và tọa lạc tại hà nội hmu được người pháp thành lập vào năm 1902 trong thời kỳ thực dân pháp dưới tên gọi là cao đẳng y khoa đông dương trường đầu tiên,1
đây là một bệnh viện rất tốt và chuyên nghiệp có những sinh viên chăm sóc bạn nhưng luôn có những bác sĩ giàu kinh nghiệm và rất chuyên nghiệp hướng dẫn họ và đảm bảo rằng mọi trải nghiệm đều tuyệt vời,2
nhiều bác sĩ trẻ khá kiên nhẫn cơ sở vật chất là một trong những cơ sở tốt nhất từ trước đến nay,2
bệnh viện tốt nhất mà tôi từng biết bệnh nhân được chăm sóc rất tốt,2
giảng viên tuyệt vời bài giảng mới hay và mọi người ở đây cũng rất thân thiện,2
hơn 15 năm ở hmu thật tuyệt vời,2
trường y khoa tốt nhất ở việt nam và tôi rất thích nó,2
trường đại học y khoa tốt nhất miền bắc việt nam,2
tôi có thể liên hệ với trường đại học về việc tuyển sinh mbbs như thế nào,1
quá đông đúc nhưng dịch vụ thì tốt,2
hmu được cho là trường đại học tốt nhất tại việt nam,2
đại học y hà nội,1
trường đại học y khoa lớn nhất miền bắc việt nam,2
rộng rãi đầy ắp học sinh vui vẻ,2
dịch vụ ổn sạch sẽ,2
chúc may mắn,2
bác sĩ giàu kinh nghiệm và cơ sở vật chất tốt,2
trường đại học y khoa tốt nhất việt nam,2
một trong những trường đại học hàng đầu tại việt nam,2
nơi tốt để học trường y,2
trường đại học lâu đời nhất việt nam,2
trường y khoa tốt nhất việt nam,2
trạm chilly,1
trường đại học có thứ hạng cao nhất tại an nam,2
truong y so 1 vn,2
mơ,2
nơi tôi gặp những con người đáng yêu,2
toi dang o day,2
nơi tốt nhất m,2
yêu trường của tôi,2
tôi không tốt lắm,1
trường đại học được xếp hạng cao nhất tại hà nội,2
zzzzzzzz,1
trường học tương lai của tôi,2
tiếng kêu,1
tôi hmu luôn luôn,2
dịch vụ kém,0
bệnh viện tốt,2
trường đại học y hà nội tiếng anh hanoi medical university hmu là trường đại học chuyên ngành y khoa hàng đầu tại việt nam sứ mệnh của trường là đào tạo bác sĩ và cử nhân trình độ đại học và sau đại học thực hiện,2
địa chỉ đào tạo y khoa uy tín nơi khám chữa bệnh chất lượng cao,2
cơ sở vật chất đẹp sạch sẽ và đội ngũ giáo viên có trình độ cao,2
những bác sĩ giỏi nhất đều đến từ đây,2
cảnh đẹp của hup màu vàng quyến rũ của ngôi trường hơn 100 năm tuổi không gian yên bình và quý phái của kiến trúc đông dương thật tuyệt khi trở thành một phần của hup và có thể lựa chọn không gian theo ý thích những bức ảnh tuyệt vời,2
bệnh viện uy tín khám chữa bệnh tốt mỗi khu vực đều có một chút đông bệnh nhân,2
bệnh viện hàng đầu trong ngành nơi sản sinh ra đội ngũ bác sĩ giỏi cho việt nam chất lượng khám chữa bệnh tốt đội ngũ bác sĩ giỏi,2
trường học quy mô lớn có khu bệnh viện riêng khu tập luyện khu liên hợp thể thao sân bóng đá riêng 2 khu ký túc xá hiện đại cao gần 20 tầng,2
đã học ở đây 4 năm và không hối hận khi chọn ngôi trường này cho những năm tháng học tập của mình tòa nhà a1 đẹp tuyệt vời bức ảnh tôi chụp khi đèn bật sáng vào ban đêm,2
siêu âm luôn quá tải nhiều năm nay vẫn vậy cực kỳ tệ,0
bệnh viện tuyến đầu chuyên khoa cao sạch sẽ,2
tôi bị đau dạ dày và phải đăng ký nội soi tôi đã đặt lịch sau 930 và đợi đến 11 giờ sáng mới có thể vào số điện thoại được gọi ngẫu nhiên từ 15 đến 30 đến 40 đến 50 không có sự tôn trọng nào đối với,0
trường đại học y hà nội là trường đại học chuyên ngành y tại việt nam sứ mệnh của trường là đào tạo bác sĩ cử nhân trình độ đại học và sau đại học thực hiện nghiên cứu khoa học và chuyển giao y dược,2
rất nghi ngờ về trình độ chuyên môn của các bác sĩ tại phòng khám nam khoa các bác sĩ kê đơn thuốc điều trị ung thư vú cho bệnh nhân xuất tinh sớm trong khi chỉ định của thuốc chỉ mang tính hỗ trợ và,0
trường có uy tín lâu đời trong ngành y nơi đào tạo ra những bác sĩ hàng đầu và đi đầu trong nhiều nghiên cứu và kỹ thuật lâm sàng,2
trường đại học y hà nội nằm cạnh bệnh viện đa khoa hà nội được người pháp xây dựng cách đây hơn 100 năm trường có khuôn viên sạch sẽ thoáng mát và là nơi có truyền thống đào tạo ra nhiều bác sĩ giáo sư nổi tiếng của đất nước hà nội,2
chờ đợi để có số vào quầy tiếp tân mất nhiều thời gian yêu cầu thêm quầy tiếp tân để giải phóng những người đăng ký thi,0
bệnh viện khá đông nên hãy đến khám sớm để nhận kết quả trong ngày hầu hết mọi người sẽ trả kết quả vào buổi chiều khoa khám bệnh làm việc từ thứ hai đến sáng thứ bảy mọi người có thể gọi điện đến,0
ngày 2 tháng 8 năm 2024 đã đến xem dịch vụ nhưng thái độ phục vụ bệnh nhân của y tá phòng khám g087 quá chán không thể chấp nhận được,0
bệnh viện trung ương tiền tuyến nơi quy tụ các bác sĩ giáo sư đầu ngành về khám chữa bệnh tại đây tôi vô cùng yên tâm,2
không gian rộng rãi thoáng mát đây vừa là trường đại học vừa là bệnh viện phòng khám sạch sẽ bác sĩ nhiệt tình giá cả ổn trang thiết bị hiện đại,2
trường đại học y khoa hàng đầu số 1 việt nam chuyên đào tạo nguồn nhân lực y tế cho cả nước đầu vào cực khó nhưng chất lượng đào tạo tốt,2
trường đại học y hà nội là trường đại học uy tín chất lượng giảng dạy và nghiên cứu cao trường có đội ngũ giảng viên giàu kinh nghiệm và nhiệt huyết cơ sở vật chất và phòng thí nghiệm hiện đại đáp ứng nhu cầu học tập và nghiên cứu của,2
ngôi trường này trông khá lớn điều duy nhất khiến tôi thắc mắc là những người sống ngay trong khuôn viên trường những con đường trong trường cũng là những con đường để mọi người sinh sống thật là khó hiểu nếu bạn đến đây và nhìn những cô gái thì không cần phải nói về điều đó,0
hồi còn đi học họ và đài vtv nói rằng dự án tim nhân tạo của tôi chỉ là phông nền để tạo nên hình ảnh đẹp nhưng có người nước ngoài chọn tim nhân tạo để con em họ chạy nhảy ai cũng vui vẻ,0
là trường đại học lâu đời nhất tại hà nội trường đã đào tạo ra nhiều thế hệ bác sĩ cử nhân y khoa tài năng đóng góp cho đất nước và con người việt nam luôn cập nhật những điều mới mẻ để theo kịp thời đại,2
thoáng mát rộng rãi cổ kính đẹp,2
rất đông đúc nếu bạn quyết định đi hà nội 2 ngày một lần chỉ vui cho những người trong nội thành ra vào như đi chợ dân quê vất vả lắm,0
bác sĩ thân thiện và vui tính quá nhiều xét nghiệm hơi đắt đối với một sinh viên như tôi nếu bạn muốn hỏi đường đến phòng khám đừng hỏi các thực tập sinh hoặc điều dưỡng,0
khám chữa bệnh khá uy tín nếu ở hà nội sau bạch mai việt đức thì đến đại học y cảm giác yên bình không xô bồ không vội vã làm vào buổi sáng,2
cơ sở vật chất tốt khuôn viên rộng rãi đội ngũ giáo viên thạc sĩ tiến sĩ giáo sư tiến sĩ có trình độ chuyên môn cao,2
tòa nhà lớn nhiều phòng rộng rãi mới xây sân bóng đá đẹp rộng rãi thoải mái để chơi được xây dựng theo phong cách kiến trúc pháp hình thành từ lịch sử,2
một trường đại học danh tiếng mà mọi người trong nước đều muốn theo học tôi đã học và luôn mong muốn mình có thể làm việc như vậy,2
lần khám răng thứ hai lần nào tôi cũng cố gắng nghỉ ngơi để theo lịch hẹn của bác sĩ để điều trị cho mình nhưng cuộc hẹn lại dành cho người khác bác sĩ cũng tận tâm tôi thấy bth chỉ là làm việc trong bệnh viện an toàn hơn,2
khuôn viên trường rộng rãi sạch sẽ có khu vui chơi giải trí cho sinh viên ký túc xá 15 tầng rộng rãi đặc biệt bán cơm bún giá sinh viên no căng bụng rẻ mà ngon,2
trường học rộng rãi thoáng mát có đội ngũ chuyên gia y tế hàng đầu việt nam,2
việc tìm kiếm diễn ra qua loa và mức phí quá cao so với thu nhập của mọi người nếu bạn đến đây và có đơn thuốc dưới 1 triệu đồng vào thời điểm này năm 2020 điều đó có nghĩa là bạn may mắn tôi bị ho viêm mũi nhẹ và có,0
tôi không còn ảnh chụp ở trường nữa vì hôm đó tôi chủ yếu ngồi ở quán cà phê trường rất đẹp và mọi người đều rất thân thiện rất phù hợp với môi trường học tập y khoa,2
khá ổn ở tầng 3 khu a2 khoa phẫu thuật tổng quát có một anh bảo vệ béo ú đáng ghét các y tá và anh bảo vệ già thì đáng yêu và xinh đẹp,2
chi phí chỉ cao hơn bệnh viện bạch mai một chút đổi lại ít chen chúc và không phải chờ đợi quá lâu bác sĩ nhẹ nhàng và chu đáo cả nhà tôi đều tin tưởng khám bệnh ở đây,2
đỗ xe ở đây cảm thấy không ổn định vừa vào là bị tính 50k nhưng không thấy vé phạt nào cả,0
trường đại học y hà nội nằm trên đường tôn thất tùng cạnh đường trường trinh,1
trường đại học y hà nội luôn là một trong những trường đại học y khoa hàng đầu của nền giáo dục việt nam với bề dày lịch sử 120 năm và nhiều đóng góp cho đất nước nhà trường đã khẳng định vị thế là cơ sở đào tạo hàng đầu về,2
ngôi trường mơ ước cho các bác sĩ tương lai,2
đối với khám sức khỏe dịch vụ bệnh viện là ổn tuy nhiên trước khi vào khoa và đến khu vực sàng lọc nhóm này có vẻ chưa được đào tạo đầy đủ yêu cầu người khám khai báo đầy đủ nhưng không hướng dẫn chi tiết rất mất thời gian,0
đội ngũ giáo sư bác sĩ y khoa dịch vụ tốt máy móc hiện đại,2
không gian rộng rãi và đẹp,2
thủ tục nhanh chóng bác sĩ tận tình khuôn viên đẹp,2
phòng khám 205 tầng 2 bác sĩ ít nói và khó tính bảng hiển thị không hoạt động và bệnh nhân không được vào cùng,0
tốt nhất ngoại trừ những người ở tòa e3 đòi tiền và coi thường khách hàng không có ai trong toàn bộ tòa để khám cho họ và vẫn phải đợi một bác sĩ 30 tất cả các khoa khác đều là 1010,0
trường vip tốt hơn trường khoa học tự nhiên trên đường nguyễn trãi thanh,2
với hơn 100 năm tuổi trường là nơi đào tạo y khoa hàng đầu việt nam trường có quy mô lớn cơ sở vật chất hiện đại gồm nhiều phòng học từ lớn đến nhỏ các trung tâm nghiên cứu thực hành kết hợp với không gian yên bình quý phái của kiến trúc đông dương,2
đông đúc nhưng trật tự chất lượng khám chữa bệnh tốt,2
có người hướng dẫn bệnh nhân rất cẩn thận và chu đáo nhưng cũng có người không hướng dẫn gì cả chỉ trách bệnh nhân khi thấy bệnh nhân làm sai nói chung ở đâu cũng có người không thể tránh khỏi một số vấn đề nhưng tôi thích đến đây khi muốn đi khám bác sĩ,2
khám bệnh trong thời gian dịch bệnh cũng không có,0
nội soi ở đây khá thoải mái tôi không bị đau họng như bạch mai bác sĩ nhiệt tình và thân thiện,2
bệnh viện sạch đẹp mùa nắng vào sảnh thì máy lạnh mát lạnh không như các bệnh viện khác,2
mọi thứ đều chen chúc học sinh ép buộc học sinh toàn trường có 4 chỗ đậu xe 3 chỗ do cán bộ nhà trường chiếm giữ học sinh bị bỏ lại thế là hết tiền gửi xe mất và rồi còn gì nữa bãi đậu xe không,0
bệnh viện rất lớn có nhiều khoa bạn nên đặt lịch hẹn trước khi đến khám sẽ mất nhiều thời gian và nếu có chỗ đậu xe bạn nên tìm bên ngoài để giảm bớt chi phí,2
về việc quảng cáo sân miễn phí nhưng cuối cùng đều bị đuổi ra,0
trường đại học y hà nội là trường đại học uy tín chất lượng đào tạo và nghiên cứu cao trường có đội ngũ giảng viên giàu kinh nghiệm nhiệt huyết cơ sở vật chất phòng thí nghiệm hiện đại đáp ứng nhu cầu học tập và nghiên cứu,2
sạch sẽ rộng rãi thoáng mát,2
có nhiều bệnh nhân là vấn đề bình thường có thể chấp nhận được nhưng thái độ của một số nhân viên nội trú tại bệnh viện thì cực kỳ tệ điều tệ nhất là nhân viên trong phòng khám đã thực hiện nội soi dạ dày vào năm 2063,0
không cay lắm cho 1 sao,0
sạch sẽ thái độ dễ chịu dễ hỏi thăm,2
trường đại học y hà nội là trường đại học uy tín chất lượng đào tạo tốt trường có đội ngũ giảng viên giàu kinh nghiệm nhiệt huyết yêu nghề cơ sở vật chất phòng thí nghiệm hiện đại đáp ứng nhu cầu học tập và nghiên cứu,2
lần đầu tiên gặp bác sĩ ở đây vào năm 2023,1
trường đại học hàng đầu đào tạo bác sĩ việt nam,2
phòng khám hơi nhỏ nhưng bác sĩ rất thân thiện,2
phù hợp cho việc học tập và phát triển chuyên môn của bác sĩ,2
trường đại học y khoa hàng đầu cả nước chất lượng đào tạo sinh viên tuyệt vời,2
bác sĩ và y tá đều nhiệt tình bệnh viện sạch sẽ nhà 10 điểm vs sáng đầu tuần rất đông nên bạn hạn chế đi vào đầu tuần nhé,2
nhân viên rất tệ ở quầy lễ tân a5 bác sĩ chửi bới bệnh nhân ở phòng tai mũi họng chất lượng dịch vụ yêu cầu quá kém lãng phí tiền bạc,0
ngôi trường có nền văn hóa và lịch sử phong phú khuôn viên trường rộng lớn phải nói rằng tinh thần học tập của bạn không thể tìm thấy ở bất kỳ nơi nào khác tại hà nội,2
trường tuyệt vời 3,2
chất lượng dịch vụ kém lãng phí tiền chữa bệnh gây ức chế 2 nhân viên nam 1 béo 1 gầy không biết bệnh viện tuyển dụng những tên cướp mặc đồng phục bác sĩ ở đâu tại phòng chụp xquang với thái độ lêu nghêu và chửi bới bệnh nhân,0
trường đại học y hà nội là trường đại học nghiên cứu đa ngành tại việt nam có năng lực ngang bằng với các trường đại học trong lĩnh vực khoa học sức khỏe tại châu á trong việc tạo ra các sản phẩm tinh hoa phục vụ cho y học góp phần nâng cao chất lượng,2
bệnh viện đại học y hà nội có lẽ là bệnh viện có thái độ tốt nhất đối với bệnh nhân cũng như gia đình bệnh nhân mà tôi biết cảm ơn đội ngũ y bác sĩ,2
rất tốt bệnh viện khá đông nên đến khám sớm để nhận kết quả trong ngày hầu hết mọi người sẽ trả kết quả vào buổi chiều khoa khám bệnh làm việc từ thứ hai đến sáng thứ bảy mọi người có thể gọi điện,0
khuôn viên trường rộng rãi kiến trúc theo phong cách pháp các khu chức năng được quy hoạch hợp lý thuận tiện đi lại tôi thích nhất là hàng cây cổ thụ trong khuôn viên trường rất mát mẻ ngồi trên những hàng ghế thực sự thư giãn và sảng khoái,2
bàn ghế bị hỏng khá nhiều,0
trg trái tim,2
chi phí đắt như móc túi nhân viên phục vụ không nhiệt tình thậm chí không lắng nghe và không quan tâm đến những gì tôi nói làm tôi mất rất nhiều tiền mất nhiều thời gian không hiệu quả kết quả là tôi phải về nhà trong sự tức giận và hối hận vì số tiền đã bỏ ra,0
tôi thường xuyên đến đây khám chữa bệnh dịch vụ tốt bác sĩ rất giỏi chuyên môn hàng đầu tại việt nam,2
đây là nơi đào tạo ra những bác sĩ nổi tiếng nhất việt nam nên việc khám chữa bệnh ở đây rất yên tâm các bác sĩ cũng giữ được sự trung thực như mẹ mình nên mọi người đổ xô đến đây để khám,2
cơ sở hạ tầng tốt đội ngũ bác sĩ và y tá nhiệt tình tận tâm giúp đỡ và hướng dẫn bệnh nhân mà không hống hách như một số bệnh viện công lớn khác một quy trình được tổ chức tốt tự động cấp số giúp tiết kiệm thời gian,2
tôi đã đến bác sĩ da liễu và rời khỏi phòng đăng ký lúc 900 sáng trong 3 giờ mà vẫn chưa được gọi vào nhưng những người đến sau và có câu hỏi đã bị đuổi ra và bác sĩ đã khám cho tôi,0
rộng rãi có khoa khám chữa bệnh khá đông đúc vào ngày thường bãi đậu xe đông đúc và chật chội,2
hiện đại và chuyên nghiệp,2
ngồi ở trường tình yêu,2
đợi rất lâu mới được đi khám đến lượt mình thì khám rất nhanh lấy máu xét nghiệm vết bầm trên tay mấy ngày không lành siêu âm thì tạm ổn khi đi khám vì đau lưng mình,0
tôi đã sống ở đây 3 năm,1
giao lưu quần vợt với đại học y hà nội,1
đại học y hà nội một nơi rất đẹp có nhiều cây xanh và những tòa nhà cổ kính theo kiến trúc phương tây nếu không có bệnh viện tại đây đây sẽ là một địa điểm rất hấp dẫn,2
chờ quá lâu 3r vẫn chưa xong,0
tính chuyên nghiệp và chuyên môn cao thật không may cơ sở này không chữa khỏi hoàn toàn hoặc điều trị tận gốc căn bệnh,2
khuôn viên trường rất rộng rãi có sân tennis và nhiều bãi đậu xe thuận tiện,2
quy trình sàng lọc hợp lý nhân viên lễ tân thực tập sinh giáo viên và bác sĩ rất khéo léo trong việc chẩn đoán và động viên bệnh nhân ngoại trú cũng như chăm sóc bệnh nhân nội trú rất chu đáo,2
trường rộng rãi thoáng mát nhiều sinh viên ký túc xá rộng nhưng không đủ không có cơ sở công lập nào để sinh viên phẫu thuật gần bệnh viện thực hành có đủ khoa phòng và môn học nhưng phòng thực hành,0
ngôi trường rất đẹp tuy không quá lớn nhưng có nhiều tòa nhà mới xây rộng rãi hiện tại trường đang trong quá trình xây dựng nên không khí khá ồn ào,0
bệnh viện lớn và đẹp tinh thần phục vụ của đội ngũ bác sĩ và nhân viên rất tuyệt vời xứng đáng là bệnh viện hàng đầu tại hà nội và cả nước,2
là một ngôi trường có bề dày lịch sử hơn 100 năm đóng vai trò quan trọng trong việc đào tạo nguồn nhân lực y tế chất lượng cao với nền tảng chất lượng đào tạo tốt điểm tuyển sinh cao và đầu ra của trường luôn nằm trong top đầu của,2
tôi cứ thấy mọi người ở trường y hà nội đều là siêu anh hùng bạn phải giỏi lắm mới vào được trường và bạn phải là người phù hợp mới có thể học ở đây 1 trân trọng v,2
trường đại học y hà nội luôn là một trong những trường đại học y khoa hàng đầu của nền giáo dục việt nam có bề dày lịch sử có nhiều đóng góp cho sự nghiệp xây dựng và bảo vệ tổ quốc,2
bác sĩ và y tá thân thiện và có uy tín tuy nhiên vì số lượng bệnh nhân đông nên việc sắp xếp cần hợp lý hơn và phân loại rõ ràng để nhanh hơn,2
giảng viên cán bộ sinh viên học viên luôn tự hào về trường đại học y hà nội nhận thức sâu sắc trách nhiệm kế thừa và phát huy truyền thống tốt đẹp của nhà trường,2
đây là một bệnh viện lớn tại việt nam vị trí nằm trong khuôn viên trường đại học y hà nội không gian trong bệnh viện quá lộn xộn so với nhu cầu thực tế số lượng bệnh nhân lớn luôn trong tình trạng quá tải cơ sở vật chất ở mức trung bình so với yêu cầu của một bệnh viện cần mức đầu tư phù hợp hơn,0
đạo đức y khoa tốt không có điểm trừ có bảo hiểm khi khám phải trả tiền để khám và xét nghiệm chỗ đậu xe hơi xa tính toán khối hơi cao 20kkhối30 phút,2
dịch vụ tốt tuy nhiên hãy đi sớm,2
lần đầu tiên tham dự hội nghị tại hmu và ngày đầu tiên tôi đã đến thăm tòa nhà a1 tòa nhà có bức tượng nổi tiếng của giáo sư hồ đắc di nhưng điều thực sự gây ấn tượng với tôi là tòa nhà a0 để tổ chức hội nghị,2
đây là trường đại học y khoa nổi tiếng nhất việt nam trường có bệnh viện để khám và điều trị cho mọi người dịch vụ và chất lượng bệnh viện khá tốt,2
có bãi đậu xe rộng rãi khuôn viên sạch sẽ thoáng mát bác sĩ khám kỹ lưỡng và cẩn thận làm nhiều xét nghiệm,2
trường đại học y hà nội là một trong bảy trường đại học y khoa hàng đầu miền bắc việt nam có sứ mệnh đào tạo bác sĩ cử nhân đại học và sau đại học nghiên cứu khoa học và chuyển giao y khoa,2
các biện pháp phòng ngừa covid tốt dịch vụ khám chữa bệnh tốt hỗ trợ nhiều bệnh nhân không có người nhà đi cùng bệnh viện sạch sẽ chi phí thấp,2
đội ngũ bác sĩ làm việc rất chuyên nghiệp các y tá và điều dưỡng rất nhẹ nhàng và nhiệt tình trong việc chăm sóc bệnh nhân phòng sạch sẽ quần áo bệnh nhân được giặt và khử trùng hàng ngày 5 sao cho bệnh viện đại học y hà nội,2
đây là trường đại học hàng đầu đào tạo đội ngũ y bác sĩ danh tiếng tại việt nam với bề dày lịch sử thành tích và đóng góp to lớn cho ngành y tế nước nhà,2
trường đại học y hà nội là trường đại học y khoa hàng đầu và lâu đời nhất của việt nam vẫn còn hoạt động trường đã được trao tặng huân chương sao vàng nhân kỷ niệm 105 năm thành lập vào ngày 14 tháng 11 năm 2007 là một trong 15 trường đại học trọng điểm quốc gia,2
nhân viên y tá bác sĩ và thậm chí cả bảo vệ đều rất nhiệt tình khi thăm bệnh nhân chỉ có một người thân được phép vào đôi khi hơi bất tiện,2
đại học y hà nội là một trong những trường y khoa hàng đầu miền bắc trường được thành lập vào năm 1902 hiện nay trường tuyển sinh 1000 sinh viên mỗi năm tập trung chủ yếu vào chuyên ngành y đa khoa,1
đại học y dược là nơi có truyền thống lâu đời và đội ngũ giảng viên trình độ cao thay mặt đội ngũ tỏi đen tỏi kim cương đông á chúng tôi xin gửi lời cảm ơn chân thành nhất,2
các bác sĩ và y tá làm việc rất nhanh chóng nhân viên bệnh viện rất tận tâm và chu đáo thái độ phục vụ 10 điểm,2
nhà trường tổ chức khám sức khỏe và tiêm chủng cẩn thận đội ngũ bác sĩ tận tâm nhân viên có trách nhiệm,2
nơi đào tạo bác sĩ hàng đầu tại việt nam trường rộng và sạch sẽ nhưng cách bố trí chưa hợp lý trường đại học y khoa cũng có bệnh viện đại học y khoa bệnh viện rất tốt về mọi mặt,2
một trong những trường đại học lâu đời nhất tại hà nội 100 năm tuổi có nhiều cây xanh nên không khí rất trong lành có 2 bãi đỗ xe ngay trong khuôn viên trường để thuận tiện cho việc đi lại,2
bệnh viện tốt ở hà nội để khám chữa bệnh nhưng đi bệnh viện thì không vui chút nào nên mình chỉ chấm 45 sao tròn thôi,2
bệnh viện trong khuôn viên trường khá sạch sẽ nhưng vẫn khá nhỏ sẽ phải chờ đợi lâu vào giờ cao điểm nhưng bệnh viện ưu tiên cho người cao tuổi nên khá tiện lợi,2
trường đào tạo nhiều bác sĩ cho ngành y của đất nước,2
ngôi trường sạch đẹp và giàu có,2
đây là nơi tôi dạy học sinh và phục vụ bệnh nhân,2
trường đại học y hà nội là nơi đào tạo bác sĩ cho các bệnh viện ngoài ra còn có bệnh viện đại học y hà nội việc khám chữa bệnh tại đây được đảm bảo do đội ngũ bác sĩ điều dưỡng giỏi thái độ phục vụ của các bác sĩ đội ngũ nhân viên được mọi người đánh giá cao chúc các em học tập tốt,2
đại học y hà nội sắp kỷ niệm 115 năm thành lập,1
khuôn viên trường có nhiều cây xanh mát mẻ có dịch vụ khám chữa bệnh trong trường an ninh chặt chẽ,2
trường đẹp tôi có ý kiến là nên lắp thêm đèn ở đại học y hà nội để trường đẹp và lung linh hơn vào ban đêm dịch vụ khám ở đây cũng rất tốt,2
đại học y hà nội cũng đã mở một bệnh viện đại học y ngay trước trường,2
cũng được,1
trường y khoa hàng đầu cả nước giáo viên giỏi chất lượng đầu vào của sinh viên cao nhất khuôn viên trường nhỏ giảng đường mở cửa từ 700 sáng đến 1000 tối để phục vụ sinh viên tự học,2
vị trí trung tâm nhưng có nhiều tiện ích trường đại học bệnh viện vườn sân bóng đá phòng tập thể dục,2
đây là nơi đào tạo ra nhiều thế hệ bác sĩ y khoa đồng thời đây cũng là bệnh viện nên sinh viên của trường có điều kiện thuận lợi để thực hành,2
nơi đây đã đào tạo ra nhiều giáo sư bác sĩ đầu ngành trong lĩnh vực y khoa bác sĩ đa khoa bác sĩ tiến sĩ đã chữa khỏi bệnh cho nhiều bệnh nhân trên khắp cả nước,2
mọi thứ đều tốt điều hòa mát mẻ thủ tục khám nhanh chóng có ghế ngồi và hướng dẫn cho bệnh nhân nhân viên y tế bình tĩnh giải quyết,2
cảm ơn các thầy cô giáo những người đào tạo ra các bác sĩ với tình yêu nghề và hết lòng chăm lo cho sức khỏe cộng đồng chúng tôi hy vọng rằng các giảng viên và bác sĩ của trường đại học y khoa sẽ luôn cháy bỏng nhiệt huyết và cống hiến hết mình cho nghề cao quý này,2
nhân viên bệnh viện phục vụ nhiệt tình,2
hình ảnh ngôi trường có kiến trúc tòa nhà hành chính rất đồ sộ cổ kính theo phong cách châu âu và không gian rộng rãi,2
nhất y nhì y tốt cho bách khoa đó là câu nói xếp hàng thi vào các trường để đạt điểm cao nhất các chuyên ngành ở việt nam vào những năm 1980 và 1990,2
nhìn từ bên ngoài bạn nghĩ trường khá nhỏ nhưng bên trong trường rất rộng rãi và mát mẻ điểm trừ là hồ nước ô nhiễm bên cạnh trường,0
ngôi trường mơ ước của nhiều thế hệ,2
tôi có ước mơ được trở thành sinh viên của trường này hy vọng trong tương lai đây sẽ là nơi khởi đầu cho sự nghiệp của tôi,2
đại học y là cái nôi đào tạo ra những bác sĩ hàng đầu việt nam hy vọng trường tiếp tục phát triển để đào tạo ra những bác sĩ hàng đầu,2
vườn hoa yersin sân bóng đá ký túc xá 15 tầng đều là những địa điểm tuyệt vời để tham quan khi đến trường y,2
trường có nhiều học sinh rất giỏi,2
dịch vụ khá tốt thời gian khám sức khỏe lâu nhất là lúc chờ chụp phim,2
một ngôi trường thực sự tốt,2
việc canh gác bãi đậu xe phía sau bên cạnh sân bóng đá có thái độ của một vị tướng,2
ra vào bằng xe hơi thuận tiện cơ sở vật chất của khu điều trị khá tốt,2
trường có truyền thống giảng dạy và học tập y khoa đào tạo ra nhiều bác sĩ giỏi phục vụ nhân loại,2
nhân viên và bác sĩ khá tốt chỉ có đội ngũ an ninh là rất thiếu văn hóa và thiếu tôn trọng,0
bệnh viện hiện đại trung tâm thuận tiện cho việc khám chữa bệnh dịch vụ y tế,2
khám bệnh sạch sẽ nhanh chóng và khoa học nhưng nghe nói chi phí đắt hơn bm một chút,2
đại học y hà nội là trường đại học hàng đầu đào tạo bác sĩ tại việt nam,2
phong cảnh rất đẹp người dân thân thiện bác sĩ và y tá rất chu đáo và tận tâm,2
chúng tôi hy vọng rằng tất cả các sinh viên tốt nghiệp đều có tấm lòng và đức hạnh để cứu chữa bệnh nhân,2
trường lâu đời giáo viên giàu kinh nghiệm chất lượng khắt khe nhất việt nam,2
các bác sĩ ở đây khá tận tâm và chu đáo và không nhận hối lộ với mức giá hợp lý,2
trường đại học có lịch sử lâu đời đào tạo và phát triển tốt những anh chàng này siêu tài năng,2
ngoài việc khám chữa bệnh phố tôn thất thất còn có rất nhiều món ăn ngon,2
khóa học năm 1979 của trường đại học y hà nội,1
nơi đào tạo bác sĩ đây là nơi tôi học hỏi và trải nghiệm,2
tuyệt vời chuyên môn tuyệt vời giáo viên tận tâm và chu đáo,2
tiền đặt cọc mua xe hơi cao một chút giá nên giảm xuống,0
tôi đã đến trường nhiều lần đây là một trường rất tốt đào tạo bác sĩ việt nam,2
trường đại học đào tạo ra những bác sĩ tiến sĩ hàng đầu tại việt nam,2
nếu bạn đi khám bác sĩ bạn nên đến vào buổi sáng để làm xét nghiệm trong ngày,1
trường đại học y khoa lâu đời nhất việt nam,2
ngôi trường này rất tốt cho những ai đam mê y khoa,2
bác sĩ mỉm cười vui vẻ và đưa ra những chỉ dẫn tốt,2
trường đào tạo y khoa hàng đầu việt nam về y khoa và dược,2
đại học đại nam là trường đại học thân thiện với môi trường lớp học được trang bị đầy đủ cơ sở vật chất với kiến thức giáo dục tốt nhất và trải nghiệm tổng thể tốt,2
cũng không,1
đại học đại nam,1
đó là một trải nghiệm rất tuyệt vời,2
được rồi tốt,1
ừmmmmm,1
p6 phần,1
chúa,1
nn,1
cái hoàn hảo,2
học tập tuyệt vời,2
đêm nhạc chào đón tân sinh viên k18 của trường đại học đại nam thực sự bùng nổ với sự xuất hiện của hai ca sĩ noo phước thịnh và amee,2
học phí đắt kinh khủng cơ sở vật chất kém giống như chăn gà học kỳ đầu tiên cho phép cô học ở giảng đường mới và đến học kỳ thứ hai cô bị dồn vào giảng đường cũ thang máy chết máy và việc leo lên rất mệt mỏi,0
trương tế buff đánh giá 5 sao tại sao họ lại dùng trình độ của mình để tuyển dụng và bị từ chối ngay từ đầu nếu họ không cố gắng lắng nghe ý kiến của người khác họ sẽ chỉ đi xuống dốc,0
thái độ của giáo viên kém nhiệt tình làm bài thi đúng quy định nhưng không cập nhật điểm của học sinh lên hệ thống khi liên hệ với giáo viên thì không ai giải quyết vấn đề nếu có phản hồi tiêu cực thì vote làm gì,0
mình mới học năm thứ 2 và thấy giảng đường mát mẻ nhà vệ sinh sạch sẽ giáo viên khá thân thiện,2
năm đầu tiên đừng để anh ấy học ở giảng đường lớn sau khi hoàn thành giảng đường nhỏ hẹp thang máy xếp hàng đến cổng trường và không thể vào thang máy bệnh viện đi từ đầu,0
nếu bạn bỏ phiếu cho 5 sao chỉ những người trong trường mới được bỏ phiếu không có học sinh hikc nào ở đây bỏ phiếu 5 sao bluff,1
học phí cao nhưng cơ sở vật chất kém cả giảng đường thì rộng nhưng thang máy thì bé leo lên tầng 78 là muốn học phòng thực hành dược vừa cũ vừa bẩn,0
tôi là sinh viên năm nhất sau khi học tại đại nam được một tuần tôi nhận ra rằng cơ sở vật chất ở đó rất hiện đại các giảng đường rất rộng và mát mẻ vì có máy lạnh nhà vệ sinh của trường thoáng mát và sạch sẽ,2
so với phiz lớp học có cơ sở vật chất kém máy móc nhỏ chen chúc nhau như thời bao cấp đồ ăn căng tin đắt đỏ,0
tôi đang học tại đại nam và thấy cơ sở vật chất rất hiện đại các giảng đường rất rộng và mát mẻ vì có máy lạnh nhà vệ sinh trường học thoáng mát sạch sẽ phòng máy tính hiện đại giáo viên nhiệt tình nhà ăn rộng rãi và có nhiều món ăn ngon tôi rất kỳ vọng vào 4 năm học tại đại nam,2
trường học đang trong tình trạng tồi tệ học phí liên tục tăng cho mỗi khóa học khuyên trẻ em không nên vào đại học,0
thầy cô chán ngắt sự ủng hộ không nhiệt tình trường học thu hút gà ngọt ngào lúc đầu chỉ biết đau khổ,0
tôi không thể làm gì với bằng tốt nghiệp của mình chỉ cần nhìn vào tên trường đã cấp đơn là tôi sẽ bị từ chối,0
khuôn viên trường rất rộng rãi và đẹp mang lại cảm giác an toàn và thoải mái cho học sinh ở đây,2
rất ổn cơ sở hạ tầng tốt hơn trường công học phí hợp lý quy mô và tầm nhìn hiện đại phù hợp với xu hướng hiện tại,2
trường được xây dựng trên một khu đất rất đẹp giảng đường rất đẹp không gian thoáng mát nhiều cây xanh nằm ngay mặt phố nên rất thuận tiện cho giáo viên và học sinh,2
tôi muốn đăng ký vào trường đại học để tìm kiếm nghề nghiệp phù hợp với mình,1
to và đẹp cơ sở hạ tầng đang được xây dựng không biết thế nào nhưng nhìn vào cổng bạn có thể thấy sự hùng vĩ của nó,2
cơ sở vật chất hiện đại đây là ảnh mình chụp khi đi dự thi ở đại nam,1
nhà trường rất chú trọng nâng cao chất lượng giảng dạy thường xuyên tổ chức các buổi hội thảo chuyên đề chia sẻ kinh nghiệm giảng dạy về hoạt động cho học sinh nhà trường thường xuyên tổ chức trại hè truyền thống nhiều chương trình ca nhạc lớn chương trình team building như món ăn tinh thần cho các em,2
đây là một ngôi trường đáng yêu sau khi tốt nghiệp tôi chỉ muốn quay lại trường mãi mãi các thầy cô rất nhiệt tình trường học sạch đẹp 5 sao là không đủ hihi,2
chất lượng rộng rãi tiện nghi luôn đầy đủ,2
với thông điệp sống xanh vì tương lai bình yên chương trình trại hè thanh niên sống xanh của cán bộ sinh viên trường đại học đại nam đã nhận được sự quan tâm hưởng ứng sâu sắc của hàng trăm cán bộ giảng viên sinh viên,2
trường rất thiên vị mọi thứ chỉ ưu tiên sinh viên mới học phí cao và không đi đôi với chất lượng giảng dạy thang máy gd1 nhỏ và hẹp thời gian chờ đợi lâu công việc của bộ phận nhân viên là,0
quảng cáo thì ầm ĩ nhưng thực tế thì hoàn toàn khác nếu bạn đóng tiền có rất nhiều dịch vụ không được sử dụng nếu bạn vi phạm quy định bạn sẽ bị phạt đến muộn là 100k cho việc mang đồ ăn vào giảng đường mức phạt,0
mong muốn tiến vào miền nam vĩ đại,2
trường đại học miền nam đã chuyển đi nhưng ban quản lý vẫn nói đó là trường đại học miền nam giờ trường đại học miền nam cũ là hms,0
trường học 5 sao không nói lên nhiều điều,0
tôi đã có một tuổi trẻ tươi đẹp với nhiều bạn bè và kỷ niệm ở đây,2
trường đẹp khuôn viên rộng nơi tập trung vào việc học tập có định hướng,2
một nơi học tập tốt hơn cho sinh viên,2
cho em hỏi trường có chỗ cho học sinh sạc xe điện không thấy em trai em bảo trường không sạc xe điện vì sợ cháy nổ giật điện em rất thắc mắc về công việc của bảo vệ bãi xe mong nhà trường giải đáp,1
trường rất tệ thái độ của các phòng ban dịch vụ kém đừng vào sinh viên mới sẽ chỉ làm hỏng công việc của bạn tiền học phí không đi đôi với chất lượng trường cực kỳ tệ trường chỉ cảm thấy bị thúc ép để,0
trường có một gara tuyệt vời đã đợi một tiếng rưỡi mà vẫn chưa lấy được xe học sinh rất yêu quý,2
tôi là sinh viên năm nhất sau khi học ở đại nam được một tuần tôi nhận ra cơ sở vật chất ở đó rất hiện đại các giảng đường rất rộng và mát mẻ vì có máy lạnh nhà vệ sinh của trường thoáng mát và sạch sẽ nhưng gần nhà vệ sinh không có giấy,2
cơ sở vật chất tốt trường đẹp,2
một số giáo viên phản động,0
nhà trường chỉ thấy vội vã khi bắt học sinh đóng học phí liên tục trong khi chất lượng giảng dạy không đạt yêu cầu ai đang theo dõi và có ý định tham gia thì nên tránh xa,0
ngôi trường này xứng đáng được đánh giá hơn 5 sao,2
giống như shit,0
mái trường tôi yêu,2
nhà trường rất thiên vị mọi thứ chỉ ưu ái sinh viên mới,0
nhà trường đã đầu tư mạnh mẽ vào cơ sở vật chất đào tạo đa ngành đa nghề và là một trong những trường tư thục trường đào tạo đa ngành đa nghề hàng đầu,2
trường tư thục đào tạo đa ngành với đội ngũ giảng viên trẻ năng lực và nhiệt huyết cơ sở vật chất đầy đủ hiện đại hiện đang đầu tư xây dựng thêm nhiều giảng đường mới,2
trường này chỉ dành cho những người biết nịnh hót không chú trọng nhiều đến năng lực của giáo viên tôi đã đến đây phỏng vấn vài lần lần đầu tiên chúng tôi nói chuyện trong một giờ rồi về nhà lần thứ hai,0
vận động thể thao mạnh mẽ,2
trường thân thiện này có trường nào ngoài giờ học học sinh chỉ gọi cô giáo là u teacher không cô giáo thực sự tận tụy với học sinh của mình,0
những trải nghiệm của tôi tại khoa kế toán đại học đại nam luôn là những kỷ niệm đẹp trong suốt hành trình cuộc đời cảm ơn các thầy cô khoa kế toán và nhà trường đã đưa tôi đến ngày hôm nay tôi yêu dnu,2
em gái tôi học ở trường này có nhiều hoạt động thú vị và rất bổ ích nhưng hai cơ sở cách nhau quá xa,0
tôi rất ấn tượng với khoa tài chính ngân hàng của đại học đại nam một địa chỉ đào tạo ứng dụng hàng đầu tại việt nam cháu tôi đã có sự lựa chọn đúng đắn các thầy cô đã trao quyền cho cháu được sống đúng với đam mê của mình,2
đại nam trong tôi giản dị lắm tiếng ve kêu đầu hè hoa phượng đỏ thắm góc nhỏ thân quen một ngôi trường thân thương với bao hoài bão qua từng thế hệ,2
đây thực sự là một ngôi trường tuyệt vời để học tập và phát triển em trai tôi đam mê công nghệ kỹ thuật ô tô và thực sự may mắn khi được học chuyên ngành này trong năm nay chắc chắn em trai tôi cũng sẽ có những trải nghiệm tuyệt vời tại,2
trường dễ tìm khuôn viên trường khá đẹp chất lượng đào tạo đáng để xem thêm,2
trường rất tệ thái độ của các phòng ban dịch vụ rất tệ đừng vào sinh viên mới sẽ làm hỏng việc của bạn tiền học phí không đi đôi với chất lượng trường cực kỳ tệ,0
trường có hệ thống thư viện sân bóng đá khu giáo dục quốc phòng an ninh khu vực thể chất dành cho học sinh,2
tôi không hiểu tại sao một trường đại học lại tổ chức nhạc đến tận 1130 tối nhạc vẫn nghe rất tệ từ khoảng cách 4500 mét hôm nay là ngày 11 tháng 11 năm 2020 người dân xung quanh rất khó chịu và nhận thức của cộng đồng rất kém,0
đội ngũ giáo viên tận tâm trẻ trung và nhiệt huyết đây là nơi học sinh cần chú ý và lựa chọn theo học từ cựu học sinh k 10,2
các thầy ơi sao các thầy tham lam thế nhiều khi chúng ta thường tự nhủ rằng nếu chưa vượt qua được chính mình thì không dám chia sẻ với người khác nhưng trên con đường thỏa mãn lòng tham của người khác chúng ta có thể thấm nhuần triết lý một,0
khuôn viên rộng và bãi đỗ xe học sinh năng động vừa bước vào cổng các bạn nữ đã hét lên anh ơi anh có người yêu chưa ngại quá kaka,2
khá tốt trường rất sạch sẽ nhưng diện tích sân trường không lớn lắm tuy nhiên trường cũng có rất nhiều học sinh giỏi,2
cảm ơn tấm lòng của các bạn mọi người hãy đến đại nam chung tay cùng quỹ phẫu thuật tim cho trẻ em nhé3,2
tận hưởng việc học giáo viên trẻ vui vẻ và bạn bè thân thiết giúp đỡ lẫn nhau,2
trg l,0
đại học đại nam là trường đại học đa ngành,2
thân thiện chuyên nghiệp chất lượng,2
địa chỉ đại học đại nam quốc lộ 21b phú lương hà đông hà nội là trường đại học tư thục được đầu tư bài bản và có chất lượng đào tạo khá cao,2
đại nam thật tuyệt vời cô ấy thật tuyệt vời cảm ơn chú chúc chú và gia đình mọi điều tốt đẹp nhất một cuộc sống bình an và khỏe mạnh,2
tuyết rất tốt cho sunii,2
trường có khuôn viên nhỏ đường vũ trọng phụng nhỏ xe một chiều,0
trường toàn trai xinh gái đẹp giảng viên toàn hotboy hotgirl tôi thích khoa tiếng hàn nhất,2
số 56 vũ trọng phụng có nhiều trường học nên bạn chú ý nhé trường có biển tên lớn ngay trên phố nên rất dễ tìm,2
trường mới đi vào hoạt động chưa lâu nhưng chất lượng đội ngũ giáo viên rất tốt,2
không biết trường như thế nào nhưng tôi vừa mới học ở đây về nên tôi cho 1 sao,0
trường học ổn nma bạn cùng phòng của tôi học ở đây,1
ấn tượng với năng lượng của học sinh đại nam và các giáo viên trẻ nhiệt huyết,2
cơ sở 2 của trường cơ sở chính nằm tại phố xóm hà đông trường có nhiều bạn nữ xinh đẹp nhiều bạn rất tài năng,2
trường đào tạo rất tốt học đi đôi với thực hành giảng viên rất tận tâm và nhiệt tình giảng dạy tốt,2
cũng vui nữa,2
dnu thực sự là môi trường tuyệt vời để học tập và phát triển,2
cơ sở vật chất của trường tốt nhưng thư viện cần được đầu tư nhiều hơn có hệ thống máy tính mà học sinh có thể sử dụng,2
cũng là một trường đại học nhưng thật kỳ lạ,0
đẹp và thoáng mát việc học khá nghiêm ngặthoàn toàn không được phép học,0
ngôi trường vừa mới được xây dựng lại nên khá đẹp,2
giáo viên thân thiện học sinh năng động cơ sở vật chất hiện đại,2
đẹp và yên tĩnh,2
f0 bị cô lập ở đây trường hoàn toàn sạch,1
hoàn toàn xứng đáng với chất lượng năm sao cảm ơn vì chất lượng,2
ngôi trường rộng rãi và đẹp học sinh năng động và thân thiện,2
trường được đầu tư rất tốt giáo viên giảng dạy nhiệt tình,2
trường được trang bị đầy đủ ký túc xá sang trọng và thoải mái,2
đã không đến thăm trường trong hơn 10 năm,0
giáo viên giỏi học sinh vui vẻ lớp học sạch sẽ đi học thật tuyệt,2
trường dạy khá tốt tuy nhiên bây giờ tôi không biết chất lượng thế nào,1
đây là một trường đại học được mở tại nơi chưa có trường đại học nào cả,1
đúng với tiêu chuẩn học để thay đổi cảm ơn các thầy cô,2
rất nhiệt tình,2
đây là trường tôi đang theo học,1
leo cầu thang rất có lợi cho sức khỏe của bạn,2
nơi tuyệt vời rất thư giãn,2
một trường đại học đáng theo học,2
thêm 1 năm nữa cùng dnu,1
rất ổn,2
có rất nhiều cô gái họ uống bia rất nhiều,0
dần dần cải thiện cơ sở vật chất,1
nhận chứng chỉ,1
tôi ghét ngôi trường này,0
một công ty uy tín với nguồn nhân lực chất lượng,2
sẽ thật tuyệt nếu bạn biết nơi này,2
trường tư thục chất lượng tốt,2
sưởi ấm trái tim bạn bằng tình yêu,2
chua quákhông dành cho tam 3,0
thiết bị đẹp hiện đại,2
trường tốt hiện tại quá trình phát triển đang diễn ra,2
vị trí đúng trường hơi nhỏ,1
tầng hầm căn hộ gray vesta,1
đang trên con đường phát triển mạnh mẽ,2
quản trị kinh doanh 1302 thương yêu thầy,2
hệ thống đào tạo tốt,2
nhiều hoạt động có ý nghĩa,2
cơ sở vật chất khá tốt,2
trường tư thục tại hà nội,1
đào tạo tốt giáo viên tốt,2
cơ sở vật chất kém,0
thì ra luôn có việc làm,1
tôi không biết mình có học giỏi không,1
khá tốt,2
rộng sạch đẹp,2
không còn đẹp nữa,0
hỗ trợ cô p hằng,1
hiện đại,1
tôi chán quá,0
tôi là một học sinh,1
đường khá hẹp trường học khá nhỏ,0
được rồi rất đặc biệt,2
trường nhỏ ý chí lớn,2
đại học đại nam quốc lộ 21b phú lương hà đông hà nội việt nam,1
tôi đã dừng lại,1
trường học rộng rãi,2
trường đại học mới,2
chính hãng,1
vô lý và vô nghĩa,0
và,1
trường học mới,2
chân,1
hau là một trong những trường đại học hàng đầu và lâu đời nhất về đào tạo kiến trúc và xây dựng tại việt nam,2
trường đại học kiến trúc hà nội hau là một trong những trường đại học hàng đầu về đào tạo kiến trúc và xây dựng tại việt nam trường nổi bật với chất lượng đào tạo cao đội ngũ giảng viên giàu kinh nghiệm và cơ sở vật chất hiện đại bao gồm,2
thang máy của trường rò rỉ nước như đài phun nước thi ở tòa nhà 20 tầng chỉ được đi 2 thang máy hàng ngàn thí sinh phải đi bộ lên tầng 18 và tầng 20 thật điên rồ,0
xin hãy bật máy lạnh xin hãy bật lớp này đã đông cứng đến mức tất cả mỡ đều tan chảy và bị thổi bay bởi hai chiếc quạt,0
ngôi trường lâu đời nhất ở hà nội hiện được lưu giữ như một di tích tưởng niệm,2
thang máy của trường bị sập đi như thể có người theo dõi bạn các tiện nghi như,0
hàng năm chúng ta tốn rất nhiều tiền nhưng cơ sở vật chất dường như không bao giờ được cải thiện nhiều,0
ngôi trường lâu đời và cổ kính nhất hà nội quy tụ nhiều nhân tài của đất nước khuôn viên rộng đẹp và thoáng mát,2
các cô gái trong văn phòng có thái độ khinh thường và không thèm trả lời câu hỏi bạn bị điếc hay câm vậy,0
số tiền bỏ ra không xứng đáng với những gì tôi đáng được nhận,0
chất lượng đào tạo giống như ba điểm nhưng nó kiếm được rất nhiều tiền,0
xin lỗi trường vũ trụ bảo tôi làm thế,0
nhà trường bắt học sinh phải chuẩn bị giấy nháp để thi,0
trường dạy tốt nhưng cơ sở vật chất không tốt,0
là một sinh viên kiến trúc,1
cơ sở vật chất và chương trình đào tạo thì chán ngắt,0
mất vé xe buýt một lần gây ra chứng trầm cảm nhiều lần nam sinh viên 2,0
anh trai tôi bảo tôi đánh giá 1 sao,0
tôi không trả lại áo tập của học sinh tôi cũng không trả tiền tiền đi đâu mất rồi,0
bây giờ là 1022 tối trường đại học phát loa công suất lớn từ trưa đến tối những người dân sống gần trường đang phát điên những chiếc cốc và đĩa trên bàn rung chuyển như động đất trường học dạy mọi người nhưng nhận thức của họ thì quá,0
ngôi trường thật tuyệt vời tôi rất thích nó,2
yêu trường kiến trúc luôn đổi mới về ý tưởng và sáng tạo về vật liệu tấm lợp nhẹ vinahome,2
nhà trường không trả lại áo thể dục cho học sinh ngay cả sau khi hoàn thành khóa học td họ cũng không trả lại tiền mua áo họ không nói cho chúng tôi biết số tiền đó được dùng vào việc gì,0
nhà trường không quan tâm gì đến học sinh cả,0
ngôi trường như cái đầu trọc,0
hồi tôi học ở nhà h nhà có 13 tầng toàn dân thị trấn không biết từ đâu đến đều đến đây tự tử bạn tôi 97 15x7 đang đi trong sân thì có người nhảy lên người trường học chậm chạp,0
năm nay tôi đi học và trả tiền học phí như thủ quỹ cách nói cộc lốc thiếu học thức khi anh ta đưa cho tôi tờ giấy để ký đây ký vào đây mày mù à tại sao,0
đã từng học ở đây thầy cô tuyệt vời bạn bè đáng yêu bây giờ trường đẹp và lộng lẫy hơn hồi tôi học,2
trường có cơ sở vật chất tạm thời và đang dần được cải thiện vị trí thuận lợi,2
trang facebook được tạo ra để mọi người hỏi và trả lời câu hỏi nhưng khi họ hỏi họ nhắn lại rằng tôi nên liên hệ với đường dây nóng thậm chí còn không bằng một phần mười giá trị của trường thủy lợi,0
ngôi trường với biết bao kỷ niệm trong 5 năm học tập tại đây từ những buổi bơi giữa giờ vào mùa mưa đến những ngày làm dự án thâu đêm,1
một ngôi trường như trường mà db dạy giống như một nhà để xe không có mái che,0
ngôi trường thật tuyệt đẹp,2
trường học không có máy lạnh đèn kém không đủ ánh sáng để học tập thang máy có thể sử dụng được một số ngày nhưng không,0
trường học như cc,0
bánh chưng ngon,2
tôi đã học ở đây trong những năm đất nước còn khó khăn và tốt nghiệp để tham gia vào các hoạt động xây dựng,2
rất cắn,0
được rồi đây là thi n4,1
bạn ơi mình xin lỗi vì chuyện này làm ơn dừng lại đi,1
hãy làm điều này,1
học sinh phanh,1
trường học lol dl buồn cười quá l,0
ngôi trường này đẹp quá tôi rất yêu nó,2
trường học như loz,0
tôi hy vọng nhà trường sẽ xây dựng một bãi đậu xe,0
cấu trúc cơ trượt chữ t,0
đại học kiến trúc hà nội,1
được rồi sớm thôi,1
nvs hơi không sạch,0
trường học lol,0
dcu không trả học phí,0
biển báo tre,0
nói chung là tệ,0
ngôi trường mơ ước của tuổi thơ tôi,2
trời nóng thang máy hỏng cửa tầng hỏng phòng học không có điều hòa học sinh rất mệt mỏi khi đến trường đặc biệt là tôi đề nghị nhà trường xem xét,0
con tôi học trường này trường có nhiều quy định mới như bắt học sinh phải tự mua đề thi nhưng phải giống đề thi ở trường như vậy giống như trường đang kinh doanh vậy,0
cô ấy nói đánh giá nó 1 sao,0
mặc dù tôi chưa vào trường nhưng tôi đã ghét nó rồi những giáo viên hỗ trợ học sinh luôn có vẻ mặt cau có và thái độ trịch thượng,0
chất lượng ngày càng tệ hơn,0
không có gfriend không có dieu hoa,0
tôi yêu nơi đó đó là trường đại học nơi tôi đã học trong suốt 5 năm tôi đã học với người bạn của tôi những người bạn thân thiết với tôi chúng tôi đã học thực hành giúp đỡ nhau khi chúng tôi gặp khó khăn điểm đến đó chúng tôi đã học được nhiều điều từ giáo viên,2
cắt ngon tuyệt vời,2
đây là ngày lễ tình nhân với người bạn độc thân của tôi chúng tôi đi đến quán cà phê và nghe tiếng hát sau đó chúng tôi cần một nơi mát mẻ khác và chúng tôi chọn phố trà đối diện trường đại học xây dựng,1
tôi yêu ngôi trường của mình nơi này tôi đã học trong suốt 4 năm tuổi trẻ của mình thời gian trôi qua không quá xa mọi thứ vẫn còn sống động trong tâm trí tôi ngay lúc này,2
goog,1
trường đại học lớn về số lượng sinh viên nhưng diện tích lại rất nhỏ so với các trường đại học tương tự khác,0
đại học xây dựng hà nội,1
một trong những trường đại học đào tạo kỹ sư xây dựng tốt nhất tại việt nam,2
đó không phải là trường đại học đó là phòng tra tấn,0
dành nhiều thời gian vui vẻ ở đó với những người rất tốt bụng,2
bạn đến đó để học cách xây nhà,1
trường đại học của bạn tôi chất lượng rất tốt,2
tôi thực sự yêu trường của tôi trường đại học dân sự,2
trường đại học công nghệ tốt nhất việt nam,2
khuôn viên trường nhỏ hơn so với hust lân cận,0
trường đại học tốt cho sinh viên muốn trở thành kỹ sư,2
trường đại học của tôi tình yêu của tôi tốt tốt,2
uni tuyệt vời,2
710,1
lựa chọn của tôi,2
trường đại học tốt nhất thời bấy giờ,2
con người thân thiện giáo sư tốt bụng,2
trường học tốt cho kỹ sư tương lai,2
người hàng xóm tốt của hust,2
tôi yêu nuce,2
yêu nó,2
rất tốtrất tốt,2
trường đại học của tôi tốt,2
kiến trúc sư xinh đẹp,2
xây dựng hay mở rộng,1
bỏ phiếu,1
đại học dân sự quốc gia,1
cái chết của trường đại học,0
trường đại học cũ của tôi,1
ôi trường của tôi,1
số một,2
trường đại học xây dựng hà nội nuce là một trong những cơ sở giáo dục hàng đầu tại việt nam đặc biệt là trong lĩnh vực xây dựng và kiến trúc với lịch sử phát triển lâu dài và uy tín vững chắc nuce đã trở thành,2
đoàn luật sư hà nội tư vấn pháp luật trợ giúp pháp lý cho ubnd phường đồng tâm phối hợp với phòng tư pháp quận hai bà trưng tại hội trường g3 trường đại học xây dựng,2
link ảnh lễ trao bằng tiến sĩ thạc sĩ kỹ sư kiến trúc sư cử nhân ngày 19 tháng 10 năm 2024,1
hiện đang là sinh viên năm 2 của trường thật sự khẳng định rằng tin tưởng vào đại học xây dựng là không sai với mức học phí 20 triệunăm không có ngôi trường nào có thể vượt qua được ngành xây dựng,1
cơ sở vật chất đã được cải thiện mặc dù mưa lớn nhưng không bị ngập nhưng tòa nhà h2 vẫn chưa có điều hòa tòa nhà h1 có 6 tầng nhưng chỉ có cầu thang cho giáo viên học sinh phải đi bộ từ bãi đỗ xe lên nếu,0
tôi không hiểu tại sao khi đăng ký tôi đã chuyển tiền một chiều thông báo cho bố mẹ chuyển hết tiền nhưng vài tháng sau tên tôi lại nằm trong danh sách chưa đóng khi tôi kiểm tra lại học phí đã tăng gây bực bội và khó chịu,0
môi trường học tập và làm việc chất lượng tuyệt vời,2
tôi ghét trường học vô cùng cụ thể là tôi không muốn đi học bất kỳ trường nào nhưng tôi đã đến trường lúc 645 sáng nhưng tôi vẫn còn nhiều thứ phải học nhưng ai có thể chịu nổi sự tức giận đặc biệt là vật lý nói chung tôi ghét trường học,0
với đội ngũ giảng viên giàu kinh nghiệm và chất lượng đào tạo cao nhà trường đào tạo ra những chuyên gia xây dựng có kiến thức chuyên sâu về lĩnh vực này xe có tầng hầm để xe rộng rãi đặc biệt khu vệ sinh rất sạch sẽ như một trung tâm thương mại cao cấp bàn ghế và phòng học rất sạch sẽ và hiện đại,2
tiền thân là khoa xây dựng của trường đại học bách khoa hà nội từ năm 1956 đến năm 1966 được tách thành khoa riêng đến năm 2017 khoa đã trở thành một trong bốn trường đại học đầu tiên tại việt nam đạt chuẩn,1
trang web của trường rất tệ mỗi lần muốn xem thời khóa biểu hoặc lịch học tôi phải xem từ đêm hôm trước đôi khi không được tôi phải nhắn tin hỏi lịch học không giống nhau mỗi tuần có,0
ngôi trường tuyệt vời nhưng tôi chỉ cho 1 sao vì cờ việt nam chỉ có 1 ngôi sao vàng 5 sao tức là cờ trung quốc,0
một trong những trường đại học quan trọng nổi tiếng và thành công nhất tại việt nam trường đào tạo số 1 về lĩnh vực xây dựng cơ sở hạ tầng và kiến trúc tại nước ta lĩnh vực quan trọng nhất của một quốc gia hà nội,2
thở dài đây là trường của tôi cuộc sống đã đưa tôi đến ngôi trường này đến đây học ở đây may mắn thay tôi đã tốt nghiệp đúng hạn ở đây,1
ngồi ở ngôi trường này mang lại nhiều kỷ niệm cho nhiều học sinh mỗi lần đi qua đây nhiều kỷ niệm lại ùa về trường có chất lượng giảng dạy rất tốt,2
nơi đào tạo các kỹ sư tương lai hy vọng đất nước sẽ có cơ sở hạ tầng đầy đủ trong tương lai,2
dễ vào khó ra người chơi hệ thống tach mon dự án chúa tể lũ lụt thần chiến tranh trốn học,0
đại học xây dựng hà nội trường đào tạo kỹ sư xây dựng hàng đầu việt nam,2
khoa xây dựng là trường đại học hàng đầu trong ngành xây dựng tại việt nam với đội ngũ giảng viên giàu kinh nghiệm và chất lượng đào tạo cao trường đào tạo ra những chuyên gia xây dựng có kiến thức chuyên sâu về lĩnh vực này trường,2
trường đại học xây dựng nuce 55 giải phóng đồng tâm hai bà trưng hà nội được thành lập năm 1966 tách ra từ khoa xây dựng của trường đại học bách khoa ban đầu với 8 chuyên ngành và hiện nay đã phát triển thành một,1
trường rất mới kiến trúc hiện đại xe có tầng hầm để xe rộng rãi khuôn viên trường có nhiều cây xanh đặc biệt nhà vệ sinh rất sạch sẽ như một trung tâm thương mại cao cấp bàn ghế và phòng học rất sạch sẽ và hiện đại,2
trường học rất tệ khi nói đến việc đăng ký khóa học trang web bị hỏng vì vậy hãy tránh xa nó càng sớm càng tốt,0
được đánh giá 1 sao vì nyc theo học trường này,0
trường kỹ thuật hàng đầu việt nam chuyên đào tạo kỹ sư và kiến trúc sư,2
vì tôi đã đỗ tôi cho trường 5 sao tôi cầu nguyện được dành 5 năm tuổi trẻ của mình ở đây,2
trường đại học xây dựng là một trong những trường đại học công lập hàng đầu đào tạo nguồn nhân lực ngành xây dựng tại miền bắc việt nam,2
trường đại học xây dựng hà nội có nhiều đổi mới trong giảng dạy và học tập hội nhập mạnh mẽ với thế giới sinh viên ở đây có nhiều hoạt động thú vị sáng tạo và ý nghĩa,2
nhà trường có truyền thống cao đẹp đào tạo nhiều nhân tài cho ngành xây dựng đất nước,2
bạn vui lòng cho tôi biết trường của bạn có máy điều hòa không,2
trường đại học xây dựng là cơ sở giáo dục chuyên đào tạo ngành xây dựng tại hà nội và bồi dưỡng nguồn nhân lực có trình độ đại học và sau đại học cho nhiều ngành nghề khác nhau đây là,2
được thành lập vào năm 1956 là một trong những ngôi trường đạt chứng nhận quốc tế trường đã đào tạo ra những kỹ sư ưu tú và những chuyên ngành tốt đóng góp vào sự phát triển của đất nước đây là một trong những ngôi trường có hệ thống đào tạo tốt nhất cả nước,2
trường đào tạo tốt đặc biệt là ngành kiến trúc với những dự án lớn,2
hiện đang là sinh viên năm cuối tại trường thành thật mà nói tôi không hiểu tại sao một số người lại chỉ trích trường ở bên dưới cá nhân tôi thấy trường dạy rất tốt xét theo độ khó và số lần thi lại các môn chung,2
thiết kế thoải mái khá đẹp phong cách xây dựng khá giống với pháp thực sự là một trường xây dựng,2
không gian thoáng mát và sạch sẽ,2
ngoại trừ việc tôi không thể mở mắt và chạy lên tầng 6 để học khi trời nóng mà không có máy lạnh mọi thứ đều ổn và tôi không thấy bất kỳ cô gái nào ví dụ trong lớp học của tôi tôi là người duy nhất con gái,0
khu vực trường học nhỏ hiện đang trong quá trình xây dựng,0
trường đào tạo kỹ thuật hàng đầu cả nước,2
trường của bạn tuyệt vời 10 điểm thêm máy lạnh nữa là 105,2
bài thi của trường tôi rất tốt,2
lớp học không có máy lạnh và thời tiết thì nóng như thiêu đốt lò mổ,0
trường đẹp quá tôi muốn thi nhưng vì lý do nào đó tôi lại đổi ý,2
trường có khuôn viên rất đẹp rất ấn tượng với biểu tượng của trường đại học xây dựng,2
học phí rẻ đi kèm với chất lượng khi đi thi vẽ bạn phải tự mang theo ghế nhựa bút và giấy vì phòng thi không có ghế,0
khuôn viên trường rộng rãi sạch sẽ và thoáng mát,2
trường học không quá nóng,0
dễ vào khó ra thanh toán nhanh vừa thi xong và xin đăng ký làm đồ án tốt nghiệp rồi thanh toán nói chung là chán,0
15 năm trở lại trường,1
đúng là trường chuyên về xây dựng và kiến trúc khuôn viên trường tuy nhỏ nhưng được quy hoạch rất đẹp và tiện dụng hiện trường nào cũng toàn con trai bạn có thể đi mãi mà không thấy một cô gái xinh đẹp nào,2
nơi hủy hoại tuổi trẻ của những ai đam mê tự do và giải phóng nơi các dự án môn học sẽ hủy hoại giấc mơ cuộc đời bạn,0
tôi không học xd nhưng khi đi làm thì tôi có mối quan hệ với xd,1
h2 nóng quá tôi không thể học được,0
trường cung cấp đào tạo chuyên sâu về lĩnh vực xây dựng và môi trường học tập tốt,2
trường là đơn vị dẫn đầu trong lĩnh vực xây dựng dân dụng cầu đường,2
vệ sinh điện thoại vui vẻ cho máy tính xách tay và điện thoại miễn phí,2
trường đang nghỉ hè để sửa chữa bên ngoài cổng,1
trường hàng đầu trong các lĩnh vực kỹ thuật xây dựng kinh tế và quản lý xây dựng kiến trúc quy hoạch học phí thấp nhất vị trí trung tâm thủ đô với giao thông thuận tiện dịch vụ cho thuê nhà ở và y tế giải trí,2
tự hào là sinh viên trường xây dựng năm 1966 theo quyết định số 144cp ngày 08 tháng 08 năm 1966 khoa xây dựng chính thức tách thành trường đại học xây dựng,2
đã gắn bó với trường 5 năm,1
đây là trường đại học xây dựng uy tín hàng đầu tại việt nam với nhiều giảng viên đầu ngành ở mọi chuyên ngành chương trình đào tạo bài bản nghiêm túc ít tình huống tiêu cực tuy nhiên diện tích của trường khá nhỏ và,2
trường đại học xây dựng là một trong những trường đại học kỹ thuật hàng đầu tại việt nam đồng thời cũng là trường dẫn đầu ngành xây dựng,2
nơi chôn vùi tuổi trẻ,0
trường đại học hàng đầu chuyên về xây dựng,2
vị trí rất đẹp đắc địa gần nhiều trường đại học khác,2
địa chỉ không 55 giải phóng đồng tâm hai bà trưng hà nội giờ thành lập 1966,1
nhà trường đánh trượt môn quốc phòng mặc dù bài làm đạt yêu cầu 2 sao là cao rồi,0
nuce 59 giải phóng,1
trường có khuôn viên đẹp nhiều công trình kiến trúc ấn tượng đào tạo nên những kỹ sư tài năng cho đất nước tuy nhiên nam sinh ngành xây dựng lại thích ném phấn vào các bạn nữ đi trong sân trường đây là nét văn hóa đặc sắc của trường nhưng không nên duy trì,0
trường đại học xây dựng là một trong những trường đại học công lập hàng đầu về lĩnh vực xây dựng tại việt nam tiền thân là khoa xây dựng của trường đại học bách khoa hà nội từ năm 1956,1
tuy trường tọa lạc trong diện tích nhỏ nhưng được bố trí các tòa nhà khoa học bởi đội ngũ giáo sư tiến sĩ của trường nên nhìn chung cảnh quan vô cùng đẹp,2
là một ngôi trường có vai trò quan trọng diện tích cơ sở vật chất rất hạn chế các dịch vụ phục vụ cho học sinh cũng hạn chế toàn trường chỉ có một nhà ăn tình trạng này đã kéo dài từ lâu,0
trường xây dựng là trường đại học danh tiếng chuyên đào tạo kỹ sư kiến trúc sư giỏi cho đất nước,2
trường đại học xây dựng là một trong những trường đại học đào tạo kỹ thuật hàng đầu tại việt nam đồng thời cũng là trường dẫn đầu trong ngành xây dựng,2
trường tốt học sinh tham khảo làm sao để chọn được trung tâm gia sư uy tín tại hà nội tại các thành phố lớn như tp hà nội tp hồ chí minh tp đà nẵng là một,2
một trải nghiệm tuyệt vời,2
ngôi trường nơi tôi theo học thời sinh viên giờ đã đổi tên thành đại học xây dựng hà nội nên hội nuce giờ cũng phải đổi tên thành hội người huce,1
các nhân viên phục vụ rất nhiệt tình và vui tính đáng để trải nghiệm,2
trường đại học xây dựng là cơ sở đào tạo bồi dưỡng nguồn nhân lực trình độ đại học sau đại học thuộc nhiều chuyên ngành khác nhau trong lĩnh vực xây dựng trường còn là trung tâm nghiên cứu khoa học và ứng dụng tiến bộ khoa học công nghệ trong lĩnh vực xây dựng vào đời sống,2
trường đại học xây dựng là một cơ sở giáo dục chuyên ngành xây dựng tại hà nội được thành lập năm 1966 tiền thân là khoa xây dựng của trường đại học bách khoa hà nội,1
trường đại học tuyệt vời từ vật chất đến con người còn tôi tốt nghiệp năm nào thì tôi không biết,2
ngôi trường nơi sinh ra biết bao kỹ sư xây dựng những con người ngày đêm miệt mài xây dựng vô vàn công trình trên khắp mọi miền đất nước chúng tôi hy vọng đội ngũ giáo viên của trường sẽ luôn cháy hết mình với nhiệt huyết để đào tạo nên những con người xây dựng tương lai của đất nước,2
trường đại học đào tạo kiến trúc và xây dựng hàng đầu việt nam tọa lạc tại đường giải phóng quận hai bà trưng thành phố hà nội,2
trường đào tạo khá tốt nhưng số lượng sinh viên ra trường không có việc làm rất cao sinh viên ở ký túc xá thường xuyên xảy ra đánh nhau,0
vừa học xong ở đây trường có rất nhiều học sinh trước đây khi đăng ký thi tôi cũng chọn xd nhưng tôi không may mắn lắm vì tôi đỗ vào ngành tôi,0
sau gần 50 năm thành lập và phát triển với gần 60 năm kinh nghiệm đào tạo trường đại học xây dựng đã trở thành trung tâm đào tạo nghiên cứu khoa học chuyển giao công nghệ và cung cấp nguồn nhân lực chất lượng cao hàng đầu cho đất nước trong lĩnh vực xây dựng,2
có quá nhiều chương trình khuyến mại 3 chương trình siêu tuyệt vời,2
nếu bạn định thi vào đại học xây dựng thì phải cân nhắc kỹ chương trình học rất nặng không phải ngẫu nhiên mà ngành xây dựng được gọi là lò giết mổ 55 giải phóng,0
hiện nay trường đại học xây dựng gồm 2 giảng đường h1 6 tầng và h2 4 tầng 1 hội trường lớn g3 2 tầng 1 tòa nhà thư viện 6 tầng 1 tòa nhà hành chính a1 6 tầng 1 tòa nhà phòng thí nghiệm 10 tầng,1
trường có quang cảnh đẹp và chất lượng giảng dạy tốt,2
trường đại học của những chàng trai đẹp trai,2
một trong những cơ sở hàng đầu của đất nước trong lĩnh vực xây dựng bằng đại học của trường xây dựng là một trong những bằng cấp có giá trị nhất tại việt nam,2
với đội ngũ cán bộ đông đảo đội ngũ giảng viên đa ngành có trình độ cao chuyên môn tốt ổn định chính trị tận tụy với sự nghiệp giáo dục cho đến nay trường đại học xây dựng đã cung cấp,2
một ngôi trường tốt cho sinh viên việt nam theo học đây là ngôi trường ít tệ nạn nhận tiền của sinh viên và giáo viên nhiệt tình nhưng học nhiều môn rất khó và đòi hỏi sinh viên phải thực sự học nếu không sẽ trượt,2
sinh viên muốn theo đuổi ngành xây dựng là quyết định tốt nhất bạn có thể nghĩ đến,2
trường đào tạo nguồn nhân lực trình độ đại học và sau đại học nghiên cứu và ứng dụng những tiến bộ khoa học trong lĩnh vực xây dựng vào cuộc sống,2
ngôi trường đã đào tạo ra nhiều thế hệ kỹ sư tài năng xây dựng nên những ngôi nhà cao tầng,2
một nơi chuyên đào tạo kỹ sư xây dựng cho đất nước có một người em trai học k55 về cầu ở đây và rất thông minh chất lượng của trường được đánh giá bằng các công trình khoa học và đặc biệt là chất lượng sinh viên tốt nghiệp ít nhiều thành công,2
đây là một trường đại học lớn của việt nam trường đã đào tạo ra nhiều kỹ sư giỏi góp phần xây dựng đất nước ngày càng vững mạnh,2
trường chuyên đào tạo cử nhân xây dựng có nhiều năm kinh nghiệm giảng dạy và đáp ứng yêu cầu phát triển xã hội,2
nhắn tin cho fanpage nhưng không trả lời like cc cho 1 sao,0
trường học tuyệt vời sự kiện scamp cũng tuyệt vời,2
trường học thật tuyệt vời mãi mãi yêu thương,2
tôi đã thực tập ở đây 5 năm tốt nghiệp cách đây 17 năm nhưng chưa bao giờ hối hận vì đã học ở ngôi trường này dù chỉ một giây,2
kiến trúc khá độc đáo,2
tình yêu của chúng ta đang bay cao,2
thậm chí còn có một trường đại học mà các chữ cái trong tên trường bị rơi ra và không thể gắn lại được,0
trường đại học xây dựng được tách ra từ đại học bách khoa hà nội và đào tạo chuyên ngành xây dựng,1
là ngôi trường có lịch sử đào tạo lâu đời và chất lượng xây dựng hàng đầu việt nam,2
vẫn chưa phát triển nằm gần trung tâm thành phố nhưng chất lượng đào tạo kém và tư duy sáng tạo của giảng viên còn kém,0
đây là ngôi trường tách ra từ đại học bách khoa hà nội truuwongf đào tạo kỹ sư ngành xây dựng rất tốt,2
mình thường đi nhờ xe ở cổng trường mình ấn tượng vì trường có nhiều xe,1
đại học xây dựng là trường đại học đào tạo kỹ sư xây dựng hàng đầu tại việt nam,2
5 sao vì người yêu tôi học ở trường này,2
khuôn viên trường khá rộng và có nhiều sinh viên thuận tiện cho việc đi lại các chuyên ngành đa dạng,2
ông trương đào tạo kỹ sư xây dựng con trai thì nhiều nhưng tìm hoài cũng chỉ thấy có vài cô gái,0
trường đào tạo kỹ sư xây dựng hàng đầu việt nam,2
một trong những trường đại học có đào tạo thực sự chuyên môn và năng lực thực sự tại hà nội,2
tôi thích trường đại học xây dựng này và muốn lên kế hoạch thi vào trường đại học xây dựng này,2
tòa nhà trường học lúc 1 giờ sáng,1
mỗi lần đăng ký tín chỉ là mình đợi từ chiều hôm qua đến hôm sau mà vẫn không đăng ký được mình mất ngủ quá mệt mỏi quá,0
nhiều chương trình khuyến mãi hấp dẫn,2
yêu trường mãi mãi 33333,2
lịch học ở trường chán đến mức không thể diễn tả được,0
đã 29 năm trôi qua kể từ khi tôi tốt nghiệp và bây giờ tôi đang dự định quay lại trường để xem bạn bè mình thế nào,1
chúc tất cả các em học sinh không bỏ lỡ cơ hội lấy bằng cử nhân của trường,2
trường đại học xây dựng hà nội trường đào tạo hàng đầu về chuyên ngành xây dựng,2
ngôi trường rất đặc biệt 5 năm tuổi trẻ và tôi không hối hận khi học ở trường,2
một ngôi trường tuyệt vời cho sinh viên học về thiết kế xây dựng đất đai,2
tôi có thể sống bình yên ở quê hương mình vâng tôi vẫn nợ bạn cuộc sống là vô thường,1
một ngôi trường tuyệt vời đào tạo nên những kỹ sư xây dựng việt nam,2
trường đại học của tôi tôi có thể nói gì đây,1
một trong những cơ sở đào tạo tốt nhất tại hà nội,2
trường đại học xây dựng giảng viên rất nhiệt tình và tận tâm với sinh viên,2
nhìn chung trường đẹp cơ sở vật chất khá đầy đủ cho việc học tập,2
giống như nhiều trường đại học khác đại học bách khoa hà nội vẫn là trường hàng đầu,2
trường có lịch sử lâu dài về đào tạo trong ngành xây dựng,2
trường học nghe có vẻ rất khó khăn bạn tôi đã học và nói như vậy,1
một ngôi trường được yêu mến nơi đào tạo ra nhiều tài năng danh giá,2
ngành dẫn đầu trong đào tạo ngành xây dựng của đất nước,2
tôi thích khoa kiến trúc xây dựng nhất đó là ước mơ của tôi trong một thời gian,2
ngôi trường này luôn tạo ra học sinh để đi học và đi làm,2
trường đại học hàng đầu về xây dựng tại việt nam,2
đào tạo nhiều nguồn nhân lực cho ngành xây dựng của đất nước,2
trường đẹp chuyên đào tạo các ngành liên quan đến xây dựng,2
trường rất đẹp cổng trước giáp đường giải phóng cổng sau giáp đường trần đại nghĩa,2
trước đây trường đại học xây dựng là một học viện trực thuộc trường đại học bách khoa sau đó được tách ra thành trường đại học xây dựng,1
học sinh rất giỏi uống rượu tốt,2
perfect là trường đại học đào tạo kỹ thuật xây dựng tốt nhất tại việt nam,2
địa chỉ 55 đường giải phóng phường đồng tâm quận hai bà trưng trường công lập,1
t đến từ new york và là học sinh trường xd rất tệ,0
chương trình đào tạo thực tế giảng viên nhiệt tình,2
trường rất đẹp và rất rộng rãi vé gửi xe đắt lắm,2
đại học xây dựng là một nơi tuyệt vời,2
không xứng đáng với ngành xây dựng đang bùng nổ,0
là một trong những trường đại học hàng đầu tại việt nam,2
trường hàng đầu trong ngành xây dựng,2
trường có nhiều tòa nhà có kiến trúc đẹp,2
tuyệt bởi vì tôi yêu trường đại học của mình,2
một giấc mơ từ c3 nhưng không thành hiện thực,1
ngôi trường tôi đã theo học tuyệt vời,2
bình tĩnh lại đi,1
đã từng học ở đây tuổi thơ tôi,1
bắt học sinh làm thủ tục giấy tờ mất quá nhiều thời gian,0
trường đào tạo chất lượng,2
hãy suy nghĩ cẩn thận trước khi đến đây thành viên,0
trường nhỏ cơ sở vật chất kém,0
nhiều bạn bè tôi học ở đây đã trở thành những người tài giỏi,2
tôi yêu nơi này quá,2
slaughterhouse đã lâu rồi không quay lại trường,1
đừng bao giờ đến trường này,0
tôi đã từng học ở đây vị trí tốt,2
cánh đồng nhỏ như lỗ mũi,0
sạch sẽ thân thiện và là nơi tuyệt vời để học the adora eddie lim,2
thư viện rất hiện đại và đẹp,2
sạch sẽ thân thiện và là nơi tuyệt vời để học tập,2
đại học tốt ở thành phố hồ chí minh,2
oooookkkkkk,2
ồ tuyệt vời,2
trường học tuyệt vời với thư viện hiện đại,2
toi da tung o day,2
tôi yêu hufi,2
người yêu tôi ở đó,1
gần nhà trường đại học,2
pokemon go,1
nơi tuyệt vời,2
tôi thích ngôi trường này,2
thất vọng,0
truong hoc,1
trường đại học địa phương,1
trường có cơ sở vật chất tốt tạo điều kiện cho sinh viên có các buổi thực hành cập nhật công nghệ và kỹ năng tốt,2
trường có không gian rộng rãi tuy không đẹp bằng các trường khác nhưng sân trường rộng và có nhiều cây xanh mát mẻ mỗi phòng học đều có máy lạnh máy chiếu ghế ngồi bàn học,2
trường đại học công thương thành phố hồ chí minh là cơ sở giáo dục đại học công lập trực thuộc bộ công thương đào tạo nhiều ngành nghề với thế mạnh là công nghiệp và thương mại,2
tôi đã dành tiền để đi học nhưng tôi thậm chí còn không chuẩn bị thêm phí để sửa xe khoảng 34 tuần trước tôi đã có hộ chiếu và giấy phép lái xe nên tôi đã thuê một chiếc xe để đi học thành thật mà nói chiếc xe được mua bằng tiền của bố mẹ tôi vì vậy tôi,1
hôm nay trường có trại ct vui vẻ trải nghiệm sản phẩm mới chơi trò chơi có quà tặng dui so dui,2
lần đầu biết lần đầu đến huit sinh viên huit cũng rất năng động,2
hôm nay trường mình có dịch vụ vệ sinh laptop miễn phí của dienthoaivui tuyệt vời quá,2
trường rộng rãi và sạch sẽ thư viện dễ học và môi trường tốt,2
một ngôi trường mới nhưng trong những năm gần đây việc cung cấp nguồn nhân lực ở nhiều lĩnh vực khá thực tế,1
ngày đầu tiên đi học đông đúc có rất nhiều quà tặng tại cellphones campus,2
học sinh rộng rãi thoáng mát dễ thương,2
cô gái phụ trách thư viện ở tầng dưới vô cùng thô lỗ mẹ tôi quên cởi dép trước khi vào cô ta vô cùng thô lỗ bắt nạt mẹ tôi mặc dù bà đã xin lỗi là quá vội vàng nên bà quên mất mẹ tôi lớn tuổi hơn bạn nhưng thái độ của bà ta đối với sinh viên ph lại vô cùng tệ,0
không biết trường có ăn cắp tiền không chi phí đồng phục là 885000 chỉ có 2 áo và 1 bộ đồ thể dục khi tôi nhắn tin và hỏi trực tiếp không ai trả lời trong khi đồng phục của các trường khác chỉ dao động từ 200300000 tôi chỉ là một học sinh mới sau,0
trường có khuôn viên thoáng mát và các khoa được trang bị đầy đủ các thiết bị hiện đại,2
cơ sở thực hành có 31 clv và mọi thứ đều hỏng máy tính yếu máy tính lớp 20 có 24 hoặc 25 học sinh các bạn đang đùa nhau à,0
trường đẹp cơ sở vật chất tốt nằm trên đường chính dễ nhìn thoáng mát 95 có máy lạnh giáo viên nhiệt tình,2
chuyến tham quan khuôn viên trường cellphones đông đúc và vui vẻ quá,2
đã đến trường 2 lần để phản hồi điểm rèn luyện ngày đầu tiên nhưng đến ngày trường tuyển sinh không có một giáo viên nào phản hồi và yêu cầu điền phiếu thông tin đến thứ hai kiều chỉ,0
điểm yếu thang máy rất đông gần giờ học thì như bị kẹt cứng người vậy,0
luôn luôn có tình trạng kẹt xe khi vào trường buổi sáng buổi trưa và buổi chiều mỗi lần đỗ xe bên ngoài tốn 5k,0
trường có hệ thống trang thiết bị hiện đại cảnh quan trường dễ quan sát cơ sở vật chất có thể gọi là vip,2
đồng phục rất đắt khi tôi đến lấy đồng phục trang web hiển thị lỗi từ ngày này sang ngày khác tôi đã đến đó 3 lần và vẫn chưa lấy được quần áo và tôi vẫn nhận được thái độ đó,0
bây giờ có dịp đến thăm trường tôi thấy trường có khuôn viên rộng rãi nhiều cây xanh thoáng mát cơ sở vật chất tốt một nơi đáng để đến học tập và nghiên cứu,2
cơ sở vật chất tốt so với học phí giảng viên nhiệt tình nhưng năm nay trường tăng chỉ tiêu quá nhiều nên bãi đỗ xe quá tải hy vọng trường sớm có phương án mới,0
trường đại học công thương được đổi tên từ trường đại học công nghiệp thực phẩm thành phố hồ chí minh tọa lạc tại số 140 lê trọng tấn đây là trường công lập trực thuộc bộ công thương có khoảng 26 ngành nghề nổi tiếng,1
đại học công nghiệp thực phẩm tôi đã tốt nghiệp trường này hiện tại trường đã đi vào hoạt động và rất tiện nghi và đẹp hơn cả khi tôi học trước đây 2 chuyên ngành chính của trường là công nghệ thông tin và nấu ăn khoảng,2
ngôi trường rộng và đẹp có nhiều cây xanh và chất lượng giảng dạy tốt,2
đăng ký khóa học trên web đã khó nhưng trường và khoa chỉ mở 1 lớp trong khi mở khảo sát muốn hỗ trợ mở khóa học cho sinh viên năm cuối bất kỳ ai có ý định nhập học nên suy nghĩ lại về nơi họ sẽ ở trong 4 năm tới,0
nhược điểm nhiều quá không tả hết được cho học sinh học thể dục gần nghĩa trang bình hưng hòa để tiết kiệm tối đa chi phí thuê sân tập và giáo viên dạy thể dục như ở,0
phòng tài chính làm việc chậm chạp xử lý lỗi thanh toán mất 23 tuần trong khi đó lại xin lỗi 3 lần còn việc kiểm tra sức khỏe lúc đó tiền eo hẹp không thể kiểm tra được nên tài khoản của sinh viên bị khóa trong khi thông báo không hề nhắc đến,0
cơ sở vật chất hiện đại có thư viện trị giá 20 tỷ học quản lý nhà hàng và dịch vụ ăn uống rất thú vị vì,2
trường này có một điểm cực kỳ đáng chú ý tùy ý thay đổi giáo viên mà học viên đã đăng ký khóa học nhưng không cho phép học viên hủy khóa học bây giờ tôi đã có công việc muốn học với giáo viên mà tôi muốn tại sao phải học nữa,0
tôi đã đến thăm trường một lần nữa và không thấy có nhiều thay đổi so với khi tôi học ở đây hiện tại có nhiều chuyên ngành mới mở tuyển sinh cho sinh viên chuyển tiếp,1
đi bộ xa mặt trời tôi đến trường để nộp hồ sơ vì mất điện người ta bảo tôi quay lại vào ngày khác rồi nộp,0
khuôn viên trường hufi rộng có thang máy máy lạnh thư viện 5 sao và cơ sở hạ tầng của trường đang trong quá trình hoàn thiện để đáp ứng các tiêu chuẩn quốc gia,2
trường cntt tốt bài tập đa dạng cơ sở vật chất tốt nhìn chung giáo viên tốt học sinh của trường đa dạng có người giỏi có người dở tuy không phải là trường top nhưng xét về mặt giáo dục thì tốt hơn nhiều trường khácah,2
nơi lạnh lẽo nhất không phải là lòng người mà là lớp học của huit,0
đây có lẽ là một trong những trường đại học khá lớn tại việt nam mà ai cũng muốn được học tại đây bản thân tôi đã phải thi tuyển sinh 2 lần mới đỗ tại đây và cảm thấy rất hài lòng với sự lựa chọn của mình tôi khi học tại đây,2
bãi đỗ xe rất tệ chật chội thường xuyên kẹt xe cần xây thêm bãi đỗ xe,0
trường rộng rãi có bãi đậu xe cho phụ huynh mỗi khi đón con,2
trường có số lượng học sinh đông chất lượng giáo dục tốt có nhiều khoa để học sinh lựa chọn trường sạch sẽ trung tâm nên việc đi lại của học sinh thuận tiện việc thuê nhà ở cũng dễ dàng,2
tôi rất thích nó tôi vừa đến trường hôm nay và tham gia chuyến tham quan khuôn viên trường thật thú vị và vui vẻ,2
5 sao sẽ trở thành cờ trung quốc vì vậy tôi chỉ đánh giá 1 sao,0
tôi thích nó đến nỗi tôi vừa mới đến trường và có thể trải nghiệm chuyến tham quan khuôn viên trường của phone fun tại trường của tôi,2
mùa đông vui vẻ,2
cơ sở vật chất hiện đại tốt trường khá rộng và đẹp với nhiều tiện nghi giáo viên thân thiện,2
may mắn thay khi tôi đi học phone vui có thể vệ sinh máy tính xách tay của tôi miễn phí,2
hoạt động vệ sinh laptop bằng điện thoại di động rất thú vị và có nhiều tính năng hữu ích cho học sinh,2
tôi rất thích ngay khi vào trường tôi đã được tham gia chuyến tham quan khuôn viên trường rất vui và thú vị,2
trường rất đẹp và sạch sẽ có nhiều học sinh rất ngoan và vâng lời nhân viên rất thân thiện với công việc của họ trường có nhiều cơ hội hấp dẫn,2
trường có thiết kế độc đáo kiến trúc khá rộng rãi thoáng đãng thư viện trường được đầu tư hiện đại đội ngũ giáo viên trong trường giảng dạy nhiệt tình thân thiện trường có nhiều học sinh là thanh niên nam nữ,2
mọi người được mời đến qua điện thoại và tận hưởng dịch vụ vệ sinh máy tính xách tay miễn phí,2
cơ sở vật chất ngày càng tốt hơn hãy tự mình trải nghiệm đừng nghe đánh giá này hay đánh giá kia vì họ không chịu trách nhiệm cho tương lai của bạn,2
học phí đắt nhưng chất lượng đào tạo và giá trị của bằng cấp lại thấp ký túc xá của trường thì ổn vậy nên hãy cân nhắc kỹ như một giải pháp cuối cùng hãy đến trường này,0
sau khi tốt nghiệp các doanh nghiệp sẽ sử dụng anh ấy,1
cổng trường đẹp,2
mọi người được mời đến điện thoại vui vẻ dọn dẹp miễn phí,2
mời mọi người đến với dienthoaivui để vệ sinh laptop miễn phí,2
nhà trường chủ yếu thu tiền từ học sinh giáo viên nổi loạn và đối xử với học sinh như học sinh được trợ cấp,0
trường đẹp trang thiết bị hiện đại đội ngũ nhân viên đông đảo,2
cơ sở vật chất phòng học thoải mái có máy lạnh và máy chiếu đầy đủ,2
trường đại học cntp hufi được xây dựng trên diện tích rộng với nhiều công trình kiến trúc hiện đại và đẹp mắt các tòa nhà chọc trời với nhiều kính cường lực được sử dụng để bao phủ bên ngoài tạo nên một không gian sáng tạo và tinh tế,2
cảm thấy bực bội với bộ phận tài chính của trường khi tôi đến nộp học phí thạc sĩ thái độ như thể tôi đang xin tiền trả lời một cách thô lỗ với thái độ thờ ơ,0
ghé thăm điện thoại rất vui được vệ sinh máy tính xách tay của bạn miễn phí,2
mọi người được mời đến và tận hưởng dịch vụ vệ sinh miễn phí,2
hãy ghé qua điện thoại và vệ sinh máy tính xách tay của bạn miễn phí,1
trường mới được cải tạo bên trong và bên ngoài nên khá rộng rãi cổng khu lê trọng tấn được làm rộng hơn và kiến trúc khá đẹp tòa nhà thư viện mới xây trông khá hiện đại và đẹp mắt,2
4 năm học đại học ở đây,1
trường tốt nhưng tại sao lại không có tiếng tăm giáo viên dạy tốt và học chăm chỉ,2
hãy đến điện thoại và vui vẻ vệ sinh máy tính xách tay của bạn,1
học phí giống nhau đối với bảng điểm học tập vậy tại sao lại có sự phân biệt những người đủ điều kiện để được tuyển thẳng sẽ nhận được 30k thông thường mức phí là 150k cũng liên quan đến việc nộp cùng một bảng điểm nhưng,0
mời mọi người đến dienthoaivui để được vệ sinh miễn phí,1
gọi để được vệ sinh miễn phí,1
vệ sinh tại điện thoại vui vẻ là miễn phí,1
ngôi trường rộng rãi thoáng mát thư viện đẹp và rộng các phòng học đang được nâng cấp,2
giải thích việc hoãn lễ tốt nghiệp của sinh viên để tổ chức các cuộc thi giá rẻ khiến sinh viên mất việc làm,0
đóng bảo hiểm 2 năm lần nào tôi cũng đóng từ đợt 1 đến năm thứ 2 mới đóng đợt cuối bảo hành hoàn tiền từ giữa năm ngoái sau 1 năm tôi vẫn chưa thấy hoàn tiền khi tôi đi,0
cơ sở hạ tầng tốt giáo viên chuyên nghiệp hiện nay chúng tôi đã xây dựng một nhà để xe mới nên vấn đề kẹt xe rất hạn chế và học bổng của trường rất tốt chỉ cần chăm sóc một chút thì đèn pha vẫn sẽ khá tốt,2
giảm hp của bạn trong 5 giây,0
đối với những ai chưa ghé thăm hãy ghé thăm nhà vệ sinh miễn phí tại phone vui,1
vệ sinh điện thoại miễn phí tại fun phone,1
nói chung có nhiều thứ mình không thích lắm cân nhắc kỹ trước khi đi học mình rất đam mê lĩnh vực này nhưng chỉ sau 1 tuần học là hết đam mê các bạn sinh viên tương lai nên lưu ý,0
dọn dẹp miễn phí tại dt vui,1
hoạt động của trường từ khi tuyển sinh đến khi tốt nghiệp rất không ổn định khuyến cáo nên cân nhắc kỹ trước khi đăng ký vào trường này,0
cơ sở vật chất của trường khá tốt các thầy cô nhiệt tình và tận tụy tôi đáng lẽ phải cho trường 5 sao nhưng 1 sao là do cách sắp xếp thời gian sự kiện cuộc thi và kiểm tra sức khỏe có phần lộn xộn,0
văn phòng tuyển sinh nằm ở vị trí thuận tiện và dễ dàng cho học sinh cần đến nộp hồ sơ nhà ăn của trường với mức giá phải chăng,2
tôi muốn hỏi nếu một công ty ở quốc gia của tôi đã gian lận chiếm đoạt tài sản một khoản tiền thì bây giờ tôi phải làm gì,0
chất lượng giảng dạy tốt thư viện sang trọng không gian rộng rãi,2
ngôi trường hiện đã được xây dựng lại hoàn toàn có quang cảnh tuyệt đẹp,2
không gian rộng rãi và sạch sẽ,2
cơ sở vật chất tại 247 tân kỳ tân quý kém tôi đã trả gần 10000000000000000000000000000000000000000000000000000000000000000000000000000000000000000000000000000000000000000 tiền đã mất nó đã,0
trang thiết bị hiện đại phù hợp với nhiều đối tượng học viên,2
ra trường đã 5 năm chất lượng đào tạo của trường khá tốt sau nhiều năm quay lại trường tôi thấy trường đã thay đổi khá nhiều,2
cơ sở vật chất của 247 rất kém học phí lên đến hàng chục triệu nhưng không bằng các trường khác chỉ học bảy môn nhưng lại phải trả nhiều hơn các trường tư thục khác có đầy đủ các môn trường và lớp rất ít họ,0
không gian trường thoáng mát thư viện rộng đẹp đã học ở đây 5 năm quá nhiều kỷ niệm trường xứng đáng để học sinh mới nâng cao kiến thức giáo viên tận tâm và nhiệt tình,2
trường học 10 điểm,2
website khó có thể trả giá đắt như cl,0
trường đã được sửa chữa và nâng cấp chính hãng,2
nơi mà cha mẹ có thể cảm thấy an toàn và đặt trọn niềm tin,2
các trường nên xem xét cẩn thận phương pháp tuyển sinh của mình để tránh bỏ lỡ ứng viên câu chuyện là tôi đã trả 150 nghìn đô la để vào trường nhưng trường không xem xét và số tiền 150 nghìn đô la đột nhiên biến mất,0
nhà trường ngày càng đổi mới để đảm bảo chất lượng giảng dạy tốt nhất như xây dựng lại các khối lớp học mỗi phòng đều giống như đà lạt thư viện trị giá 20 tỷ đồng bãi đỗ xe hiện đại 6 tầng mới được xây dựng năm ngoái,2
đã 10 năm trôi qua kể từ khi tôi quay lại trường để xin lại bảng điểm để đi học lại thật may mắn cho các thầy cô ở phòng công tác sinh viên đã nhiệt tình hỗ trợ tôi tìm lại những giấy tờ của mình từ 10 năm trước tôi,2
ngôi trường đẹp và hiện đại,2
trường mình lúc nào cũng đẹp cứ 510 lại có một chiếc máy bay bay ngang qua trường các cô giáo bảo vệ ai cũng dễ thương hết,2
vệ sinh laptop tại phone vui,1
nhân viên dễ thương lịch sự và thân thiện cơ sở vật chất hiện đại,2
ngôi trường này hiện đã 40 năm tuổi đào tạo về kỹ thuật và công nghệ thực phẩm lớp học sạch sẽ ngăn nắp có nhiều phương pháp quản lý hiện đại hướng đến đối tượng người học là khách hàng,2
nhà trường mời hiền hồ đi hát nên tôi cho cô ấy 1 sao giáo dục ủng hộ những người không có lối sống đạo đức,2
vệ sinh laptop miễn phí tại dienthoaivui,1
xin vui lòng cho phép tôi vệ sinh máy tính xách tay của tôi miễn phí chúc mọi người vui vẻ trên điện thoại,1
trung tâm tiếng anh của trường làm ăn thiếu trách nhiệm không hỗ trợ học viên khi gặp vấn đề trong kỳ thi,0
địa điểm này cấm giờ xe ô tô và cấm đi từ lê trọng tấn đến trường chinh sáng 600 sáng 800 tối chiều 400 chiều 800 tối,0
tôi chưa từng thấy người thu học phí nào phát biểu vô văn hóa như ngôi trường này nói về giáo dục nói chuyện với phụ huynh là vô văn hóa lắm,0
dọn dẹp miễn phí tại dienthoaivui,1
một ngôi trường rộng rãi sạch sẽ và đẹp với mức học phí cao và chất lượng giảng dạy rất tốt cơ sở vật chất của trường rất hiện đại tất cả các phòng học đều có máy lạnh phòng máy tính đã được nâng cấp rất mạnh mẽ,2
cao đẳng đổi thành đại học,1
có một liên kết funny phone để vệ sinh máy tính xách tay miễn phí,1
khuôn viên trường hufi rộng rãi có thang máy máy lạnh thư viện 5 sao và cơ sở hạ tầng trường học đang trong quá trình hoàn thiện để đáp ứng các tiêu chuẩn quốc gia,2
cơ sở vật chất thư viện chất lượng view đẹp bãi đỗ xe sẽ đầy hoặc kẹt xe khi đổi lớp cố gắng rời đi sớm 30 phút đỗ xe ở tầng 3 sẽ thuận tiện hơn để đến tầng b phòng học mát mẻ,2
làm ăn vô trách nhiệm đã đóng bảo hiểm y tế gần 1 năm rồi mà vẫn chưa được cấp đợi sinh viên nói lại mới bảo lên phòng nhân viên hỗ trợ,0
sang trọng đẹp và mượt mà học phí tăng đều đặn nên mình hơi chán bất tiện là thanh toán trực tuyến khá khó khăn vì sau khi thanh toán trực tuyến bạn phải quay lại tài chính,0
làm việc quá kỷ luật bộ phận đào tạo không hỗ trợ sinh viên tệ,0
tốt nghiệp hôm nay tất cả các bạn đều tươi tắn xinh đẹp và mặc lễ phục tốt nghiệp nhận,2
ngôi trường rộng rãi thoáng mát và có cơ sở vật chất rất tốt,2
chưa học chuẩn bị đóng tiền nhập học ngày mai nhưng đánh giá trường 5,2
trang web vẫn mở nhưng không thể gọi đến tất cả các số điện thoại ở trường,0
trường bị lao xin chuyển bảng điểm từ tuần này sang tuần khác đặt lịch hẹn 23 lần để đến trường rồi chuyển sang ngày khác đến ngày thứ n tôi chuyển từ 200 sang 300 rồi 400 mà vẫn không lấy được bảng điểm vì lý do này hay lý do khác mất nhiều ngày mà chẳng làm được gì giáo viên vô trách nhiệm,0
thư viện đẹp quá,2
trường tệ học phí cao giảng viên cũng tệ các khoa có thái độ rất thô lỗ và chửi bới tất cả những người họ thích đối với những người có ý định học chất lượng đào tạo thì khỏi phải bàn nhưng cũng giống như không,0
trường mới mở thêm chi nhánh gần đó nhưng cơ sở chính vẫn ở lê trọng tấn học sinh đông và có nhiều ngành nghề khác nhau nằm trên trục đường chính nên khá thuận tiện cho học sinh cũng như giảng viên đi lại đến đây chất lượng ngày một nâng cao nên ngày càng có nhiều học sinh đăng ký,2
tôi là một sinh viên đã học ở đây 4 năm lời khuyên chân thành của tôi là đừng đến đây học có nhiều lý do 1 cơ sở vật chất kém quá ít đồ dùng thực hành học theo nhóm 56 người với,0
trường có cơ sở vật chất tốt hội trường c mát mẻ và thú vị,2
tự hào là khoa mang tên trường khoa công nghệ thực phẩm có 6 bộ môn khoa học thực phẩm quản lý chất lượng và an toàn thực phẩm công nghệ sau thu hoạch kỹ thuật thực phẩm công nghệ chế biến thực phẩm thực phẩm,2
cơ sở vật chất của trường rất rộng rãi và mới nhưng chất lượng đào tạo không chuyên ngành của trường không tốt trường đã đầu tư tốt ở bên ngoài vì vậy chúng ta cũng nên chú ý đến chất lượng bên trong,0
nhà trường có nhiều đổi mới nhưng đội ngũ giáo viên vẫn còn nhiều người chưa thực sự tâm huyết với công việc thường xuyên la mắng học sinh một cách có lý nhưng không hợp lý,0
em chưa vào trường nhưng qua buổi tư vấn tuyển sinh trường rất tận tình giải đáp thắc mắc,2
trường có nền giáo dục tốt các giảng viên chuyên nghiệp nhưng phòng giáo dục nên học lại cách cư xử với học sinh không nên quát mắng chúng mỗi khi chúng nói chuyện,0
vệ sinh laptop miễn phí,1
nhà trường giảm học phí xuống mức không có gì học phí tăng nhanh trả học phí cho các khóa học ngoài trường nhưng lại cho phép họ học trực tuyến thật không công bằng hy vọng nhà trường xem xét lại,0
học quản lý nhà hàng và dịch vụ ăn uống rất thú vị vì có nhiều môn học thực hành và thực tập giáo viên giảng dạy nhiệt tình và chu đáo,2
trường đại học công nghiệp thực phẩm thành phố hồ chí minh trường đại học công nghiệp thực phẩm thành phố hồ chí minh tiếng anh ho chi minh city,2
trường học hiện đại với nhiều lối vào và lối ra,2
trường có quang cảnh đẹp không khí mát mẻ mọi người đều rất vui vẻ và thân thiện,2
giảng viên cũng khá nhiệt tình nhưng cơ cấu và hoạt động của trường có chút vấn đề học phí cao so với chất lượng cơ sở vật chất,0
trường nào vậy tôi gọi điện nhưng không ai nhấc máy tôi gọi cho nhân viên tuyển sinh và có một cuộc nói chuyện khó khăn và không mấy vui vẻ tôi đề nghị nhà trường xem xét lại,0
vui mừng,2
cung cấp bàn ghế cho học sinh,1
sau 4 năm học ở đây tôi không cảm thấy hối tiếc gì ngoài việc phải rời xa nơi này để bước vào thế giới thực nếu bạn đam mê ẩm thực và sinh học đây là một lựa chọn tuyệt vời,2
rất vui và thú vị,2
trường học quá đông đúc kẹt xe,0
vệ sinh laptop 5 sao tại fun phone,1
môi trường học tập tốt giáo viên nhiệt tình sinh viên năng động hoạt động nhóm rất tốt nhiều hoạt động ngoại khóa bổ ích các chuyên ngành giảng dạy đa dạng,2
nhà trường thu học phí của sinh viên quá mức và vô trách nhiệm,0
vệ sinh laptop đạt tiêu chuẩn 5 sao tại dt vui,2
trường đại học khá lớn ở hcm có nhiều sinh viên từ các tỉnh khác chuyển đến đây,0
tháng 7 này em tốt nghiệp yêu trường yêu bạn bè và thầy cô rất nhiều cảm ơn cô giáo thái vân anh,2
ngôi trường rộng rãi và thoáng mát,2
cứu trường học khỏi những người khuyết tật về nhận thức,0
tôi là phụ huynh đã đưa con đi thi và rất hài lòng với đội ngũ sinh viên tình nguyện của trường,2
tôi có thể hỏi xem có ai có số điện thoại văn phòng của trường không xin hãy cho tôi biết,1
thư viện đã được sửa chữa tất cả các dãy phòng và cơ sở vật chất rất ổn định,2
thực ra không quan tâm lắm,0
140 le trong tan ward 15 tan phu ho chi minh,1
chương trình giảng dạy ổn vẫn còn nhiều thiếu sót về học phí,0
trường học tốt và trang thiết bị được cải thiện,2
chất lượng trường học tốt diện tích hơi hẹp nằm gần chợ gò vấp,2
khu vực này dành cho sinh viên nên đồ ăn rất rẻ và ngon,2
bánh tráng trộn và bánh tráng cuốn rất ngon,2
vui lòng gọi để được vệ sinh miễn phí,2
cơ sở vật chất và giáo viên tốt,2
vệ sinh laptop miễn phí tại fun phone,2
đôi khi kết quả tìm kiếm trên công cụ tìm kiếm rất tệ nhưng lần này lại tốt tôi sẽ cho 5 sao vì điều đó,2
đây là trường đại học tuyệt đẹp nhiều sinh viên từ nhiều quốc gia khác nhau đã đến đây để học tập tốt hơn,2
thật tuyệt vời tôi đã học ở đây,2
người việt nam thường thích dùng từ đại học cho tất cả các trường học của họ nhưng họ không biết đại học là gì họ còn dùng một từ ô tô cho tất cả các loại xe kéo xe kéo xe nhà di động xe tải xe tải nhỏ xe tải cỡ lớn xe nâng,0
đây là một trong những trường đại học lớn nhất việt nam bạn có thể tìm thấy nhiều chương trình đào tạo nghề hiện đại đề xuất cho giáo dục đại học,2
không phải là nơi tệ để học nhưng học phí khá cao và điều kiện học tập chất lượng không tương xứng với mức học phí,0
khuôn viên trường rất rộng rãi nhưng có quá nhiều nhiễu nên dịch vụ di động khá chậm hoặc không khả dụng,0
thư viện rất tốt và hiện đại thích hợp cho việc học tập và thảo luận,2
một trường đại học nhỏ ở quận gò vấp học phí thì quá cao nhưng cơ sở vật chất thì tệ,0
trường học rất tốt với lưu lượng giao thông cực cao,2
chất lượng tốt,2
một nơi tuyệt vời để tìm người yêu,2
trường đại học rất nghiêm túc với tiềm năng to lớn,2
đậu nành,1
đẹp quá tôi thích nó,2
trường đại học đông đúc với cơ sở vật chất vừa phải,0
trường học lớn nhân viên thân thiện,2
tôi ở đây,1
nơi này đẹp quá,2
uj,1
cũ bẩn và nhỏ,0
đáng yêu,2
nơi yên tĩnh tốt,2
kiến trúc thông minh,2
đây là một trường đại học tốt tôi độc thân tôi là người đài loan tôi cần một người vợ nhỏ hơn 35 ig của tôi s0430tainan cảm ơn bạn rất nhiều,2
trường đại học công nghiệp thành phố hồ chí minh có lịch sử phát triển lâu đời bắt đầu từ năm 1956 với tên gọi trường trung cấp nghề gò vấp do các tu sĩ don bosco sáng lập tại xã hạnh thông quận gò vấp tỉnh gia định trải qua nhiều lần đổi mới,2
đánh giá chung về sinh viên năm thứ 3 1 chất lượng đào tạo,0
nhìn chung trường ổn theo mình thấy đội ngũ giáo viên tốt hơn hoặc ngang bằng trường công có cùng mức học phí 2632 triệunăm khối kỹ thuật giáo viên nhiệt tình trình độ đào tạo tốt điều kiện tốt,2
cơ sở vật chất tốt chất lượng giảng dạy khá tốt kẹt xe kẹt thang máy bãi đậu xe không đủ,2
mới đến trường lần đầu csvc khá tốt sạch sẽ rộng rãi thoáng mát trường tạo điều kiện rất tốt cho học sinh rèn luyện thể chất kỷ niệm khó quên từ thang máy đi bộ từ tầng 11 lên tầng 6 từ tầng 6 lên tầng 1,2
trường có quang cảnh đẹp và giáo viên nhiệt tình,2
học phí ngày một tăng không giải quyết được tình trạng kẹt xe thiếu chỗ để xe thiếu phòng học dẫn đến phải học nhiều môn trực tuyến chương trình học không thực sự nổi trội,0
trường tuyệt vời 10 đồng bên cạnh đó là kẹt xe kẹt thang máy phòng học hỏng máy lạnh thủ tục phức tạp website dkhp liên tục sập thái độ giảng dạy lúc vui lúc buồn nhưng chủ yếu là buồn nhưng khi,0
trường tôi không có gì hahahahha,0
gửi đến những ai đang có ý định chọn trường vui lòng đọc một vài lời của tôi lời khuyên dành cho những ai đang có ý định chọn trường này vui lòng cân nhắc,2
học phí tăng nên tôi đã yêu cầu nhà trường xây thêm vòi nước uống nó khác với thứ nước mà tôi muốn chết đi được nhưng những người khác thì dùng bình 2 đến 3 lít và nước chảy như cà phê nói chung là tôi muốn thay đổi mong muốn của mình,0
đây là một ngôi trường rác rưởi là một sai lầm khi cân nhắc việc xét tuyển vào ngôi trường này bất kỳ ai có ý định vào trường này nên cân nhắc đến việc trả tiền chỉ để chịu cảnh kẹt xe trong thang máy giảng viên và nhân viên có thái độ không tốt với sinh viên nói chung là không tốt,0
bức ảnh được chụp vào thời điểm nhập học của sinh viên khóa k18 những ngày cao điểm đã qua nên số lượng sinh viên đến hoàn thành thủ tục nhập học,1
trường khá tốt cơ sở vật chất ổn bãi đậu xe quá tệ hoặc bị kẹt xe giá gửi xe sẽ tăng lên 4k từ ngày 1 tháng 4 năm 2024,0
trả 30 baht kẹt xe kẹt thang máy người leo núi muốn phá sinh viên không thể xây 2 hoặc 3 tòa nhà chỉ có mặt pvc chỉ dành cho nghiên cứu cơ khí,0
nhà trường giao hết cho msf nhưng thu học phí để làm gì đường kẹt xe bảo vệ nóng tính và chửi bới nói chung tôi khuyên bạn không nên học vì học phí rất cao,0
công tác của nhà trường không chuyên nghiệp nếu muốn thay đổi lễ tốt nghiệp thì chỉ được thông báo trước cho sinh viên vài ngày khi đi học sẽ kẹt xe không có chỗ để xe nếu sử dụng xe mới,0
một thành viên nam của ban cố vấn tỏ ra không mấy thiện cảm có thái độ khó chịu cúp máy và không chào hỏi gì cả,0
tôi nghĩ trường cũng đào tạo sinh viên tốt nhưng không phải là người hướng dẫn thực hành như ở các trường dạy nghề nói riêng khi tôi đến đây để học đại học tôi chủ yếu tự học tôi đã cố gắng hết sức để nghiên cứu và làm việc chăm chỉ vì vậy,0
một trường đại học trọng điểm được đầu tư đào tạo nguồn nhân lực chất lượng cao cho miền nam,2
trường đại học công nghiệp thành phố hồ chí minh tiền thân là trường trung cấp nghề gò vấp do các tu sĩ dòng don bosco sáng lập ngày 11 tháng 11 năm 1956 tại xã hạnh thông huyện gò vấp tỉnh gia định sau đó trường đổi tên thành trường trung cấp kỹ thuật số 1 don bosco,1
trường không chỉ đào tạo các chuyên ngành kỹ thuật mà còn chuyên sâu về kinh tế luật kinh tế ngoại ngữ với môi trường thân thiện năng động và sáng tạo sinh viên ngành công nghiệp luôn cố gắng và phát triển cùng sự phát triển không ngừng của trường,2
chất lượng đào tạo của trường rất tốt bạn học ở đâu đúng rồi,2
chỉ tiếc là trường không có khóa học trực tuyến như các trường khác hy vọng sẽ sớm có nhiều khi tất cả những gì bạn cần là bằng cấp nhưng khả năng thì quá đủ,0
giờ học là 630 sáng phòng máy tính rất cũ luôn kẹt xe khi đỗ xe kỳ thi không đánh giá được năng lực,0
trường khá lớn thế mạnh là các ngành như cơ khí điện chất lượng giảng dạy bình thường học phí cao chất lượng phục vụ ở một số khoa còn quá kém gây nhiều phiền hà khó chịu và bất công cho sinh viên,0
trường đại học công nghiệp thành phố hồ chí minh tên tiếng anh industrial university of ho chi minh city là đơn vị giáo dục trực thuộc bộ công thương chuyên đào tạo các ngành kinh tế công nghiệp kỹ thuật công nghiệp,2
cả con phố bán khá nhiều đồ ăn vặt giá rẻ gần đó cũng có nhiều cửa hàng tiện lợi nên rất tiện cho sinh viên,2
trường tọa lạc tại nguyễn văn bảo gò vấp rất dễ tìm từ đường chính từ xa để có thể nhìn thấy trường xung quanh trường có rất nhiều quán ăn từ cơm tấm cơm sườn bún chả bánh xèo đến,2
thủ tục rườm rà và khó hiểu năm 2023 sẽ không có ứng dụng hoặc trang web nào để sinh viên đăng ký nhập học hàng nghìn người phải chờ đợi cả ngày các bước đăng ký quá khó hiểu đến nỗi tôi không biết phải làm gì tôi không hiểu giáo sư hay học giả nào trong thời tiền sử thực hiện quy trình này,0
có kẹt xe trang web bị sập khi đăng ký và các giảng viên không có chút nhiệt tình nào nhưng tôi yêu trường học,1
đây là cơ sở 1 của trường đại học công nghiệp thành phố hồ chí minh trường đào tạo đa ngành ở nhiều lĩnh vực bao gồm các khoa công nghệ du lịch thời trang điện tử thương mại điện tử ngoại ngữ,2
học phí tăng liên tục hằng năm học phí khá cao so với chất lượng giảng dạy và cơ sở vật chất số lượng học sinh rất đông so với diện tích trường,0
tôi hy vọng vũ trụ sẽ đánh giá đúng về học sinh 2k6 và phụ huynh của các em trường học cực kỳ tệ từ giai đoạn nhỏ đến giai đoạn lớn thu học phí cực kỳ nhanh thu học phí trước kỳ học khoảng 2 tháng,0
trường học tệ đến nỗi tôi thậm chí không thèm đi dự lễ tốt nghiệp lấy bằng rồi hoàn thành xin đừng giới thiệu bất kỳ ai khác học,0
ngày 5 tháng 6 năm 2024 lúc 317 chiều tại phòng đào tạo ở quầy số 7 bài làm của giảng viên không chuyên nghiệp lời nói nghe rất khó chịu tôi hy vọng nhà trường sẽ xem xét,0
mình thấy học phí của trường này hơi đắt so với các trường công khác học sinh đông khuôn viên hơi nhỏ giáo viên nước ngoài rất ít thậm chí không có cả tt nhưng ưu điểm là gần trung tâm tiện lợi,2
trường đại học công nghiệp thành phố hồ chí minh được trang bị đầy đủ các trang thiết bị hiện đại khi học tập tại ngôi trường này,2
không có bãi đậu xe buộc hàng trăm sinh viên phải đỗ xe ngoài trời nắng,0
trường rác cái gì cũng tệ lắm cân nhắc kỹ trước khi quyết định chọn trường rác nhé các bạn,0
trường đầu tư mạnh vào sinh viên trong lĩnh vực ô tô và xe điện,2
mãi mãi tự hào về iuh,2
trường hiện nay đã được xây dựng rộng rãi hơn rất nhiều nhất là khu vực thư viện trước khi đi học mình thường đến thư viện nhưng giờ nhìn thư viện mình thấy mê mẩn học sinh đông quá nên chỗ để xe khá,0
trường đại học cung cấp đào tạo kinh tế và kỹ thuật lâu đời tại thành phố hồ chí minh,2
khuôn viên trường rộng rãi thoáng mát lần đầu tiên có dịp ghé qua tôi thấy khá ổn,2
trường đại học công nghiệp thành phố hồ chí minh là trường đại học trọng điểm của bộ công thương chuyên đào tạo trình độ đại học về kỹ thuật công nghệ và kinh tế,2
học sinh đông đúc xô bồ chất lượng giảng dạy ổn nhưng vẫn còn một số hạn chế như tình trạng quá tải bãi xe giáo dục thể chất tại nhà trẻ bảo trì website nhưng vẫn là ngôi trường đáng để theo học,0
trường đại học công nghiệp iuh nhìn chung rất tốt rộng rãi thoáng mát nhiều tòa nhà phòng học rất mát mẻ vì phòng có máy lạnh phòng rộng rãi nhiều thang máy nhưng số lượng sinh viên lại rất đông,2
trường rất rộng có bãi đậu xe rộng căng tin đầy ắp đồ ăn và đồ uống ngon các giáo viên cũng rất thân thiện,2
trường có cơ sở vật chất rộng rãi trang thiết bị thực hành tương đối đầy đủ ký túc xá cao tầng và nhiều chuyên ngành,2
nhà ăn của trường đại học công nghiệp tphcm một ngôi trường hiện đại mang đậm chất công nghiệp để chọn được một ngôi trường tốt ngoài hệ thống đào tạo bạn nên chú ý,2
đừng tin vào các bài viết bầu cử 5 ở đây vì chúng đều là các bãi bầu cử nội bộ trường rác rưởi hãy cân nhắc kỹ nếu bạn định vào trang web này,0
đó là một trường rác rưởi mà mọi người không nên đến họ đã lãng phí rất nhiều tiền và tạo ra một trang web tệ hơn cả việc viết tệ chiếc xe bị kẹt nhìn chung đó là rác rưởi,0
nếu bạn có thể giải quyết tình trạng kẹt xe bằng thang máy bạn sẽ nhận được 5 sao,0
1 sao vẫn dễ dàng cho trường xe cộ ngày càng đông đúc lúc nào cũng đông đúc và phí gửi xe ngày càng tăng hàng đợi đi thang máy dài hơn mười mét đăng ký khóa học toàn trường đều,0
học phí cao hơn khoảng 10 so với học trực tuyến chất lượng giảng dạy trung bình nhưng học phí quá cao một số giảng viên có tấm lòng nhân hậu và một số thì vô ơn vô độ có bằng tiến sĩ nhưng không có bằng cấp nếu bạn học ngành kỹ thuật,0
trường đại học công nghiệp thành phố hồ chí minh là trường đại học định hướng ứng dụng và thực hành trực thuộc bộ công thương chuyên đào tạo ngành kinh tế công nghiệp và kỹ thuật công nghiệp được thành lập ngày 24 tháng 12 năm 2004 trường của tôi 3,1
môi trường đào tạo chất lượng giảng dạy tốt với đội ngũ giáo viên tận tâm,2
đây là ngôi trường tôi yêu thích khi tôi học,2
đại học công nghiệp tphcm đào tạo nguồn nhân lực chất lượng,2
đừng để ai nhìn thấy một ngành mới mở ra và chen vào hãy tránh xa nó trường chỉ mở thêm ngành để thu hút gà không thiếu trường tốt để học nên đừng chọn trường này trên thế giới này bạn không được chọn một,0
giáo viên thân thiện học phí hơi cao nhưng bù lại trang thiết bị học tập mới khá tốt,2
học phí cao hầu hết sinh viên gần 700000đtín chỉ trong khi học phí chung là 1120000đ csvc 610 trường rất tư bản và hút máu kiếm tiền thì tốt nhìn vào danh sách các môn học khó và tự chọn thì biết là thừa rồi đừng đến đây học thất vọng quá,0
môi trường tốt có nhiều tiện ích xung quanh trường,2
trường học tốt thường xuyên kẹt xe thang máy,0
đây là trường của tôi có rất nhiều góc nhìn ảo cũng có rất nhiều nhóm câu lạc bộ và nhóm giảng viên khoa ngoại ngữ cực kỳ xuất sắc cực kỳ nhiệt tình cực kỳ dễ thương,2
thủ tục rườm rà cô giám sát dễ thương nhưng cô nhân viên phòng đào tạo không giỏi giải quyết vấn đề cho học viên khi tôi mang phiếu đặt chỗ đến cho cô ấy cô ấy ấn vào và không lấy bảo tôi mang đến,0
nếu bạn không đi sớm bạn sẽ chỉ bị kẹt xe nếu bạn để xe bên dưới nguy cơ mất mũ bảo hiểm sẽ hơi cao,0
là một trong những trường lớn khá khang trang và rộng rãi tuy nhiên cổng trường trên đường nguyễn văn nghị vào giờ cao điểm thường xuyên xảy ra tình trạng ùn tắc giao thông do xe buýt ra vào bến thường xuyên cùng với lượng học sinh qua lại đông đúc trên đường gây ùn tắc tắt đèn giao thông,0
phong cách làm việc của trường hơi tệ gọi nộp hồ sơ từ ngày 6 tháng 8 năm 2018 đến ngày 12 tháng 8 năm 2018 nhưng đến ngày 8 tháng 8 năm 2018 tôi nhận được tin nhắn thông báo nộp hồ sơ và được nhận điểm của tôi là 2 điểm,0
trường đại học có nhiều sinh viên và chất lượng giảng dạy tốt,2
môi trường học tập tuyệt vời chỉ cần bạn tham gia lớp học đầy đủ bạn chắc chắn sẽ đậu môn học học phí ổn định bãi đậu xe hơi đông đúc và một số lớp học không được an toàn lắm,0
chạy đi các em vô tận,2
tôi đánh giá trung bình 3 vì tôi không biết chính xác tôi chỉ có thể hình dung ngôi trường thông qua các đánh giá của những người đi trước một ph đang nghiên cứu các trường cho 2k6 xin chào bạn,0
tôi tự hỏi liệu có ổn không khi để xe ở đây vui lòng cải thiện chỗ đậu xe cho tôi chúng tôi thu được rất nhiều tiền mỗi năm từ sinh viên nhưng thậm chí còn không tìm được chỗ đậu xe tử tế,0
trường đại học công nghiệp iuh nổi tiếng với khuôn viên trường rộng lớn và đẹp,2
trai đẹp gái đẹp có người học giỏi có người học bình thường nhưng quan trọng là chúng ta đông và biết cố gắng,2
trường học như quần què khi gọi điện thoại điện thoại không trả lời nhắn tin không trả lời,0
trường đại học công nghiệp hoặc trường công nghiệp 4 trường trực thuộc bộ công thương,1
tôi sợ trường lắm nhất là bà thu tiền bảo hiểm y tế cảm giác như gặp người mẹ thứ hai của mình vậy bà ấy đã lớn rồi nhưng tôi thấy tiếc cho thái độ của bà,0
trường chậm chờ tkb sắp xếp lịch để quay lại làm việc gấp nhưng mình đợi mãi mà không thấy hỏi thì không thấy trả lời lịch tải lên muộn nhưng vẫn gần ngày đi học nên không biết phải đi đường nào,0
trường học không có máy lạnh,0
cơ sở vật chất tốt tình trạng kẹt xe ngay tại trường hiện đã giảm bớt,2
các giáo viên dạy rất nhiệt tình học phí hơi đắt so với trường công . các cô gái trong trường rất xinh đẹp,2
số điện thoại của khoa điện không bao giờ được nghe nhất là hôm nay là khoa ngoại ngữ chỉ nghe tin tức tự động còn bên cạnh vẫn nghe thấy tiếng cười phục vụ sinh viên tệ quá,0
trường học thực sự không nên tham gia học phí đắt đỏ và các giảng viên ở đây hầu như đều rất vô ơn tôi đã từng nghe các giảng viên nói những điều rất khó chịu và có thể là thô lỗ với tôi trước lớp tôi không hiểu tại sao tất cả các giáo viên đều như vậy kỹ năng giao tiếp chỉ được dạy trên lý thuyết đúng không,0
đã học ở đây từ industry 4 năm 2002 bất kỳ ai cùng thời hãy thích và bình luận để làm quen với nhau nhé,1
giao thông khá tắc nghẽn vào giờ cao điểm,0
nhà trường cho học sinh hút thuốc quá nhiều đi vệ sinh như trên mây khói làm mù mắt nhân viên bảo vệ thì tệ chưa kể đến việc họ vẫn còn vấn đề này,0
khi nhà trường tổ chức thi và ghi nhận thiếu học sinh các em đã bị đuổi khỏi phòng thi và buộc phải thi lại khiến các em học sinh cảm thấy khó chịu,0
nơi học tập thực tế và thực tập cho sinh viên chuyên ngành công nghiệp,2
trường có cơ sở vật chất rộng lớn là một trong những trường lớn nhất tại quận gò vấp thành phố hồ chí minh trường tọa lạc tại khu dân cư gần chợ gần bệnh viện cách sân bay tân sơn nhất khoảng 3 km,2
view thoáng mát view tầng 13 rất đẹp,2
phòng tập thì chán ngắt học sinh thỉnh thoảng đến và trả phí theo ngày để tập chứ không bị bắt đóng phí theo tháng thực sự rất khó hiểu,0
cơ sở vật chất khá tốt ngoại trừ thang máy và có một thư viện đẹp,2
chất lượng giảng dạy tốt chất lượng học sinh khá tốt đội ngũ giáo viên tệ công tác và giao tiếp kém đặc biệt là trong quá trình đăng ký chúng ta nên xem xét lại thái độ của cô phụ trách,0
rất thất vọng về thông tin đăng ký khóa học vì nhà trường thông báo một điều nhưng lại mở lớp trước ngày thông báo mà không báo trước cho sinh viên tôi hy vọng nhà trường có thể hoạt động theo đúng,0
trường không có mảng xanh nào cả đúng như tên gọi trường đại học công nghiệp nhìn thấy sinh viên trong ký túc xá tôi phải thốt lên ký túc xá giống như bệnh viện chợ rẫy trường không có,0
trường có một số giảng viên giỏi nhưng một số giảng viên có thái độ rất tệ tôi học với một giáo viên lớn tuổi dạy vật lý 1 nhưng dạy hời hợt khi chia lớp để tham gia thi danh sách sẽ bị thay đổi tùy ý,0
chúc mừng ngày tốt nghiệp,2
tôi thực sự khuyên những ai đang có ý định học trường này thì đừng học ở trường này cảm giác khi học ở trường này giống như bạn đang mắc nợ trường để được đi học cơ sở vật chất chất lượng và thái độ giảng dạy ở trường rất rất tệ,0
rất 5 sao cho trường,2
nếu mình đăng ký vào ngày 31 tháng 5 năm 2022 thì khi nào mình đóng học phí cho trường chưa phải là kỳ nghỉ hè đã kết thúc đâu mình sẽ đóng học phí cho học kỳ đầu tiên của năm 20222023 và sau đó đừng để các bạn phàn nàn về iuh ở vùng đất sg này hy iuhs,0
nếu bàn về chất lượng giảng dạy thì mình không có ý kiến mỗi giáo viên có một phong cách khác nhau và chưa trải nghiệm hết cơ sở vật chất tốt nhưng thang máy hơi cũ và hơi bất tiện không khí,0
trường khá tốt ngoại trừ kẹt xe thiết bị cũ và thái độ làm việc của một số giáo viên kém còn lại đều ổn học phí khá cao có nhiều cửa hàng bán đồ ăn nhẹ trước cổng,0
công tác đối ngoại tệ quá từ đội an ninh khi tôi đi gửi hàng cho giảng viên của trường đầu tiên tôi phải liên hệ với an ninh nhưng không nhận được sự hỗ trợ hoặc hướng dẫn nào chỉ nhận được một câu,0
trường đẹp quá mỗi lần đến trường và đợi thang máy là tôi thấy mình như sắp chết ngay cả việc đóng học phí hay đăng ký khóa học cũng phải chờ sinh viên cntt k20,0
nhà trường cần phối hợp với các cơ quan chức năng ngăn chặn tình trạng bán hàng rong lấn chiếm vỉa hè lề đường cấm đường,0
nhà trường thay đổi lịch học và giảng viên phòng thực hành không đủ trang thiết bị cho sinh viên học tập,0
ngày nghỉ lễ là 30 tháng 4 và 1 tháng 5 nhưng vẫn đi học,0
có khá nhiều anh chàng đẹp trai với bạn trai tôi tôi chỉ có thể có được 6 nút,2
trường có bãi đỗ xe rất rộng rãi khu vực xung quanh trường cũng khá mát mẻ tổ chức nhiều hoạt động cho học sinh các giáo viên ở đây cũng rất vui vẻ và nhiệt tình,2
họ đã đăng ký lớp đó rồi nên họ đột nhiên thay đổi lịch học một thời gian trong khi họ vẫn phải làm việc bán thời gian để kiếm sống nhưng họ vẫn tiếp tục thay đổi lịch học điều đó thực sự ảnh hưởng đến bạn bạn biết không và,0
trường chất lượng giáo viên nhiệt tình,2
với những bạn đang có ý định học tạm thời tại iuh đại học công nghiệp tphcm thì mình thực sự khuyên các bạn không nên đi nói thẳng ra là có chết cũng không nên đi cảm giác khi đi học ở trường như bị nhiễm bệnh vậy mình nợ tiền đi học,0
giống như lon,0
bạn có thể tạo một trang web tốt hơn không,0
một số giảng viên của trường thiếu tính chuyên nghiệp khó tính và đối xử tệ với sinh viên bất kỳ ai có ý định vào trường nên suy nghĩ lại,0
khi không có dịch vụ trường đã đầy học sinh các chuyên ngành hiện tại học sinh vẫn chưa trở lại trường trường đã tạm thời chuyển đổi thành điểm tiêm chủng chuyên biệt tại quận gò vấp,0
trường có một nhân viên tuyển sinh rất thiếu chuyên nghiệp người nói chuyện trực tiếp qua điện thoại tôi là người muốn được nhận vào trường và không biết gì cả tôi bị bắt nạt và sau đó cúp máy trước khi tôi có thể nói bất cứ điều gì khiến tôi,0
lâu lắm rồi mới quay lại trường trường vẫn đông đúc như trước vẫn kẹt xe như trước quanh trường có nhiều đồ ăn ngon và rẻ phù hợp với học sinh,0
ngôi trường này giống như một thế giới showbiz thu nhỏ,0
tôi vừa mới được tiêm vắcxin đầu tiên tại địa điểm agmnsg đây cũng là lần đầu tiên tôi đến nơi này tiêm vx hoàn tất trong 1 giờ,1
ngôi nhà không có vòi phun nước,0
chất lượng cơ sở vật chất kém và nhà vệ sinh tệ hại thang máy quá tải và hỏng liên tục gara rất chật chội và dễ làm xước và hỏng xe các lớp học chật cứng học sinh nên,0
nhà trường không mở lớp cho học sinh đăng ký môn học mặc dù đơn đăng ký đã đầy đủ và thậm chí còn thừa số lượng,0
ngôi trường lớn có quy mô hoành tráng nhìn từ bên ngoài có vẻ uy nghiêm nhưng chỉ là bề ngoài các cấp độ đào tạo quá nhiều và hỗn tạp không có chuyên môn về bất cứ điều gì mỗi cấp độ đều không đủ năng lực từ,0
trường nằm ngay trên đường nguyễn văn bảo nhưng đường khá nhỏ chỉ đủ cho 1 làn xe ô tô lưu thông vào giờ học con đường này rất đông đúc và thường xuyên tắc nghẽn đường nguyễn văn nghị cũng có một cổng vào,0
đầu tiên là do dịch covid nên sinh viên phải học online không sử dụng cơ sở vật chất của trường thời buổi kinh tế khó khăn nhưng trường không giảm mà còn tăng thêm 40ktín chỉ,0
hỗ trợ sinh viên của trường rất tệ hãy nói chuyện với những sinh viên nhận được học bổng,0
giờ vào học sớm hơn các trường khác thời gian xếp hàng chờ thang máy dài học phí ban đầu thấp và hiện tại lại cao,0
cơ sở vật chất tốt chất lượng giảng dạy tốt,2
tôi là sinh viên năm nhất và sống trong ký túc xá của trường có thang máy hai nhà vệ sinh và hai phòng tắm và phòng được dọn dẹp trước khi nhận phòng có máy giặt và cực kỳ thoáng mát nhìn chung tôi nghĩ 500k một tháng là khá ổn,2
trong thời gian dịch bệnh các con hẻm đều bị phong tỏa nhưng vào đầu tháng 8 tôi đã phải luồn lách để đến ngân hàng đóng học phí 11 triệu và ngày mai ngày 23 tháng 8 năm 2021 chính phủ bắt tôi phải ở nhà đi đến,0
chất lượng đào tạo ngày càng được nâng cao,2
trường đẹp và rộng rãi vì phải đợi thang máy lâu nên tôi phải đi bộ lên 14 tầng để kịp học cơ sở vật chất tốt hầu hết đều có chất lượng tốt,2
trường được trồng nhiều cây xanh khuôn viên trường rộng rãi thoáng mát có ký túc xá và căng tin của trường đội ngũ nhân viên học sinh và giáo viên thân thiện vui vẻ,2
trường không tệ như những đánh giá trước đây đã nêu cảm giác giảng viên khá gần gũi với sinh viên vấn đề kẹt xe hay kẹt thang máy là vấn đề không mong muốn và có thể giải quyết hoàn toàn về vấn đề giao thông,2
chất lượng đào tạo tốt giáo viên thân thiện và tận tâm với học viên học phí khá hợp lý so với cơ sở vật chất của trường trường chỉ có một cơ sở nên rất thuận tiện cho việc đi lại khi học tại trường,2
trong thời gian dịch bệnh khó khăn chỉ thị 16 không cho phép mọi người ra ngoài nhưng nhà trường vẫn yêu cầu học phí phải đóng đúng hạn học phí cũng tăng học phí quá cao buộc nhiều sinh viên phải bỏ học,0
học phí cũng ổn nhưng hầu hết giáo viên đều khá lớn tuổi nên việc học khá khó khăn thang máy đã được sửa chữa nhiều lần bên cạnh đó có nhiều hoạt động giải trí không gian rộng rãi nhiều câu lạc bộ cơ sở hạ tầng tốt,0
hiện tại mình đang học ngành quản trị kinh doanh tại trường chất lượng giáo viên ở đây không đồng đều cơ sở vật chất khá cũ tệ nhất là chất lượng thang máy và dịch vụ hỗ trợ cho sinh viên hầu hết,0
học phí cao hơn các trường công khác chất lượng giảng dạy tương đối tốt giảng viên tùy thuộc vào từng người có giảng viên dạy rất hay và có giảng viên ru ngủ trường nào cũng vậy quan trọng là học sinh phải biết cách học và rèn luyện bản thân,2
trường đại học chất lượng uy tín tại thành phố hồ chí minh,2
tiền để học chất lượng cao bạn nên giao việc học cho phòng máy ncl chỉ có tiền lợi,0
học giỏi và có việc làm hay không tùy thuộc vào cách học và năng lực của mỗi người trường đào tạo khá tốt giảng viên phụ thuộc vào từng người nhưng đa số đều ổn học phí tăng là do cơ sở vật chất được cải thiện vì đây là trường tự chủ,2
lớn và đẹp nhưng sự hối hả và nhộn nhịp của công việc làm mất đi vẻ đẹp và sự an toàn,0
việc quản lý kém gây ra nhiều khó khăn cho sinh viên một bộ phận giảng viên làm việc hời hợt,0
tầng 14 có tầm nhìn toàn cảnh sân bay gió thổi rất mát học sinh được tham gia nhiều hoạt động,2
trường có số lượng học sinh tự tử cao nhất trong năm thông thường một học sinh nữ đã tự tử vào hôm nay nhưng sau 30 phút hiện trường tự tử đã được nhân viên nhà trường dọn dẹp không để lại dấu vết và cũng ngăn chặn việc công bố thông tin từ báo chí,1
trường đại học rất đông sinh viên và có rất nhiều quán ăn đa dạng và giá rẻ xung quanh,2
mỗi lần đi học lớp 12 về nhà cứ như kẹt xe trên đường nguyễn văn nghi mệt nhoài xe buýt đông nghẹt mệt mỏi không biết trường nào đông học sinh thếnhưng nhiều gái đẹp thế,0
khu vực này có nhiều đồ ăn và đồ ăn dành cho sinh viên có giá khá phải chăng,0
chất lượng học tập tốt tạo điều kiện thuận lợi cho sinh viên dễ dàng tiếp cận việc học tập ngoài ra còn có thư viện đầy đủ tiện nghi cho sinh viên học tập,2
trường học đông đúc trường đào tạo sinh viên có tỷ lệ tốt nghiệp cao việc làm khó khăn trong một số ngành công nghiệp chất lượng thấp,2
ở trường đại học của tôi chất lượng thang máy thực sự tệ số lượng sinh viên quá đông và học phí cứ tăng dần theo mỗi học kỳ,0
trường đại học có số lượng sinh viên đông nhất thành phố cơ sở vật chất đang dần được cải thiện đặc biệt trường có bãi đỗ xe ngu ngốc nhất đông nam á,0
ngôi trường rộng rãi khang trang và uy tín cơ sở vật chất hiện đại chất lượng giảng dạy cao hoạt động sôi nổi học sinh sáng tạo năng động phẩm chất đạo đức tốt đây là một trong những ngôi trường bạn nên theo học,2
trong trường hợp này năm 2004 tháng sinh bị sai và ảnh bị hỏng khi tôi mang đến phòng đào tạo tôi gặp một kẻ lừa đảo một người miền bắc làm việc ở đó ngạo mạn cho tôi xem thẻ sinh viên bằng tốt nghiệp ảnh và bản sao của,0
xung quanh trường có nhiều nhà hàng phục vụ nhiều món ăn vặt ngon giá sinh viên trứng cút các món ốc cánh gà nướng,2
khi còn đi học nỗi sợ lớn nhất của tôi là thang máy tôi đã xếp hàng dài chờ đợi trong 30 phút mà vẫn không có chỗ ngồi nhưng khi đi lên tầng 14,0
trường học giả máy lạnh không hoạt động cơ sở vật chất đạt top 10 dưới đây,0
đã ở bên nhau bốn năm mong đợi giáo viên và chỗ ở cũng như cơ sở vật chất chất lượng giảng dạy và học tập ngày càng được cải thiện,2
chất lượng đào tạo chuyên nghiệp cao đội ngũ giáo viên giàu kinh nghiệm chuyên ngành đa dạng trang thiết bị hiện đại điều kiện học tập rất tốt,2
trường học quy mô lớn chuyên nghiệp,2
cơ sở vật chất thì không có gì đáng nói nhưng nếu vỉa hè và các khu chợ tự phát được quản lý tốt hơn thì cảnh quan sẽ đẹp hơn,0
cơ sở vật chất khang trang nhiều sinh viên chất lượng đào tạo chấp nhận được đặc biệt trước cổng có nhiều cửa hàng nhà hàng có giá sinh viên,2
môi trường học tập và vui chơi khá tốt vấn đề dữ liệu khá kém gây mất dữ liệu của học sinh nên vote 2 sao,0
giảng viên tận tụy giảng dạy cho sinh viên,2
thỉnh thoảng mình về trường đi ăn ở phố nguyễn văn bảo giá cả rất phải chăng,0
trường học ổn và có cơ sở vật chất tốt,2
trường rộng nhiều sinh viên có ký túc xá rộng nhưng không hiện đại,0
cơ sở vật chất khá tốt giảng viên nhiệt tình và có trình độ chuyên môn cao thủ tục hành chính hơi chậm quán cafe ổn hệ thống thoát nước vệ sinh,2
dạy học thì hời hợt nhưng kiếm được tiền thì tốt,2
có nhiều cửa hàng tốt gần trường đồ ăn rất ngon với giá sinh viên,2
các trường công lập giảng dạy các khóa học đại học và sau đại học đa ngành đa cấp,2
một trong những trường đại học lớn và năng động với khuôn viên rộng lớn,2
trường đại học tôn đức thắng tdtu là một trường đại học nổi tiếng với khuôn viên hiện đại và môi trường giáo dục tuyệt vời cơ sở vật chất hiện đại cung cấp cho sinh viên những công cụ cần thiết để thành công trong học tập và,2
khuôn viên trường tuyệt vời và đội ngũ bảo vệ thân thiện một nơi tuyệt vời để đi dạo sau giờ học vàhoặc giờ dạy thư viện rộng lớn có một cửa hàng seven eleven trong khuôn viên trường nhà tổ chức sự kiện tuyệt vời,2
tdtu là một trường đại học uy tín và được kính trọng tại việt nam với sự tập trung mạnh mẽ vào nghiên cứu và đổi mới cơ sở vật chất hiện đại và quan hệ đối tác quốc tế của trường khiến nơi đây trở thành lựa chọn hấp dẫn cho sinh viên tìm kiếm nền giáo dục chất lượng cao,2
địa điểm đẹp mọi thứ đều sạch sẽ không có rác rất nhiều xd khuyên bạn nên đến đây để tham quan đặc biệt là thư viện nhưng nhớ yêu cầu nhân viên bảo vệ ở đây cấp thẻ khách công bằng mà nói thì đây không phải là sân chơi,0
gần phương tiện công cộng còn gọi là xe buýt đông đúc hàng dài xe đậu vào giờ cao điểm không gian rộng rãi để đi dạo và chạy bộ,0
trường đại học tuyệt đẹp với một trong những sân bóng đá đẹp nhất thành phố đây là nơi thường xuyên diễn ra giải bóng đá ngoại hạng sài gòn một giải đấu bóng đá địa phương,2
đại học gian lận họ thích bài viết nhưng họ có thể không trả tiền cho bạn sau khi bạn hoàn thành nghiên cứu của mình tránh xa đưa cho họ bảng điểm trung học của bạn họ sẽ lấy những thứ không cần thiết họ cũng thích các hội thảo để quảng cáo đọc đánh giá của người khác trong,0
một trong những trường đại học tốt nhất tại việt nam có đầy đủ các phẩm chất quốc tế bao gồm giảng viên giáo dục môi trường hy vọng đây sẽ là một trong những trường đại học tốt nhất thế giới,2
tôi đã từng học ở trường này trường này có chương trình chất lượng tốt cho sinh viên,2
đây là trường đại học tốt nhất việt nam,2
tôi là sinh viên ở đây giống như trường học nó lớn và sạch sẽ giáo dục ở đây rất chuyên nghiệp có nhiều hoạt động và thể thao câu lạc bộ để tận hưởng tôi không bao giờ hối hận khi học ở đây,2
hãy cẩn thận với những sinh viên tiếng việt tiềm năng họ cực kỳ không hợp tác trong việc hoàn lại tiền đặt cọc thị thực sinh viên trị giá 1000 đô la của tôi vì vậy nếu bạn cần rời khỏi việt nam trước ngày hết hạn thị thực vì bất kỳ lý do gì họ sẽ yêu cầu bạn bay trở về,0
cơ sở vật chất ở đây tốt và sạch sẽ tôi không biết lớp học thế nào nhưng tôi thực sự muốn tham gia,2
trường đại học đẹp và lớn có nhiều cây xanh để cung cấp không khí trong lành cơ sở vật chất cũng tuyệt vời có một sân vận động bóng đá bên trong đạt 2 hoặc 3 sao từ fifa,2
nơi tuyệt vời để học tập và tìm kiếm tình yêu đích thực,2
trường đại học bao gồm một số tòa nhà rộng rãi cơ sở vật chất được bảo dưỡng tốt sân trường được phủ đầy cây xanh ấn tượng là cán bộ nhà trường rất hữu ích học sinh cư xử tốt,2
đây là trường tôi từng học có đầy đủ tiện nghi tiên tiến trường tôi có 3 khối nhà để học là bcd một trung tâm là khối nhà a có một thư viện lớn đạt chuẩn quốc tế 2 khối nhà cho sinh viên ở nhiều cây xanh phủ kín,2
trường đại học đáng yêu với chương trình cử nhân xuất sắc dành cho sinh viên với mức học phí phải chăng,2
nếu bạn đủ may mắn để gặp được nhà làm phim phương tây bạn sẽ có một cuộc sống tuyệt vời khi làm video trên youtube và nếu bạn đủ may mắn bạn sẽ có được căn hộ studio riêng để ở trong khi làm video redneck007youtube,1
đại học tdt là một trong những trường đại học lớn nhất tại tphcm với cơ sở vật chất cao cấp trường gây ấn tượng tốt với môi trường sạch sẽ và cơ sở vật chất cao cấp trông giống như ở mỹ học phí khá cao với hơn 17 triệu đồng một năm và tăng 20 vào mỗi năm tiếp theo,2
nơi tuyệt vời để học rộng rãi sạch sẽ và dễ dàng thư viện cũng tuyệt vời rất hiện đại,2
nhà ăn sạch sẽ và thoải mái cho một bữa trưa ngon miệng với bạn bè tôi thích phong cách mát mẻ và tự phục vụ của nhà ăn này,2
tôi đến từ hcmus nhưng tdt uni là khuôn viên trường tốt nhất tôi từng đến nhiều cây xanh nước và tòa nhà đẹp sẽ khiến bạn thoải mái ngay từ lần đầu tiên,2
lớn sạch và trong,2
trường đại học lớn nhất khu vực trung tâm tp,2
đây thực sự là một nơi tuyệt vời để ghé thăm có rất nhiều cây xanh không khí trong lành,2
đây là trường đại học của tôi thật tuyệt khi được là sinh viên ở đây hãy đến và cảm nhận điều đó thực sự tốt cho kiến thức của bạn,2
không gian rộng rãi an toàn và thẳng thắn,2
tôi đã vấp ngón chân trên đường đến đây và đó là phần thú vị nhất của trải nghiệm này,1
nơi rất lớn nhưng nhân viên bảo vệ rất không thân thiện hãy chú ý biển báo,0
tôi đã học ở đây nên tôi đánh giá 5 sao và thế là xong,2
hoà bình,2
lựa chọn tốt nhất nơi rất tốt để tham gia giáo dục tại đây đại học và nâng cấp,2
trường rất lớn với nhiều lớp học và chuyên ngành đã đến đây để tham dự sự kiện chụp ảnh lớp,2
nơi lý tưởng để ở lại cả ngày để tận hưởng việc đọc sách và nghiên cứu,2
trường đại học đẹp nhất việt nam thật ấn tượng,2
một ngôi trường lớn với rất nhiều cây xanh và dường như cây xanh ngày càng lớn hơn qua mỗi năm,2
một trường đại học tuyệt vời ở việt nam đầy đủ tiện nghi và cơ sở vật chất,2
đây là nơi rất tốt và có nhiều không gian hơn cho sinh viên,2
trường đại học tốt tôi sẽ giới thiệu 1010,2
yêu nơi này,2
trường đại học tuyệt vời với khuôn viên xanh rộng lớn và tràn đầy niềm vui,2
trường đại học rất đẹp hiện đại và sạch sẽ,2
tôi thích thư viện này tiêu chuẩn quốc tế,0
trường đại học của tôi nơi tuyệt vời nhất từ trước đến nay,2
trường lớn nhưng thang máy nhỏ,0
đây là một trong những trường đại học đầu tiên tại việt nam,2
tôi muốn nộp đơn vào trường đại học này,1
được rồi ha ha,1
được thôi,1
thật tuyệt vời và thoải mái,2
đã từng ở đó,1
thật là một không gian tuyệt vời,2
lớn và đông đúc,2
một trong những trường đại học lớn,2
tòa nhà đẹp,2
đăng ký vào,1
hội chợ,1
mô hình tốt,2
tốt như thiên đường,2
thích nơi này quá,2
trường đại học của tôi như thế này,1
trước khi đào tạo,1
công chúa tốt nghiệp,2
tôi rất nhiều,1
nổi bật,2
lớp học của bạn tốt,1
không gian rộng rãi thoáng mát sạch sẽ ký túc xá ngay bên cạnh nên ở ký túc xá và đi bộ đến trường là tốt nhất đèn led trong và ngoài khuôn viên trường có vẻ là của thương hiệu an đức phát nên ánh sáng tốt,2
nhà trường tệ quá lúc nào cũng yêu cầu học sinh phải có kỷ luật và đúng giờ nhưng nhà trường lại không làm tốt nhiệm vụ của mình khâu sắp xếp quá tệ thời gian tổ chức lễ tốt nghiệp không rõ ràng khiến học sinh và phụ huynh phải chờ đợi,0
một cơn ác mộng dài mà tôi đã trải qua trong một thời gian dài trước khi tôi dám viết về nó câu chuyện kể rằng một vài năm trước một sinh viên với đôi chân mới bước vào,0
trường có khuôn viên rất rộng và cơ sở vật chất hàng đầu tại thành phố hồ chí minh học sinh học tại đây đã được học nhiều nghề và được đào tạo các kỹ năng cứng mềm trong những ngày gần đây các em đã có cơ hội đến với,2
khuôn viên trường cực kỳ rộng lớn với cơ sở vật chất tuyệt vời tự hào là sinh viên của trường này giáo viên và nhân viên cực kỳ thân thiện và nhiệt tình môi trường tốt với gần 10 tòa nhà cao tầng phục vụ công tác giảng dạy lưu ý lớn nhất,2
khuôn viên trường rộng rãi và mát mẻ,2
đội ngũ giảng viên và lộ trình học tập của trường rất kém thiết kế lễ tốt nghiệp cho học sinh và thấy phụ huynh không làm gì cả tất cả phụ huynh đều buồn chúng tôi sẽ không khuyến khích bất kỳ ai chúng tôi biết nộp đơn vào trường này,0
phải nói là quá đáng tiếc để tham dự lễ tốt nghiệp và muốn vào hội trường tôi phải xếp hàng hơn 2 tiếng đồng hồ không có quy định không có thỏa thuận với gia đình của các sinh viên tốt nghiệp chen lấn có,0
việc sắp xếp buổi lễ của trường cực kỳ tệ phụ huynh của học sinh buộc phải đợi bên ngoài 2 giờ trước khi được phép vào và học sinh được phép vào hội trường rồi bị đuổi ra mặc dù học sinh có tiếng là,0
trường rất rộng rãi lần đầu tiên bạn vào rất dễ bị choáng ngợp và lạc lối trường được chia thành nhiều phân khu phòng học và trang thiết bị đều mới khu vực phòng tập thể dục và sân thể thao cũng rất rộng rãi,0
trường đại học tôn đức thắng là trường đại học nghiên cứu tại việt nam trường trực thuộc tổng liên đoàn lao động việt nam trường hoạt động theo cơ chế tự chủ về thu chi học phí trường hiện,2
thật không may giáo viên đã từ chối phê duyệt dự án của học sinh chỉ vì anh ta mất hứng thú xem lại bài tập vì vậy anh ta đã đánh trượt học sinh vào năm cuối rõ ràng là họ muốn gì vì vậy bất kỳ ai muốn tham gia lớp học,0
tôi là phụ huynh tôi không quan tâm đến những điều bên trong tốt hay xấu nhưng tôi rất trân trọng thái độ của anh bảo vệ tên lê hồng vinh cảm ơn chú,2
nhà trường nhấn mạnh đến các quy tắc ứng xử nhưng một số nhân viên bảo vệ ở bãi đỗ xe lại có hành vi rất thị hiếu nói chuyện cực kỳ thô lỗ,0
quả thực đây là môi trường để các bạn trẻ học tập sạch đẹp rộng rãi như công viên và thuận tiện cho các môn học thể chất trường đào tạo 37 ngành nghề đạt chuẩn quốc tế,2
khuôn viên trường khá rộng mát mẻ và hài hòa kiến trúc hiện đại giảng viên nhiệt tình sinh viên năng động và hòa đồng thật sự cô giáo siêu dễ thương và nhiệt tình mong có cơ hội đến đây nhiều hơn,2
hoạt động cộng đồng kém học sinh không được phép ra khỏi trường trường rất đông nhưng chỉ có một nhà vệ sinh có thể sử dụng thời gian không phù hợp học sinh không được nghỉ giải lao giữa các tiết học và chúng,0
tiện nghi tốt chỉ có ở những tòa nhà mới xây còn lại đều khá cũ,2
cho mình hỏi nhé mình là người nước ngoài và biết tiếng việt vậy mình có thể nộp đơn xin học tại trường đại học toin đức thắng không,1
ngôi trường được xếp hạng hàng đầu tại việt nam một trong những nơi có cơ sở vật chất hiện đại với nhiều chuyên ngành đa dạng để bạn chuẩn bị vào đại học,2
nhân viên tư vấn có thái độ không nghe máy khi gọi trả lời sai sự thật khi tôi xin tư vấn về việc nhập học bổ sung nhân viên tư vấn bảo tôi vào trang web của trường để kiểm tra và gọi lại nhưng không nghe máy,0
trường rất rộng và nếu không có người hướng dẫn bạn có thể bị lạc trường được trang bị đầy đủ các tiêu chuẩn quốc tế như hồ bơi sân bóng đá theo tiêu chuẩn fifa vv điểm cộng là,2
trường đại học tôn đức là một trong những ngôi trường danh giá trường không chỉ đầu tư toàn diện về khuôn viên trường lớn nhất so với các trường đại học khác có khuôn viên trường trống để tổ chức các sự kiện của trường khu ký túc xá tòa nhà thư viện,2
trường học thật tuyệt vời cơ sở vật chất có lẽ là số 1 tại thành phố hồ chí minh trường luôn đứng đầu về chất lượng tại việt nam,2
ý thức của sinh viên về môi trường ngoài trường rất kém đặc biệt là những sinh viên giỏi ở khu vực miền trung thường vứt rác bừa bãi vào thức ăn rất mất vệ sinh,0
nhìn chung trường có môi trường học tập tuyệt vời sinh viên hầu như đều có điều kiện tốt để học tập và nghiên cứu tuy nhiên khi đánh giá công tác quản lý của một đơn vị phải khách quan từ nhiều phía không chắc chắn rằng nó tốt,2
trường nằm ở quận 7 gần đường chính trường rất rộng và có nhiều cây xanh trường sạch sẽ đẹp và thoáng mát với cơ sở vật chất hiện đại năm nay chúng tôi tiếp tục nâng cấp và mở rộng trường tôi chưa,2
khuôn viên trường rộng rãi nhiều cây xanh cơ sở vật chất trang thiết bị hiện đại thân thiện căng tin sạch sẽ phục vụ tận tình,2
sinh viên đại học tôn đức thắng nghĩ gì về trường mình vui lòng xem đánh giá tại đây camnhancuastudentvienveschooldaihoctonducthang20410,1
lần đầu tiên đến đây tôi rất ngạc nhiên về quang cảnh ở đây rất ấn tượng với cây xanh không khí trong lành mát mẻ gió mạnh sân trường rộng rãi cơ sở vật chất rất đẹp học sinh sẽ có tinh thần sảng khoái để học tập một môi trường tuyệt vời để học tập,2
ngày 29 tháng 12 năm 2016 tổ chức xếp hạng ui greenmetric world university rankings chính thức công bố danh sách xếp hạng các trường đại học có môi trường giáo dục xanh hàng đầu thế giới và đầu tư vào phát triển bền vững,2
đây là ngôi trường tôi đã theo học với chất lượng giảng dạy tốt giáo viên tận tâm và những người bạn rất nồng nhiệt,2
thư viện inspiration trị giá 5 triệu đô la chắc hẳn phải đẳng cấp như vậy tuy nhiên mọi thứ từ thiết kế đến hoàn thiện đều phụ thuộc vào sự đóng góp của nhân viên giảng viên và sinh viên nếu thuê một nhà thầu bên ngoài giá có thể sẽ cao hơn nhiều không chỉ 5 triệu đô la,2
trường có tầm nhìn tuyệt vời an ninh và nhân viên rất tốt và sạch sẽ thật không may tôi đã đến đây khi tôi học luật hehe,2
một góc bên ngoài trường luôn sạch sẽ mát mẻ và đẹp bạn có thể dừng lại nghỉ ngơi ngắm những bông hoa lấp lánh ngắm ngôi nhà đẹp như mơ,2
ngôi trường rất đẹp có nhiều cây xanh và có ký túc xá để học sinh ở và học tập,2
những trường đại học tốt nhất tại việt nam khuôn viên trường rộng rãi và môi trường học tập được tổ chức tốt những sinh viên chúng tôi gặp chào nhau bằng khuôn mặt tươi tắn và nụ cười rạng rỡ,2
trường có nhiều cây xanh sạch sẽ mọi người đều có ý thức cao trong việc bảo vệ môi trường cơ sở vật chất ổn trường còn cho học sinh đi bảo lộc học kỳ quân sự nữa,2
trường học rộng rãi và đầy đủ tiện nghi khuôn viên trường mát mẻ và sạch sẽ,2
trường có cơ sở vật chất hiện đại tạo điều kiện học tập đầy đủ cho học sinh khuôn viên trường rộng rãi thảm cỏ xanh mát,2
đã đến nơi này gần đó là lotte mart quận 7 đây là một ngôi trường khá uy tín chất lượng đào tạo cũng rất tốt,2
học hành mệt mỏi sách vở nhiều bãi đỗ xe thì kẹt cứng,0
hiện tại tôi đang là giảng viên thỉnh giảng tại khoa thể dục trường đại học tôn đức thắng trường có môi trường tốt cho sinh viên theo học,2
khuôn viên trường siêu rộng và có nhiều cây xanh rất thoáng mát và sạch sẽ nhà ăn nhà để xe nhà vệ sinh mọi thứ đều tuyệt vời ngoài ra còn có một cây đàn piano ở sảnh của các tòa nhà tôi khá thích nơi này,2
trường đại học lớn nhưng tất cả sinh viên đều có ít hiểu biết,0
nếu bạn muốn đến đây học thì hãy suy nghĩ kỹ nhé tôi nghĩ là năm 2024 khi đó chưa có internet chậm lắm,0
cơ sở vật chất tuyệt vời hiện đại rộng rãi giảng viên chuẩn sinh viên lịch sự văn minh,2
sau khi học marketing tại trường 4 năm và hiện đang chuẩn bị tốt nghiệp tôi cảm thấy rất may mắn và sáng suốt khi chọn tdtu làm nơi học tập nhà trường và các thầy cô luôn tạo điều kiện tốt nhất để sinh viên có thể,2
học sinh đi làm mà không có kiến thức gì bạn nên xem lại phương pháp đào tạo của mình,0
học phí của trường khá cao khoảng 500k1 học phí tính cả trượt môn thì sau khi học xong khoảng 150k và chỉ tính trong đầu khoảng 75 triệu,0
1 điểm cộng a trường có ký túc xá sạch sẽ sống trong ký túc xá khá vui b cơ sở vật chất khá tốt,2
đây là một trường đại học tốt về mặt cơ sở vật chất và giảng viên,2
ngôi trường thì đẹp nhưng an ninh thì tệ quá,0
tuyệt vời sang trọng nơi con gái tôi học,2
đẹp quá không có trường đại học nào ở việt nam đẹp như vậy chất lượng rất tốt,2
ngôi trường chân thật xanh sạch đẹp đáng nhớ những năm tháng học trò,2
học phí tăng 20 trong thời buổi kinh tế khó khăn như thế này khiến một số học sinh phải hoãn học hoặc thậm chí bỏ học mất hết đạo đức,0
ngôi trường có không gian mở và rất rộng rãi,2
nơi này rất rộng rãi đẹp và sạch sẽ học sinh rất thân thiện và nhẹ nhàng nhưng có vẻ hơi nhút nhát,2
đẹp và rộng rãi có nhiều hoạt động cho sinh viên,2
một không gian tuyệt vời dành cho sinh viên tdtu hãy trải nghiệm ngay nếu bạn chưa từng đặt chân đến đây,2
trường học siêu rộng siêu thoải mái siêu đẹp nhưng nếu bạn đến trường muộn thì bạn sẽ phải chịu đựng chạy khắp sân trường sẽ rất mệt . bãi đậu xe mát mẻ được chia thành nhiều khoảng trống rất rộng,2
có một trường đại học mà bạn phải ghé thăm ít nhất một lần khi đến thành phố hồ chí minh được thành lập vào ngày 24 tháng 9 năm 1997 đại học tôn đức thắng là một trường đại học công lập hoạt động trực thuộc tổng liên đoàn lao động việt nam,2
cơ sở vật chất hiện đại môi trường giáo dục vượt trội nhất,2
trường có nhiều cây xanh tất cả học sinh đều thân thiện và có nhiều bạn trai bạn gái xinh đẹp hehe,2
một trong những trường đại học có cảnh quan đẹp nhất việt nam,2
bất cứ ai học được điều này sẽ hối hận ngay,0
có thể nói đại học tôn đức thắng là một trong những ngôi trường đẹp nhất tại tphcm không chỉ đẹp mà chất lượng giảng dạy cũng rất tốt,2
chất lượng đào tạo ngành khoa học xã hội chưa tốt,0
nhà thi đấu lạ quá ai đến xem bóng rổ cũng bắt phải đi giày bạn điên à bạn không mang theo đồ ăn đồ uống sao đi xem bóng rổ làm tôi nghĩ mình đang đi học trường quân sự,0
có hình ảnh cầu vồng cho thấy ngôi trường rất đẹp không cần giải thích thêm,2
học tại tđt 4 năm đây không phải là quyết định ưu tiên của tôi khi thi đại học nhưng nó đã và sẽ luôn là quyết định tốt nhất có thể trường không làm hài lòng tất cả học sinh nhưng đối với tôi đây là một quyết định tuyệt vời,1
viết những dòng này mời nhà trường xem xét cải thiện tình trạng cũng như sự hiểu biết của các học sinh nhà trường bị kẹt xe trong 2030 phút trước khi đỗ xe,0
trường học nào khắc nghiệt như vết phồng rộp,0
mô hình giảng dạy rất tốt,2
trường đại học có nhiều lượt xem trực tiếp ảo nhất việt nam,0
nhà trường áp bức học sinh độc tài chỉ chú trọng vào doanh thu mà không quan tâm đến hoàn cảnh của bất kỳ ai nhìn chung các trường chủ yếu kiếm tiền mỗi học kỳ họ trả tiền học tiếng anh gần bằng một trung tâm bên ngoài nhưng không nhận được gì,0
chất lượng đào tạo ổn định cơ sở vật chất tốt có thể tôi sẽ cho con em họ hàng học ở đây nhưng có vẻ như học phí của trường tăng hơi nhiều gần đây cháu gái tôi thậm chí còn tính đến chuyện nghỉ học vì học phí mỗi học kỳ tăng quá cao,0
không có gì đáng chỉ trích ngoài tính kỷ luật như trường trung học và huấn luyện viên bơi lội,0
không gian đẹp thoáng mát nhiều trai gái xinh đẹp rất đáng để học ở ngôi trường này,2
trường đại học tôn đức thắng có nhiều chuyên ngành và cơ sở vật chất đầy đủ,2
ngôi trường xanh và hiện đại tôi thích hàng rào hoa giấy nhất đẹp quá,2
ngôi trường sạch sẽ rộng rãi và mát mẻ,2
nơi nuôi dưỡng trí tuệ tương lai,2
học quân sự ở đây đồ ăn dở và bẩn thìa nĩa khay cơm không được rửa sạch sẽ phân biệt đối xử giữa các trường cao đẳng và đại học việc tổ chức giải đấu không công bằng chạy,0
trường đại học tôn đức thắng là một trong những trường có cơ sở vật chất và chất lượng giảng dạy hàng đầu tại khu vực thành phố hồ chí minh khuôn viên trường rất rộng nhiều cây xanh và ghế ngồi trường có,2
xử lý vấn đề học sinh bằng thủ tục phức tạp trả nhiều tiền nhưng đổi lại chất lượng như thị trường quan hệ công chúng sáng lên và ruột rỗng áp bức học sinh trả tiền cho các bài học tiếng anh bắt buộc ở trường cũng giống như,0
trường đại học tôn đức thắng trực thuộc tổng liên đoàn lao động việt nam có cơ sở vật chất hiện đại có sân tập quốc phòng nhà thi đấu hồ bơi đặc biệt trường có thư viện riêng và hồ bơi vô cực chất lượng như nhau,2
giám sát lạm dụng quyền lực bắt giữ bất kỳ ai bạn muốn bắt giữ và tha thứ cho bất kỳ ai bạn muốn tha thứ,0
trường học rất tệ tôi là sinh viên học ngành kỹ thuật điện,0
trường rất hiện đại cơ sở vật chất tốt giáo viên và học sinh rất năng động,2
tôi không hiểu nhà trường có quyền gì mà tùy tiện rào chắn vỉa hè công cộng trước cổng trường có ai giải thích giúp được không,0
nằm giữa đường nguyễn hữu thọ và đường d6 bạn nên vào trường qua cổng đường d6 thư viện tuyệt vời hiện đại,2
cung cấp đồ nội thất cho ký túc xá trường đại học tôn đức thắng,2
có quá nhiều kỷ niệm ở nơi này,1
quán mì bò gần trường có đồ ăn khá ổn giá cả phải chăng cho sinh viên,2
trường rộng sạch đẹp cơ sở vật chất tốt giáo viên trẻ học sinh có nề nếp văn minh và có môi trường giáo dục tốt,2
cơ sở vật chất có lẽ là số 1 tại tphcm trường luôn đứng đầu về chất lượng tại việt nam tỷ lệ sinh viên có việc làm sau khi tốt nghiệp rất cao trường nổi tiếng về tính kỷ luật và nề nếp rèn luyện tính kiên trì của sinh viên,2
cơ sở vật chất hiện đại giảng viên tận tâm bài tập của sinh viên tốt học phí ở mức trung bình tôi khuyến khích bạn đến học,2
lễ tốt nghiệp không được chuẩn bị khoa học và việc trao bằng tốt nghiệp không được chia cho các khoa phụ huynh ngồi mệt mỏi từ 620 sáng đến 1130 sáng mọi người không được phép tham gia,0
nhà trường lấy cắp rất nhiều tiền của học sinh bị ép phải trả tiền vì những lý do không chính đáng,0
cảnh đêm yên tĩnh không khí mát mẻ nơi tuyệt vời để học tập và thực hành,2
trường tôi có những góc siêu thơ mộng,2
trường dạy ổn nhưng lớp nào cũng quá dài và kỳ thi được chia thành 2 ngày học từ sáng đến chiều mà không được ăn uống gì,0
ngôi trường mát mẻ rộng rãi như công viên cơ sở vật chất hiện đại tôi đến để dự lễ tốt nghiệp chứ không phải là sinh viên,0
trường học giống như cc khi bạn vào nộp hồ sơ bạn đi hỏi từ cổng 1 đến cổng 5 của bãi đỗ xe nhưng nhân viên bảo vệ chỉ làm bừa khi bạn xuống tàu điện ngầm họ không cho bạn đỗ xe và nói,0
đại học tôn đức thắng cơ sở quận 7 trường tư thục khuôn viên rộng nhiều khoa và trường chuyên biệt với các hoạt động hỗ trợ nghề nghiệp và việc làm rất tốt cho sinh viên khuôn viên đẹp và nhiều cây xanh,2
một buổi lễ tốt nghiệp mà người thân phải đợi đến 11 giờ sáng mới kết thúc là một sự lãng phí thời gian bãi đậu xe không được chuẩn bị và đông đúc,0
chán quá,0
trường rộng rãi có nhiều cây xanh sân trường sạch đẹp phải chờ thang máy khá lâu vào giờ cao điểm,2
ngôi trường lớn và đẹp nhưng khuôn viên trường hơi nhỏ,0
chất lượng đào tạo cao,2
trường đào tạo nhiều ngành học có cơ sở vật chất hiện đại có ký túc xá sân vận động phòng tập thể dục,2
ngôi trường này được xếp hạng trong số những ngôi trường danh giá trên thế giới đúng vậy nếu ai có cơ hội đến đây hoặc có con em đang theo học thì sẽ thấy rõ điều này,2
bài kiểm tra năng khiếu ngày 21 tháng 8 năm 2020,0
đi trải nghiệm sinh viên 24 giờ những gì tôi nhận được là phải điểm danh hàng chục lần chia thành các nhóm để trải nghiệm ngành nhưng không thấy ngành ở đâu cả đi trải nghiệm nhưng giống như đi thi nvq,0
lớn đẹp sạch an toàn,2
ngôi trường rất đẹp chương trình đào tạo rất bài bản tuy nhiên cơ sở vật chất ký túc xá cho sinh viên cần được nâng cấp tốt hơn,0
trường học ổn,1
ngôi trường này đáng để theo học,2
trường đẹp kỷ luật nghiêm tất cả các môn học đều được học tại trường chương trình nằm trong top 100 thế giới nên học phí khá đắt t2 và t5 yêu cầu mặc áo dài có 2 cây đàn piano cho học sinh chơi miễn phí,2
trường đẹp không gian rộng rãi học sinh có thể học tập và giải trí mọi lúc mọi nơi học phí hiện tại khá cao và quy định hơi khắt khe chỉ phù hợp với những bạn muốn rèn luyện bản thân trước khi bước vào xã hội,2
trường đại học chất lượng của việt nam,2
trường đại học tôn đức thắng là nơi tuyệt vời để sinh viên phát triển khả năng học tập rèn luyện và tự học phát triển cơ hội việc làm và hơn thế nữa là cơ sở vật chất là yếu tố hàng đầu kỷ luật nghiêm khắc rèn luyện sinh viên tốt về mọi mặt cả về thể chất lẫn học thuật hoàn toàn hài lòng và tự tin,2
trường rộng sạch sẽ thoáng mát chất lượng giáo dục tốt nhưng thời gian tốt nghiệp quá muộn sinh viên cần tốt nghiệp để xin việc làm kiếm tiền tôi đề nghị nhà trường chú ý cảm ơn,0
một trường đại học lớn tại tphcm nhiều người quan tâm gửi con em mình theo học tại ngôi trường này,2
cảnh quan khiến chúng ta nghĩ rằng mình đang đi dạo trong công viên nhưng không đó là khuôn viên trường đại học đại học tôn đức thắng cơ sở tân phong thành phố hồ chí minh đây được coi là trường đại học có diện tích cây xanh và hoa lớn nhất tại thành phố hồ chí minh,2
hình ảnh trường tdt hồi mình còn nhiều năm lâu lắm rồi d công nhận là trường có tốc độ phát triển cơ sở hạ tầng rất nhanh mới hoàn thành khu a rồi bc ký túc xá sân vận động nhà thi đấu,2
trường rất đẹp phòng thí nghiệm tuyệt vời các em học sinh học ở đây rất hài lòng khi lựa chọn ngôi trường này tuy tuyển sinh có thể thấp hơn so với các trường đại học hàng đầu nhưng chất lượng sinh viên không thua kém bất kỳ trường nào vì tuyển sinh rất khó,2
trường học của tôi xanh sạch và đẹp,2
môi trường xanh sạch đẹp không khí trong lành như một singapore thu nhỏ giữa lòng sài gòn đội ngũ nhân viên giảng viên và sinh viên đều vô cùng thân thiện,2
trường đẹp cơ sở vật chất rộng rãi khuôn viên rộng và nhiều cây xanh trường sạch sẽ và ý thức học tập của học sinh cao chất lượng đào tạo tốt học phí hơi cao,2
trường tôi đang theo học là một trường đại học công lập cơ sở vật chất tuyệt vời,2
sau một thời gian dài tìm hiểu tôi cảm thấy mình là người phù hợp nhất với ngôi trường này tôi chỉ còn 165 ngày nữa là bắt đầu kỳ thi tốt nghiệp phổ thông trung học phổ thông quốc gia tôi chỉ hy vọng mình có thể đỗ ngôi trường này thôi nào em yêu hãy cố gắng hết sức để trở thành một học sinh mới nhé,2
trường đẹp csvc ok,2
ngôi trường mà bạn nên theo học ngôi trường đẹp học sinh lịch sự có hồ bơi phòng tập thể dục sân bóng đá 4 sao tuy nhiên học phí hơi cao,2
10 điểm không có nhưng,2
trường rất đẹp có đội ngũ nhân viên tốt có trình độ tốt nhân viên nhiệt tình và tốt bụng có căng tin hồ bơi câu lạc bộ bóng đá phòng tập thể thao để học tập và thể thao trường cung cấp rất,2
trường có cơ sở vật chất cực kỳ đầy đủ đáp ứng mọi nhu cầu của học sinh đội ngũ giáo viên tận tâm nhiệt tình mặc dù trường tự chủ về tài chính nhưng học phí không quá cao là một cựu học sinh tôi cảm thấy thực sự hài lòng,2
tạo sân chơi bổ ích cho sinh viên giao lưu giải trí thảo luận và học hỏi lẫn nhau,2
pr tệ đến mức lướt facebook lúc nào cũng thấy trường này nhưng mình đã từng đến thăm một lần môi trường cũng rất tốt học phí cao nhưng điểm rất phù hợp với học sinh giỏi,0
được đánh giá là một trong những ngôi trường có quy mô đào tạo chất lượng cao xứng tầm khu vực và quốc tế trường có cơ sở vật chất kỹ thuật chất lượng cao trang thiết bị tốt giúp sinh viên học tập trong môi trường an toàn,2
trường có khuôn viên rộng có sân vận động thể thao bên trong và sử dụng chương trình đào tạo hiện đại,2
trường rất rộng rãi và thoáng mát khuôn viên trường đẹp được đầu tư bài bản có nhiều sân thể thao tư thục các tòa nhà của trường được thiết kế hiện đại có thang máy thuận tiện di chuyển và có tầm nhìn đẹp cơ sở vật chất phục vụ cho kỳ thi là,2
chúng tôi dạy tiếng việt cho người nước ngoài tôi chưa từng học khoa chào hỏi nhưng tôi thích trường đại học tôn đức nếu các giáo sư tử tế và bạn có đam mê hãy bắt đầu,0
mặc dù trường đại học giàu có nhưng lại không mấy quan tâm đến sinh viên nhiều môn học bắt buộc mặc dù không cần thiết lịch học chặt chẽ ít giờ nghỉ đi học giữa ngày sinh viên,0
là phụ huynh của một học sinh mới tôi thấy môi trường và cảnh quan ở đây khá hài hòa và sạch sẽ cảm ơn sự hướng dẫn tận tình của bạn,2
tôi hy vọng sẽ vào được trường vào năm 2024,2
internet tệ quá,0
3 ngày nữa là mình thi thpt quốc gia rồi mình rất mong được vào trường tdt mình viết bình luận ở đây chỉ để xem sau này mình có vào được trường hồng thủy không thôi cố gắng lên nhé bạn,1
thôi đừng nói nhiều nữa thư viện 129 tỷ đã ở một đẳng cấp khác rồi nên bạn không cần phải lo lắng về điều đó,2
tôi đã kỳ vọng rất nhiều vào trường học tôi biết rằng khi tôi bước vào hệ thống nghề nghiệp tôi không giỏi bằng bạn bè ở trường đại học hoặc cao đẳng nhưng tôi không nghĩ rằng trong một môi trường tốt như vậy lại có một giáo viên làm nhục học sinh chỉ vì một phút tức giận và hạ thấp học sinh của mình tôi rất thất vọng,0
hiện nay trường có 15 khoa trình độ đại học có 34 ngành trình độ cao đẳng có 8 ngành trình độ trung cấp chuyên nghiệp có 15 ngành,1
một trong những trường đại học công lập có cơ sở vật chất tốt nhất tại thành phố hồ chí minh khuôn viên trường rộng với nhiều cây xanh,2
trường đại học tốt cho trẻ em học tại tphcm,2
nvs có chứ nhưng mà như thể nó không có vậy có vẻ như nó không như vậy,0
sạch sẽ đẹp hiện đại và mẫu mực đáng để thế hệ trẻ học tập và rèn luyện,2
rất sạch sẽ thoáng mát cảnh đẹp là nơi đào tạo học viên giỏi,2
ngôi trường đẹp và hiện đại nhất thành phố đào tạo nhiều ngành nghề khác nhau với mục tiêu rõ ràng,2
một trường đại học nổi tiếng tại thành phố hồ chí minh tòa nhà mới và khuôn viên rộng rãi tốt hơn hầu hết các trường đại học hàn quốc trong số đó sân chơi được xây dựng rất tốt,2
ngôi trường tọa lạc tại đường nguyễn hữu thọ quận 7 thành phố hồ chí minh đó là ước mơ của nhiều thế hệ học sinh,2
trường sạch đẹp nội quy nghiêm ngặt nói chung học ở trường này rất đáng học,2
cơ sở vật chất rất tốt chất lượng giảng dạy ngày càng được nâng cao và là ngôi trường luôn đi đầu trong nhiều phong trào,2
trường có diện tích rộng cơ sở vật chất tốt chất lượng sinh viên tốt nghiệp cũng rất cao,2
nhìn trường phái cũ kìa lol nó còn tốt hơn chủ nghĩa tư bản,2
chất lượng tốt nhưng học phí quá cao và hệ thống điểm đào tạo hơi khó cho học viên,0
ngôi trường rộng rãi với nhiều cây xanh,2
quá xa quá tư bản,0
cơ sở vật chất tốt và cũng có trường dạy tiếng việt các giáo sư từ trường đại học nhân sự chuyển đến đây để giảng bài phương pháp giảng dạy vẫn như vậy sách giáo khoa cũng,2
chất lượng đào tạo tốt phòng học được trang bị máy lạnh và tầm nhìn đẹp,2
cơ sở vật chất rộng rãi hiện đại thoáng mát chất lượng đào tạo tương đối tốt,2
ngôi trường rất đẹp khuôn viên trường rộng sạch sẽ và cơ sở vật chất tốt,2
đây là trường tôi học 3 cơ sở vật chất tệ nhất,0
trường mới thành lập nhưng đã nhanh chóng khẳng định được chất lượng đào tạo,2
một trong những trường đại học hiện đại và lớn nhất sài gòn,2
giá cả khá đắt so với khu vực,0
quá xanh sạch và đẹp,2
không phù hợp với những sinh viên chỉ quan tâm đến việc học,0
trường đẹp không gian yên tĩnh,2
một môi trường giáo dục quốc tế công lập rất thân thiện và năng động nếu mọi người quá rảnh rỗi để vội vàng đưa ra những đánh giá tệ hại thì tốt hơn hết là họ nên tìm hiểu sự khác biệt giữa trường đại học và trường trung học bởi vì ngay cả một,2
trường học hiện nay đã xuống cấp với nhiều không gian học tập bất tiện phòng tự học vốn được biết đến là nơi thư giãn và học tập giờ đã bị thay thế bằng câu lạc bộ họp sự kiện thư viện thì quá cũ đội ngũ nhân viên và câu lạc bộ trường học giờ chỉ tập trung vào,0
sinh viên iu có rất nhiều quyền lợi nhưng sự bất tiện trong việc xử lý thủ tục và phương pháp kém hiệu quả của nhân viên thực sự gây khó chịu và bực bội,0
khoa khoa học máy tính của trường đại học này chẳng qua chỉ là kiến thức lỗi thời,0
trường đại học khá thú vị và quán cà phê ngon gần đó,2
một nơi có cơ sở vật chất tốt nếu bạn muốn tìm một nơi yên tĩnh để học thì thư viện ở tầng 2 chính là nơi hoàn hảo cho việc đó,2
nơi tuyệt vời để học giảng viên rất tốt và nhiệt tình,2
nơi tuyệt vời đây chính là nơi giấc mơ trở thành sự thật 3,2
tuyệt vời cơ sở vật chất tốt và chỉ có tiếng anh,2
trường tốt đặc biệt dành cho sinh viên ngành kinh doanh,2
trường đại học tuyệt vời với chương trình học tốt nhất,2
cảm ơn lòng hiếu khách của bạn,2
trường đại học của tôi nhưng xa trung tâm quá,0
các giáo viên đều có tư tưởng cởi mở,2
ngôi trường thoải mái nhất cho cuộc sống sinh viên,2
trường đại học tốt nhất từ trước đến nay,2
rick kit,1
không cần phải đi học đại học,0
yêu môi trường ở đây quá,2
nơi tuyệt vời để học tập,2
ngôi trường đáng yêu của tôi,2
thiên đường thật sự,2
đại học đẹp,2
trường học tuyệt vời nhất,2
công nghệ thực phẩm,1
đại học pregtise,1
đối tác nhà ở,1
trường dễ thương quá sân trường khá rộng dù có 2 tòa nhà nhưng khá rối phòng công tác sinh viên hay pdtdh trả lời là bạn sinh viên cũng rất nhiệt tình dễ thương và nhiệt tình ủng hộ bạn ấy hy vọng 4 năm ở đây của mình sẽ thật tuyệt vời yêu iu,2
tôi là một học sinh và tôi cảm thấy hệ thống giáo dục của trường này thực sự tệ đầu tiên khi xin ý kiến để khảo sát lễ khai giảng của trường mọi người,0
các khoa đều hống hách và có thái độ không tốt với sinh viên đặc biệt là khoa công tác sinh viên khoa hợp tác đào tạo nước ngoài và khoa tài chính khi bạn nộp tiền bạn phải đợi rất lâu mới được nhận,0
tôi cũng đã hỏi khoa sau đại học để xin lời khuyên và thấy thái độ của họ rất bình thường họ rất nhiệt tình và cung cấp cho tôi đầy đủ thông tin,2
trường đẹp căng tin với đồ ăn ngon trên hết người yêu mình học ở đây nên mình cho trường 5 sao,2
thái độ của khoa quá tệ cần xem lại phòng tuyển sinh sau khi tốt nghiệp học thạc sĩ sinh viên trả lời câu hỏi như cha mình thích cái gì thì học không thì bỏ,0
có lẽ đây là một trường đại học tư thục lớn và có quy mô tại thành phố hồ chí minh đạt chuẩn theo hệ thống asean trường giảng dạy và nghiên cứu bằng tiếng anh theo chương trình giảng dạy của hoa kỳ được thành lập vào cuối năm 2003 rất đông học sinh và phụ huynh đến đây tham quan để hiểu rõ hơn về ngôi trường này,2
nếu tôi tìm một trường đại học quốc tế tôi sẽ có thể đến trường mà không bị lạc vì khi đi theo tên tiếng anh thì trường vẫn chưa đến đi qua phố nang khieu rồi quay đầu xe là bạn sẽ có thể,1
tôi không hiểu tại sao nhiều đánh giá lại có cảm giác như đang bị cường điệu hóa tôi học ở trường và chưa bao giờ cảm thấy thái độ hống hách như vậy từ các khoa các giáo viên rất giỏi và dạy rất tận tình bạn bè xung quanh tôi học rất giỏi nên tôi cố gắng rất nhiều tôi hy vọng mọi người có nhiều góc nhìn hơn và lắng nghe nhiều khía cạnh hơn luôn yêu các bạn,2
trường nào cũng có mặt tốt và mặt xấu chất lượng giảng dạy vẫn tốt chứ không tệ,2
trường rộng xanh mát có căng tin nhiều món ăn thích khu vườn hoàng gia đó,2
trang này hay quá trích lời dương anh tuấn cựu học viên,0
những hình ảnh đẹp về trường đhcn tphcm qua góc nhìn của một sinh viên bách khoa,2
khuôn viên trường thoáng mát nhiều cây xanh và yên tĩnh,2
đây cũng là trường đại học công lập đầu tiên sử dụng tiếng anh làm ngôn ngữ giảng dạy và nghiên cứu,2
trường đại học quốc tế có những căn hộ tốt nhất trong làng đại học với thực phẩm sạch và phong phú có trạm xe buýt 52 và 30 trong khuôn viên trường,2
iu là một môi trường tốt đáng để trải nghiệm,2
trường được xây dựng đẹp và rộng rãi với chương trình giảng dạy theo chuẩn quốc tế với phong cách học tập năng động,2
thái độ quan trọng hơn trình độ chúng tôi hy vọng rằng mọi nhân viên và giáo viên trong trường đều có thái độ lịch sự khi giải quyết vấn đề học sinh cần được hỗ trợ nhưng nhân viên lại hay cáu kỉnh và không nói rõ ràng khiến học sinh phải đi đi lại lại nhiều lần,0
trường đẹp nhiều phòng thí nghiệm học sinh năng động phòng học sạch sẽ rộng rãi ngay cả bảo vệ cũng hướng dẫn nhiệt tình và chu đáo ngay cổng trường có trạm xe buýt xe số 81933 và các số khác trường đang xây thêm một tòa nhà nữa bên cạnh cổng chính,2
hàng ngàn phụ huynh đang ăn mừng lễ tốt nghiệp thì hội trường bị cắt điện để giải tán sớm thật nhân đạo,0
các bạn cho 1 sao về sự hiểu lầm của ban giám hiệu trường is từ năm 2022 và họ không chịu sửa tất cả đều là phá hoại ảnh hưởng của các trường khác,0
thức ăn ở căng tin rất ngon,2
máy chiếu thì mờ máy lạnh thì như thời kỳ băng hà học phí chỉ đủ nuôi cá koi nói chung là phải chuẩn bị đủ tiền và tâm lý để đóng bảo hiểm mà không bị trả lại,0
trường có chất lượng giáo dục cao và đội ngũ giảng viên nhiệt tình,2
làm việc với nhân viên rất lịch sự và thông cảm,2
trường đại học quốc tế đại học quốc gia thành phố hồ chí minh là trường đại học hàng đầu tại việt nam cung cấp các chương trình đào tạo đa dạng và chất lượng cao cho sinh viên trong và ngoài nước,2
yêu căn tin trường học,2
mặc dù trường là trường hợp tác quốc tế nhưng trang web rất tệ giao diện lỗi thời và truy cập chậm hiệu trưởng là người làm cntt và cần xem xét lại,0
không gian thoáng mát sạch sẽ sân vườn xanh mát tôi yêu iu,2
cơ sở vật chất ở đây thực sự rất đẹp và việc trở thành thành viên của đại học quốc gia thành phố hồ chí minh chắc chắn là một điều tuyệt vời,2
trường đại học quốc tế đại học bằng tiếng anh đại học bằng tiếng pháp université bằng tiếng pháp đại học bằng tiếng thái 대학교 bằng tiếng hàn trường đại học thành viên đại học quốc gia tphcm là trường đại học công lập uy tín tại việt nam và,2
iu lúc nào cũng tuyệt nhất nhưng dạo này xây tòa nhà 3 tầng chắn đường hơi mệt và mất luôn cả view đẹp nhưng mình sẽ mãi yêu iu,2
trường không quá lớn khuôn viên vừa phải phủ xanh nên nhìn khá mát mẻ có một khu vườn ở giữa hai tòa nhà xung quanh trường có tổng cộng 4 hồ cá koi nhìn chung thẩm mỹ thoáng mát và thoải mái,2
cơ sở vật chất tuyệt vời giáo viên thậm chí còn tuyệt hơn và căng tin có vô số món ăn ngon và sạch sẽ quầy bar nước trong trường cũng rất ngon 55,2
môi trường chuyên nghiệp mát mẻ và trường học rất đẹp,2
trường này là trường công lập trực thuộc đại học quốc gia tphcm chứ không phải trường phổ thông quốc tế tư thục đang có scandal nhé mọi người hãy là người dùng internet thông minh biết lọc thông tin nhé,0
khuôn viên trường đại học quốc tế rất đẹp nhiều cây xanh căng tin sạch sẽ có bảo vệ giáo viên và sinh viên thân thiện ok,2
lý do tôi bỏ phiếu 1 sao là vì tôi đã bỏ phiếu nhầm cho trường nhưng trường đó rất thoải mái mọi người ạ,2
khá ổn một suất ăn 30k hơi cao so với sinh viên thời gian làm thủ tục lâu máy lạnh phòng 109 để nhiệt độ quá thấp bãi đậu xe nhỏ và không có mái che phòng tắm nhỏ chỉ có 2 phòng,0
mặc dù có uy tín là trường đại học quốc gia nhưng trong bộ máy quản lý lại có hiện tượng tham nhũng tôi hy vọng cơ quan có thẩm quyền sẽ giải quyết vấn đề này,0
trường tốt 0 học sinh rất có ý thức,2
trường đại học tốt cho sinh viên,2
nhà ăn bán trà sữa nhưng không cho phép sử dụng ống hút đường đến trường rất khó khăn đối với học sinh năm nhất,0
em hy vọng nhà trường giải quyết được vụ việc nữ sinh bị quay lén để các em yên tâm học tập tại trường,0
chất lượng kém hiệu trưởng không quản lý học sinh chặt chẽ tôi rất không hài lòng xin hãy xem xét lại trường xin chân thành cảm ơn,0
khoa điện tử viễn thông của trường,1
giấc mơ hồng lâu trường đại học quốc tế thành phố hồ chí minh tên tiếng anh ho chi minh city international university là trường đại học hàng đầu về đào tạo đa ngành tại,2
xung quanh trường có nhiều cây xanh nên không khí mát mẻ nhà ăn của trường rất ngon và sạch sẽ,2
trường dạy tốt giáo viên tốt và thân thiện học sinh vui vẻ và hòa đồng,2
trường có tên quốc tế học phí quốc tế nhưng không cho sử dụng thẻ quốc tế visa hoặc master để đóng học phí hiện nay nhiều trường chấp nhận thẻ để đóng học phí chúng tôi đề nghị trường xem xét lại vấn đề này,0
rộng đẹp nhiều kiến trúc xanh địa điểm lý tưởng để chụp ảnh vào một ngày nắng đẹp thích hợp cho những người thích thiên nhiên và yên tĩnh,2
vệ sinh laptop miễn phí tại đại học quốc tế,1
là trường đào tạo du học úc mỹ new zealand tọa lạc tại khu vực làng đại học quốc gia bên cạnh trường đã xây dựng nhà văn hóa sinh viên mới,2
trường đại học quốc tế thành phố hồ chí minh tiếng anh ho chi minh city international university là một trong ba trường đại học tại việt nam đạt chuẩn đào tạo quốc tế của hệ thống đại học asean chương trình giảng dạy và,2
cơ sở vật chất hiện đại nhà vệ sinh sạch sẽ là một điểm cộng hầu hết các bạn ở đây đều có ý thức xếp hàng khá tốt các giảng viên thân thiện và có kiến thức chuyên môn tốt,2
học phí cập nhật tháng 2 năm 2017 là 58usdtín chỉ trung bình 3 tín chỉmôn khoảng 14 mônnăm x 4 năm tôi học ngành kinh doanh chương trình trong nước đối với sinh viên liên kết học phí sẽ cao hơn trường cũng có chính sách học bổng,1
tốt nghiệp chuyên ngành ngoại ngữ 0ke thích nghi năng động với việc du học sau khi tốt nghiệp đại học cơ sở vật chất tốt trường đẹp sinh viên tiếp xúc với nhiều giảng viên nước ngoài,2
chất lượng giảng dạy tốt có nhiều chương trình liên kết với các trường đại học nước ngoài tất cả các phòng học đều có máy lạnh và trải thảm ngoại trừ phòng thí nghiệm dụng cụ máy móc và thiết bị hỗ trợ nhiều thí nghiệm tiên tiến khuôn viên trường rộng rãi với nhiều cảnh đẹp,2
trường đại học quốc tế trực thuộc đại học quốc gia thành phố hồ chí minh hồ chí minh cơ sở vật chất rộng rãi và hệ thống phòng thí nghiệm hiện đại nhỏ gọn,2
cơ sở vật chất tốt môi trường học tập hiện đại và năng động học bằng tiếng anh học phí hơi cao nhưng đáng đồng tiền bát gạo,2
trường đại học quốc tế là trường đào tạo có chương trình đào tạo hoàn toàn bằng ngoại ngữ giúp sinh viên có trình độ ngoại ngữ hội nhập quốc tế và tiếp nhận nền giáo dục chất lượng cao,2
trường ngoi nằm trong khối trường đại học quốc gia và giảng dạy chương trình bằng tiếng anh nhưng chất lượng không được đảm bảo như trường giới thiệu,0
với quy mô lớn và ngôi trường rất hiện đại chúng tôi hy vọng đây sẽ là môi trường sản sinh ra nhiều nhân tài,2
nhân viên bảo vệ thân thiện khuôn viên trường có cơ sở vật chất tốt và wifi mạnh không thể sánh được với trường bách khoa,2
trường rộng hiện đại được trang bị đầy đủ trang thiết bị phục vụ cho việc học tập và nghiên cứu của sinh viên,2
trường công lập đầu tiên dạy hoàn toàn bằng tiếng anh cơ sở vật chất tốt chất lượng cao,2
vệ sinh laptop miễn phí tại iu,1
xin hãy cho tôi biết mỗi trường có tốt không tôi muốn thi vào trường nhưng không biết mình cần đạt bao nhiêu điểm tôi hy vọng bạn có thể giúp tôi giải quyết vấn đề này,1
trường học sạch sẽ học sinh nhiệt tình,2
cơ sở vật chất tốt và đầy đủ tất cả các phòng học đều có máy lạnh tuy nhiên học phí hơi cao,2
quá yên tĩnh nhưng nếu tôi nhận được tin tức kịp thời tôi sẽ đi tìm hiểu thêm và chụp một số bức ảnh đẹp,1
trường đại học qt là trường công hay tư học phí bao nhiêu học kỳ có ai giúp mình được không,1
có sinh viên quốc tế nào đăng ký giảng dạy tại trung tâm của tôi không,1
trường có mức học phí khá cao nhưng tốt nghiệp sẽ đảm bảo có việc làm,2
một nơi rất đáng để dành 4 năm quý báu của cuộc đời bạn,2
khuôn viên trường xanh sạch đẹp phòng học sạch sẽ thoải mái thoáng mát,2
dạy tiếng anh tốt,2
trường học có chất lượng kém quá kém về mặt giáo dục,0
trường kiếm tiền tệ đến mức làm cho các câu hỏi trong bài kiểm tra trở nên khó khăn trong khi trường đang được xây dựng,0
ngôi trường này đang gặp rắc rối chúng ta hãy chung tay,0
trường đẹp cơ sở vật chất đầy đủ và tốt,2
rộng rãi thoáng mát nằm riêng biệt trong làng đại học,2
trường đào tạo chất lượng cao nên học phí khá đắt,1
khuôn viên trường sang trọng rộng rãi đẹp lý tưởng để học tập,2
ngôi trường rất tuyệt nhưng có vẻ như nó vẫn đang được xây dựng,0
chất lượng giáo dục rất tốt nhà ăn rất tốt và khá sạch sẽ,2
ngôi nhà rất rộng rãi đẹp và đầy đủ tiện nghi,2
tôi học ở đây tất nhiên là tốt rồi,2
đồ ăn ở trường đặc biệt ngon giá cũng ngon,2
một môi trường tốt để học tập và phát triển,2
mọi thứ đều tốt,2
dhqg te dhqg là một trường công lập đào tạo tài chính,1
canteen bán những món ăn ngon nhất ở làng đại học,2
trường học thân thiện và yêu thương học sinh,2
môi trường lý tưởng để học tập và làm việc,2
ngôi trường rộng rãi sạch sẽ và thân thiện,2
mát mẻ hẹn hò,2
bạn có thể cho tôi biết học phí ở đây không,1
tôi nên cho ngôi trường tôi đã theo học 5 sao,2
rộng rãi sạch sẽ đẹp và thân thiện,2
giáo dục và đào tạo quá kém,0
đại học quốc tế quốc gia rất rồng 652,1
lớn đẹp chất lượng học tập thật vui,2
trường đại học đào tạo chất lượng tại tphcm,2
trường đại học có chất lượng tốt sạch sẽ và đẹp,2
nói chuyện với mọi người trong nước,1
một trong những trường đại học quốc gia tại thành phố hồ chí minh,1
một trường đại học rất tuyệt vời,2
chất lượng quốc tế học phí quốc tế,1
học phí ở trường khá cao,0
việc bỏ thêm một vài lớp ie nữa sẽ rất tuyệt,2
ve đã cho ra đời một chiếc máy tính xách tay,1
phòng mát nc ngon quá ok,2
vệ sinh laptop miễn phí tại trường,1
trường tốt để học,2
mãi mãi yêu em,2
tệ quá,0
hiểu chính mình,2
rất quan trọng,1
ngôi trường đẹp không gian rộng rãi,2
giáo dục nhà trường kém,0
vệ sinh máy tính xách tay của bạn,2
vô trách nhiệm,0
thư viện rất tốt,2
mát mẻ và sạch sẽ,2
đại học quốc tế đại học quốc gia tp hcm,1
tiện ích trò chuyện tốt,2
chất lượng an toàn kém,0
tào lao,2
có rất nhiều điều thú vị,2
trường có nhiều cô gái xinh đẹp,2
đẹp rộng rãi sạch sẽ thân thiện,2
trường học ngon lành,2
quy mô hiện đại,2
đáp ứng tiêu chuẩn,2
máy tính xách tay sạch sẽ,2
view đẹp diện tích rộng và giáo viên cũng thân thiện và tốt bụng một trong những trường đại học lớn tại thành phố hồ chí minh,2
đã học ở đây 4 năm thực sự muốn giới thiệu cho sinh viên cntt mới,2
trường đại học tốt nhưng chỉ dành cho cử nhân chứ không phải kỹ sư và kỹ năng thực hành vẫn còn thiếu,0
một môi trường rất tốt để học tập nổi tiếng về chất lượng giáo dục đặc biệt là công nghệ thông tin,2
họ làm việc chậm chạp và đôi khi họ trì hoãn việc làm giấy tờ thực sự rất khó chịu các thủ tục yêu cầu bảng điểm hoặc những thứ khác liên quan đến việc làm bằng tốt nghiệp cũng rất phức tạp chất lượng giáo dục không cần phải bàn cãi hy vọng mọi thứ sẽ sớm được cải thiện,0
xem chúng tôi,1
có nhiều kỷ niệm khoa hóa 20152019,2
đất nước xinh đẹp,2
trường rất tốt đội ngũ nhân viên lịch sự và phương pháp giảng dạy của họ rất hay,2
một trong những trường đại học hàng đầu tại tphcm,2
cách tốt để hủy hoại tuổi trẻ của bạn,0
trường đại học đáng yêu với tinh thần chủ động,2
đại học quốc gia số 1 việt nam và thành phố hồ chí minh,2
dịch vụ giáo dục tốt sản phẩm và vị trí đẹp,2
tôi rất thích trường đại học này mặc dù tôi không phải là sinh viên của trường,2
đây là trường của tôi trường tốt nhất ở tphcm,2
trường đại học tốt nhất về khoa học cơ bản và công nghệ thông tin,2
tôi có một cuộc hẹn nhưng bị cho leo cây,1
rồi vai lan ngày ấy,1
đại học quốc gia có wifi miễn phí,2
có chuyện gì vậy con chuột được chứ,1
giáo sư và sinh viên ở đó rất tốt,2
trường đẹp và tốt,2
thật tuyệt,2
một số hình ảnh,1
trường đại học nổi tiếng nhất việt nam,2
trường đại học xếp hạng cao,2
đại học khoa học tự nhiên thành phố hồ chí minh việt nam,2
cuộc sống của tôi,1
không tệ,1
tôi yêu ngôi trường này tuyệt vời nhất,2
5 sao cho trường đại học của tôi,2
rat dep,2
một nơi tốt để học,2
trường đại học tốt để học,2
lớp học của tôi,1
cái này cái kia một trường đại học khoa học cơ bản,1
thưa cô,1
ngôi trường tốt nhất,2
đã tốt nghiệp ở đây,2
tôi yêu hcmus,2
trường đại học của tôi d,1
tôi thích ở đây,2
ngôi trường tuyệt vời của tôi,2
một trong những tốt nhất,2
vị trí tốt,2
anh yêu em,2
trường số một,2
học chăm chỉ và nín thở các giảng viên có trình độ chuyên môn cao đặc biệt là thực hành sử dụng các hóa chất tiêu chuẩn chưa hết hạn tại đây bạn có thể thực hành kỹ năng nằm và ngủ ở bất cứ đâu,2
trường có không gian và trang thiết bị tốt để sinh viên có thể yên tâm học tập và nghiên cứu,2
trường rộng rãi nhiều cây xanh hè năm sau phượng nở hoa đỏ rực có một số cây rất lạ csvc đang trong quá trình sửa chữa sau khi sửa chữa xong tôi tốt nghiệp,2
một ngôi trường đào tạo khoa học cơ bản có lịch sử lâu đời tự hào là học sinh của trường từ ngày đầu tiên đặt chân vào ngôi trường này đến giờ tôi sắp bị đuổi khỏi trường,2
nơi này rèn luyện cho học sinh tính tự lập tốt không gian rất hoài niệm sau một thời gian đi làm và đi học,2
ngôi trường đại học dễ thương và lãng mạn nhất sài gòn nơi từng nổi tiếng với ghế fa dành cho những người cô đơn,2
ngày 30 tháng 3 năm 1996 trường tách ra khỏi đại học thành phố hồ chí minh và chính thức mang tên trường đại học khoa học tự nhiên cho đến ngày nay,1
trường cho sinh viên chương trình đại trà học 4 năm tại cơ sở university village thay vì 2 năm tại cơ sở quận 5 và 2 năm tại cơ sở university village như các trường khác thuộc đại học quốc gia tphcm,1
đã hơn 15 năm kể từ khi tôi trở lại trường trường vẫn như xưa với nhiều kỷ niệm về ngôi trường thân yêu này khuôn viên trường đang được sửa chữa và nâng cấp nhiều lần,2
trường đại học khoa học tự nhiên thuộc đại học quốc gia thành phố hồ chí minh tọa lạc tại đường nguyễn văn cừ quận 5 thành phố hồ chí minh nằm ngay ngã tư 4 quận trung tâm chúng ta có thể dễ dàng di chuyển từ nhiều,2
khuôn viên trường thoáng mát rộng rãi trước đây mình cũng đến đây vì sợ học ở đây thấy vị trí xung quanh đây khá thuận tiện địa điểm cũng khá đẹp nên mình mở một tiệm làm tóc nhỏ xinh ở hẻm,2
ngôi trường đẹp quang cảnh yên bình nơi tôi đã trải qua những năm tháng học trò mỗi lần trở về trường là một kỷ niệm,2
một số giảng viên thiếu chuyên môn khoa điện tử viễn thông cơ sở vật chất khá cũ và khá tệ đội ngũ hành chính khá khó chịu và hối hận khi học ở đây,0
là một trong những trường đại học quốc gia đào tạo chất lượng hệ thống phòng học ngày càng được cải thiện khuôn viên trường rộng nhiều cây xanh thư viện có nhiều đầu sách quý,2
ngôi trường đẹp rộng rãi cổ kính bước vào đây như hòa mình vào thiên nhiên khi trời mưa,2
ngôi trường này thực sự tuyệt vời năm sau tôi nhất định phải tới trường này,2
đây là cơ sở 1 của trường cơ sở trường tại 227 nguyễn văn cừ tương đối rộng thoáng mát nhiều cây xanh cũng là nơi thích hợp và lý tưởng để học nhóm với đầy đủ tiện nghi wifi khu vực học tập trường có một thời gian dài,2
mỗi lần quay lại trường tôi luôn cảm thấy bình yên lạ thường các thầy cô rất giỏi và tận tâm trong việc đào tạo nhớ các thầy cô khoa sinh học quá,2
khi tôi trở về sau chuyến du học ở mỹ tôi đã bị đuổi học vì sinh viên đó không hiểu bài 10 năm sau tôi đã nghiên cứu để xin cấp danh hiệu giáo sư đầu tiên của nasa và hỏi liệu họ có chấp nhận danh hiệu này để tôi có thể quay lại làm việc không nhưng không nhận được phản hồi,0
trường đại học khoa học tự nhiên đại học quốc gia thành phố hồ chí minh là một trong những trường đại học đào tạo và nghiên cứu khoa học cơ bản và ứng dụng hàng đầu tại việt nam trực thuộc đại học quốc gia thành phố hồ chí minh thành phố hồ chí minh được xếp hạng là trường đại học trọng điểm quốc gia tại việt nam,2
đây là góc mà tôi thấy đẹp nhất ở trường tiếp theo là hành lang dọc theo con đường dẫn thẳng đến trường khi mùa đến hoa vàng sẽ nở rộ trên đường cảnh rất lãng mạn,2
vừa mới đo phổ nmr ở phòng spectrum b14 về khá nhanh nhưng bất tiện khi kết quả không được gửi qua mail mà phải sao chép vào cd,0
đây là cơ sở 1 nơi tập trung các văn phòng chính của trường hầu hết sinh viên theo học tại cơ sở này là sinh viên năm 34 và các hệ thống chất lượng cao các chương trình tiên tiến và các trường cao đẳng cơ sở vật chất tương đối đầy đủ cs1,2
trường tệ lắm cs1 nhìn cũ nhưng phòng học đầy đủ tiện nghi máy lạnh thì lạnh ngắt,0
yêu trường tự nhiên nhất,2
tôi thấy trường rất đẹp xung quanh có nhiều cây xanh đường sá sạch đẹp và rất hấp dẫn nếu có dịp đến đây bạn nên đến trường này trường rất tốt,2
trường nằm trong khối các trường đại học quốc gia với chất lượng giảng dạy tốt và học phí thấp,2
trong khuôn viên trường nhiều loại cây cảnh được trồng tạo nên cảnh quan xanh cho toàn trường trường đại học khoa học tự nhiên là trường có khuôn viên đẹp nhất trong các trường đại học ở phía nam,2
những buổi chiều mát mẻ ở trường,2
không có nơi nào giống như ngôi trường u thân yêu của chúng ta,2
đã học ở đây một ngôi trường tuyệt vời,2
trường đại học khoa học tự nhiên đã quá quen thuộc với tôi sau 25 năm đầu tiên đến trường năm nay trường đã khác nhiều các dải ở giữa đã được sửa lạik,2
trường rộng học phí rẻ chất lượng đào tạo tốt các tình nguyện viên rất chu đáo trong việc hướng dẫn học viên mới,2
ngôi trường tôi đang theo học rất tốt về phương pháp giảng dạy chương trình đào tạo và các hoạt động đoàn thể,2
có nhiều góc chụp ảnh đẹp có căng tin lớn và ngon wifi miễn phí khắp nơi tuyệt vời,2
một thời kỷ niệm với ngôi trường này yêu thương học sinh,2
trường đại học khoa học tự nhiên tiếng anh university of science là một trong những trường đại học công lập hàng đầu về đào tạo các ngành khoa học cơ bản tại miền nam việt nam trường trực thuộc hệ thống đại học quốc gia thành phố hồ chí minh,2
xin vui lòng trả lại đơn xin nghỉ học nhưng làm việc trong cả tháng và đóng tiền cho giấy nghỉ học khi được hỏi họ được trả lời rằng họ đang ở cs2 nếu họ muốn nhận được họ phải đợi đến đợt thông báo tiếp theo,0
khuôn viên trường quá nhỏ và hẹp,0
khuôn viên trường thoáng mát cơ sở vật chất ngày càng được trang bị các trang thiết bị tốt nhất phục vụ cho nhu cầu sinh hoạt học tập nghiên cứu của cán bộ giảng viên nhân viên và sinh viên trong trường,2
tôi hy vọng nhân viên bãi đậu xe có thái độ tốt hơn khi tôi đi đỗ xe tôi cảm thấy như mình đang cầu xin tôi bị bắt nạt đẩy xe chửi thề vào mặt đi dự lễ tốt nghiệp và mất hết hứng thú,0
trường học tuyệt vời có thể sống ảo cơ sở hạ tầng cơ khí hiện đại và giảng viên có trách nhiệm,2
một ngôi trường cổ kính đẹp đẽ ở miền nam nơi đã từng đào tạo ra nhiều nhân tài cho đất nước,2
trường cũ trở lại sau 8 năm,2
an ninh bãi đậu xe cho sinh viên bị ám ảnh bởi quyền lực những chiếc xe được xếp rất gần nhau những cô gái tay chân yếu ớt không thể lấy được thái độ đứng và chửi thề,0
một trong những trường đại học chất lượng tốt nhất tại tphcm không chỉ là nơi học tập của sinh viên đây còn là nơi ngồi hóng gió và đặc biệt có ghế cho fa,2
đỗ xe luôn là một nỗi đau ở trường học có rất nhiều kiến trúc cổ,0
ngôi trường chất lượng mà tôi đã học,2
tôi được phân công dạy một môn khoa học nhưng vì tôi biết môn này có thể kết hợp với một môn khoa học xã hội để bài học phong phú hơn nên tôi được thông báo rằng học sinh đó không thể thích nghi và đã đổi sang một giáo viên khác,0
một trong những trường đào tạo cntt tốt nhất ở khu vực phía nam,2
nơi đào tạo nhiều nhân tài cho đất nước,2
trường đẹp giảng dạy tốt,2
ngôi trường tôi đã theo học mặc dù không hoàn hảo nhưng là ngôi trường tốt nhất trong số những ngôi trường tôi đã theo học,2
trường học là cái nôi đào tạo các nhà khoa học,2
được học ở đây là niềm tự hào của tôi cũng như các sinh viên khác,2
trung tâm thông tin của trường đại học khoa học tự nhiên rất tệ tôi đã học chương trình trực tuyến của trung tâm nhưng tôi đợi mãi mà không thấy trung tâm gửi cho tôi đường link tham gia lớp học trực tuyến liên hệ lần thứ ba mất,0
tôi đã thi đỗ vào năm 2019 học chương trình chung học phí của khoa tôi khoảng 12 triệunăm rất rẻ chất lượng đào tạo cũng rất tuyệt vời tùy từng người mà giảng viên sẽ khác nhau nhưng hầu hết các giảng viên tôi đều tuyệt,2
ngôi trường tuyệt vời đào tạo ra nhiều thế hệ người tài cho đất nước như tôi,2
cách làm việc của trường rất quan liêu và không tôn trọng học sinh trong thời gian thực hiện 16 của thủ tướng mọi người không được đi lại trên trang web của trường có số điện thoại thông báo rằng trường là,0
khuôn viên trường rất thoáng mát vị trí có tuyến xe buýt thuận tiện cho sinh viên di chuyển bên cạnh đó trường cũng là nơi tổ chức các sự kiện hướng nghiệp quan trọng cho sinh viên,2
đi vòng quanh bản đồ và gặp lại trường cũ của bạn đây là nơi tôi học những dòng mã và thuật toán đầu tiên trước khi bước vào nghề một trong những trường đào tạo cntt hàng đầu khu vực phía nam 3,2
trường mà tôi đã tốt nghiệp ngành cntt trước đây là ở đây chương trình đào tạo tại khtn rất tốt và giúp tăng khả năng sáng tạo của sinh viên nếu bạn quan tâm đến cntt thì khtn là một lựa chọn rất tốt cho bạn bên cạnh bách khoa và fpt,2
môi trường tuyệt vời để đáp ứng thời hạn và tận hưởng cảm giác chết lặng một chút bên trong khi điểm cuối cùng đạt 49 tôi yêu trường của tôi 3000 3,2
trường đại học khoa học tự nhiên tên tiếng anh university of science viết tắt là us là một trong những trường đại học công lập hàng đầu về đào tạo các ngành khoa học cơ bản ở miền nam việt nam là trường thành viên của đại học quốc gia thành phố hồ chí minh,2
học phí rẻ chất lượng dịch vụ tốt giáo viên nhiệt tình khuôn viên trường cổ kính với trang thiết bị hiện đại một ngôi trường đáng để theo học,2
trường cũ đẹp nhà vệ sinh hơi khó tìm nên hỏi bảo vệ trước học phí rẻ học sinh mới đi từ bến xe miền đông nên đi xe buýt số 14 đến ngã tư cộng hòa rồi đi bộ về trường không nên đi xe ôm tốn kém,0
về chất lượng giảng dạy mình học chuyên ngành cntt nên chỉ có thể đánh giá giảng viên cntt nhìn chung giảng viên ở đây có trình độ chuyên môn cao phong cách trẻ trung gần gũi với sinh viên,2
một trong những trường đại học khoa học hàng đầu tại việt nam,2
trường khá rộng với nhiều dãy nhà nhưng được liên kết với nhau thiết kế khoa học để học sinh không phải mất thời gian đi từ nhà này sang nhà khác các phòng thí nghiệm phòng thực hành được trang bị đầy đủ,2
trường hàng đầu về khoa học cơ bản dành cho những bạn đam mê khoa học và thích du học học sinh sinh viên có nhiều chương trình hoạt động hấp dẫn nhiều cơ hội học tập và trao đổi sinh viên với các trường quốc tế giáo viên nhiệt tình vui vẻ,2
tôi đã học cntt ở đây đừng lo lắng nếu bạn không có bất kỳ kiến thức nào về cntt vì chúng tôi sẽ cung cấp cho bạn chương trình đào tạo phù hợp ngay từ đầu tôi đã học từ những giáo viên đã truyền cho tôi kiến thức nền tảng rất vững chắc để tôi có thể tự học trong tương lai,2
là một trong những trường lâu đời của đại học quốc gia thành phố hồ chí minh tách ra từ đại học tổng hợp không gian trường rộng rãi thoáng mát rợp bóng cây xanh đội ngũ giảng viên giảng dạy nhiệt tình chu đáo luôn giúp đỡ sinh viên khi cần,2
tôi là sinh viên trường khoa học tự nhiên cơ sở 1 nguyễn văn cừ có vẻ đẹp cổ kính yên tĩnh trường không chỉ đào tạo ra những sinh viên khoa học giỏi mà còn có các hoạt động ngoại khóa nâng cao kỹ năng và hội chợ việc làm bổ ích,2
trường đại học khoa học tự nhiên đại học quốc gia thành phố hồ chí minh là một ngôi trường hiện đại với đội ngũ giảng viên tài năng nhiệt huyết và tận tụy khuôn viên trường có phần cổ kính với kiến trúc pháp nhiều phòng thí nghiệm nơi đào tạo nên những nhân tài của đất nước tôi yêu ngôi trường này,2
đã từng là sinh viên của trường các giáo viên khoa môi trường rất tận tâm và chất lượng bài giảng của họ rất tốt,2
khuôn viên trường tương đối rộng rãi nằm ngay trung tâm thành phố có nhiều chuyên ngành và được khuyến khích theo học bậc đại học,2
sau khi tốt nghiệp mỗi lần đi qua tôi đều hồi hộp như lần đầu tiên bước chân vào trường cơ sở vật chất của trường có thể không tốt bằng nhiều trường quốc tế nhưng không thiếu kiến thức,2
khuôn viên trường đẹp và rộng tuy không đẹp bằng cơ sở ngoài thủ đức nhưng đây cũng là ngôi trường có nhiều không gian xanh học sinh có điều kiện học tập tốt hơn,2
có một người giữ xe béo thường ngồi ở cửa hầm rất thô lỗ và vô học chúng tôi hy vọng ban quản lý sẽ phối hợp với trường đại học khoa học tự nhiên để tìm một người phù hợp hơn không thể có một,0
đây là trường đại học lớn trực thuộc đại học quốc gia thành phố hồ chí minh thành phố hồ chí minh chuyên đào tạo theo hướng nghiên cứu trong các lĩnh vực khoa học trường có bề dày lịch sử và đội ngũ giảng viên trình độ cao,2
khi tôi còn nhỏ hai bữa một ngày là bình thường yêu quê hương qua từng chai rượu lớn nhỏ ai nói lai tạp là khổ,1
đây là cơ sở 1 của trường trường đại học khoa học tự nhiên là trường trực thuộc đại học quốc gia tphcm nơi đây cũng mang dáng dấp cổ kính của pháp và cũng là nơi đào tạo ra nhiều nhân tài cho đất nước,2
trường có quang cảnh đẹp nhiều cây xanh thoáng mát những ai yêu thiên nhiên hít thở không khí trong lành thì hãy đến với cơ sở linh trung thủ đức,2
bạn sẽ không cảm thấy hối tiếc khi bước vào ngôi trường cổ kính và hàn lâm này tất nhiên không giống như một số trường khác bạn có thể tự do đi vào và chơi mà không bị hỏi về thẻ sinh viên hay bất cứ điều gì ở đây họ không cấm bạn,2
trường có lịch sử lâu đời và liên kết với pháp cơ sở vật chất rất tốt hãy đến đây nếu bạn muốn tìm kiếm thêm cơ hội,2
tôi có một người bạn đã tốt nghiệp trường này và khen ngợi trường rất nhiều các giáo viên tận tâm giảng dạy tốt và theo sát thực tế,2
năm 1996 trường đại học khoa học tự nhiên được chính thức thành lập theo quyết định số 1236gdđt ngày 30 tháng 3 năm 1996 của bộ giáo dục và đào tạo trên cơ sở tách ra từ trường đại học tổng hợp thành phố hồ chí minh,1
1001 lý do khiến tên gọi đại học khoa học tự nhiên chưa bao giờ hạ nhiệt,2
mình là học sinh năm nhất của trường3 ngôi trường đại học mình mơ ước khi lần đầu nghe tên trường hồi cấp 33,1
trường học rộng rãi hiện đại giáo viên giỏi,2
đây là một trường đại học khá mạnh tại thành phố ngành đào tạo chính của trường là công nghệ thông tin đã giành được nhiều giải thưởng và có thứ hạng cao trên toàn quốc và khu vực,2
đây là một trong những trường đại học được mở sớm nhất ở miền nam trước năm 1975 trường có tên là trường đại học khoa học sài gòn faculté de science sau đó là đại học tổng hợp và sau đó tách thành 2 trường đại học khoa học đại học khoa học tự nhiên và,1
một số khối lớp học đã được xây dựng mới và cải tạo một số khối lớp học khác đã cũ và có dấu hiệu xuống cấp nhà trường đã xây dựng thêm nhiều cơ sở tại làng đại học thủ đức hiện đại hơn,2
lịch sử lâu đời với đội ngũ giáo viên xuất sắc chúng tôi hy vọng rằng trường sẽ sớm trở thành trường số 1 châu á và không chỉ mãi ở vị trí hiện tại,2
trường có khuôn viên nhỏ nhưng sạch sẽ và đẹp đây là nơi lý tưởng cho những ai muốn theo đuổi khoa học một cách nghiêm túc,2
trường dạy tốt nhưng nhiều kiến thức đã lỗi thời và không phù hợp với doanh nghiệp thực tế cơ sở vật chất cũ không đáp ứng được nhu cầu nghiên cứu của sinh viên,0
môi trường học tập tốt nhưng học phí cao do tính tự chủ cần cân nhắc khi vào trường,0
trường rộng rãi và chất lượng đào tạo tốt,2
trường đẹp sảnh lớn wifi để làm việc nhóm có hội sinh viên đằng sau tiệm photocopy ở cổng sau trường nếu ai chưa biết 2 giảng đường lớn,2
bên ngoài cổ kính nhưng bên trong thoải mái cơ sở vật chất cung cấp gần như đầy đủ trang thiết bị phục vụ cho việc học tập nghiên cứu ăn uống,2
mặc dù trường đại học khoa học tự nhiên đào tạo khá tốt và có nhiều người tài năng nhưng khuôn viên trường ở thành phố khá chật chội ít cây xanh và nơi tự học khác xa so với trường ở thủ đức,0
ngôi trường của cuộc đời sinh viên của tôi mặc dù tôi không còn là sinh viên của trường nữa nhưng tôi vẫn gắn bó với ngôi trường và những người bạn ở đây tự hào khi được là sinh viên của trường,1
là một trong những trường đại học lớn tại việt nam mặc dù cơ sở vật chất còn khá cũ nhưng chất lượng đào tạo rất tốt và uy tín,2
đi học vẫn giữ được chất lượng cũ trường nhiều cây xanh và rất mát mẻ tuy nhiên bãi gửi xe hơi chật,2
một ngôi trường tuyệt vời để học tập tôi yêu ngôi trường khoa học và công nghệ này,2
tôi đã thi khoa học máy tính ở đây trường trông rộng và khá sạch sẽ lệ phí thi máy tính rẻ hơn so với những nơi tổ chức thi khoa học máy tính khác như đại học sư phạm kỹ thuật và đại học ngân hàng,2
ký túc xá quân đội 1 có 9 tầng không có thang máy không đáp ứng được nhu cầu của học viên,0
nằm ở đầu quận 5 cuối quận 1 nên có lợi thế về địa hình khuôn viên trường rất rộng thuận tiện cho sinh viên nghỉ ngơi và học tập,2
trường đại học rộng rãi và mát mẻ chất lượng tốt,2
xin chúc mừng các bạn sinh viên mới tốt nghiệp khoa học tự nhiên chúc các bạn trở thành những người có ích cho xã hội có đức và tài là con người thực sự mà xã hội này cần thiếu một trong hai yếu tố này chỉ là một tầng lớp thấp kém mà xã hội này đã có quá nhiều,2
cơ sở vật chất ổn giảng viên nhiệt tình phí gửi xe 4k hơi cao so với sinh viên căng tin sạch sẽ,2
trường có khuôn viên rộng rãi yên tĩnh đào tạo nguồn nhân lực làm việc trong lĩnh vực tự nhiên,2
vị trí dễ tìm,2
trường có khuôn viên khá đẹp đến đây mọi người sẽ hiểu được ý nghĩa của từ tự do,2
tuy điểm đầu vào không cao nhưng quá trình học tập ở đây đòi hỏi rất nhiều nỗ lực vì chương trình rất nặng cơ sở vật chất tốt và đầy đủ hơn nhiều so với các trường khác,2
địa điểm đẹp cơ sở vật chất đầy đủ nhưng hy vọng sẽ được cung cấp đầy đủ hơn và các lớp học sẽ được trang trí lại 3,2
được biết trường đào tạo chất lượng đây là trường quốc gia xuất sắc bên cạnh là trường đại học sư phạm,2
một ngôi trường cổ kính nhiều cây xanh là nơi đào tạo các nhà khoa học trẻ ở miền nam,2
5 sao vì nó rất tốt học sinh có ý thức tốt,2
đây là trường đại học hàng đầu việt nam đào tạo chuyên ngành khoa học x quang và khoa học tự nhiên,2
ngôi trường này có lịch sử lâu đời môi trường giáo dục tốt và khuôn viên rộng rãi thoáng mát,2
chất lượng đào tạo tốt đội ngũ kỹ sư tốt nghiệp được trang bị kiến thức cơ bản rất tốt,2
là một môi trường tốt để trưởng thành đây cũng là nơi gắn bó với tôi trong suốt thời sinh viên,2
trường có quang cảnh đẹp học sinh chăm chỉ đội ngũ giáo viên chất lượng cao,2
mặc dù tôi không học ở trường này nhưng tôi có rất nhiều kỷ niệm về kỳ thực tập của mình cảm ơn bạn rất nhiều,2
ấn tượng trong cuộc sống cảm ơn trường học,2
tôi đang học tại trường chất lượng giảng dạy rất tốt phát huy tinh thần tự học,2
là thành viên của đại học quốc gia ba lĩnh vực chính là vật lý hạt nhân cntt và công nghệ sinh học,1
là nơi đào tạo ra những sinh viên chất lượng uy tín sinh viên tốt nghiệp có nhiều việc làm,2
hầu hết là giảng viên đến từ miền bắc trường làm việc nhanh chóng và hiệu quả hỗ trợ sinh viên rất tốt,2
chất lượng đào tạo rất tốt môi trường năng động,2
tôi đã làm bài kiểm tra tiếng anh ở đây không gian yên tĩnh cơ sở vật chất hiện đại nhưng có vẻ ngoài cổ kính,2
khuôn viên trường khá rộng và nằm ở trung tâm thành phố với môi trường học tập tốt,2
nơi tôi học và là ngôi trường đáng được tôn vinh,2
trường đại học khoa học tự nhiên là một ngôi trường lâu đời có truyền thống giảng dạy và học tập,2
kiến trúc cổ điển hàn lâm,2
đại học khoa học và công nghệ với mức lương đáng mơ ước nên học tập và phát triển sự nghiệp,2
khuôn viên trường đẹp và thoáng mát một trong những trường nổi tiếng của đại học quốc gia,2
tôi muốn biết thông tin về học phí của trg ntn bạn có thể cho tôi biết không,1
một trong những trường đại học lâu đời và danh tiếng nhất tại thành phố hồ chí minh,2
khoa khoa học tự nhiên là nơi tuyệt vời cho những người đam mê nghiên cứu,2
em hy vọng nhà trường sẽ thắt chặt hơn nữa quy định cho phép học sinh từ các trường khác vào trường tự do,1
đại học quốc gia hà nội nơi mơ ước của các quý bà,1
trường đại học chất lượng tốt đội ngũ giáo viên tận tụy với nghề,2
trường đại học khoa học tự nhiên thành phố hồ chí minh cơ sở 2 tại quận thủ đức thuộc các trường đại học quốc gia,1
tiện ích khá tốt vị trí trung tâm đông đúc thuận tiện đi lại,2
đại học khoa học tự nhiên là một bộ phận lớn và uy tín của đại học quốc gia,2
có một khoa cntt đào tạo nguồn nhân lực rất giỏi,2
quay lại trường để nhận bảng điểm,1
trường anh hùng tôi tự hào là học sinh của trường,2
trường đại học tốt và uy tín tại thành phố hồ chí minh,2
sạch sẽ đẹp mát mẻ rất hiệu quả cho việc học tập,2
nằm ở trung tâm nhưng vẫn mang nét cổ kính và đẹp đẽ,2
trường học rất tốt cho sinh viên việt nam,2
trường dạy rất tốt và thực tế,2
cơ sở 2 của trường đại học khoa học tự nhiên,1
trường đại học khoa học tự nhiên đẹp quá các bạn ạ,2
trường đẹp đầu tư kỹ thuật rất tốt,2
trường tốt nhiều giảng viên giỏi dạy tốt,2
cơ sở vật chất cũ,0
khá đẹp diện tích hơi nhỏ,0
trường đại học có chất lượng cao,2
trường tôi là số 1,2
ngôi trường đẹp cổ kính,2
giáo viên giỏi trường đẹp,2
đào tạo chuyên môn tốt,2
tcy u c e ty,1
oksố lượngtốt,2
tôi là cựu sinh viên ở đây những kỷ niệm tuyệt vời với bạn bè ở đây nhưng giáo viên hơi tự cho mình là đúng với cái tôi cao như núi trường học có thể có cơ sở vật chất và chương trình giảng dạy tốt hơn,0
các khóa học sư phạm miễn phí của trường đại học này là nguồn tài nguyên tuyệt vời cho bất kỳ ai quan tâm đến việc tìm hiểu thêm về giảng dạy và học tập các khóa học được thiết kế tốt và nhiều thông tin bao gồm nhiều chủ đề liên quan đến cả,2
hcmue tôi yêu,2
nói một cách đơn giản trường đại học này tự hào có những sinh viên giỏi nhất và thông minh nhất với chương trình giảng dạy và hoạt động ngoại khóa tích cực nhất một nơi tuyệt vời để sinh viên giao lưu và kết nối nhưng ngoài điều đó ra bạn sẽ thấy cơ sở vật chất và lớp học đáng thất vọng,2
quản lý của họ mang tính quan liêu và máy móc vẫn chưa đạt tới tư duy tiên tiến và đổi mới sáng tạo,0
thật tuyệt nhưng dịch vụ không tốt,0
trường đại học lớn tòa nhà đẹp và nhiều người,2
tôi thích những tòa nhà ở đó nhưng chỉ vậy thôi,2
rất bẩn và nhiều muỗi,0
một trường đại học tuyệt vời đào tạo giáo viên,2
trường của tôi rất tốt,2
yêu trường đại học này,2
nơi tốt cho giáo dục,2
chuẩn rồi,1
giảng viên tốt,2
khoảnh khắc của sinh viên,1
khi tôi đến hỏi thông tin về đào tạo tôi gặp một bà lão chỉ dẫn như lên mạng xem vậy tại sao mọi người lại đến tận đây đúng là chúng ta cần họ cho các dịch vụ trường công nhưng họ không cần chúng ta,0
đánh giá về trường đại học sư phạm thành phố hồ chí minh cơ sở 1 280 an đức vương phường 4 quận 5 thành phố hcm,1
lâu lắm rồi mới quay lại đây biết bao kỷ niệm tuổi thơ nhớ nhung khôn nguôi nhưng giờ đã khác rất nhiều biết bao kỷ niệm ùa về biết ơn trường đại học sư phạm thành phố hồ chí minh,2
trường rộng góc nào cũng có học sinh nhà ăn mát mẻ nhiều món ăn lớp học có máy lạnh nhưng không hiểu sao lại không bật,0
trường đẹp rộng rãi thoáng mát gần trung tâm thành phố thuận tiện di chuyển,2
máy lạnh thì đông cứng trang web đăng ký khóa học thì như một ông già 90 tuổi lịch học được ấn định lúc 800 sáng nhưng đến 1000 sáng vẫn chưa có thật là tự phụ khi nói rằng trường l là một trường vô danh,0
khi tôi tham dự lễ tốt nghiệp của chị gái điện thoại của tôi bị trộm khỏi túi khi tôi đến báo cảnh sát phường tôi được thông báo rằng đây là vụ việc thứ n trong hai ngày qua cảnh sát thậm chí còn nói rằng trường học là,0
tôi thực sự nhớ thư viện cơ sở lê văn sĩ với không gian cổ kính và thân thiện tôi dành nhiều thời gian ở thư viện vì cảm nhận được sự nhiệt tình của các thầy cô,2
được một cựu học sinh mời đến trường để trải nghiệm căng tin 5 sao với các món ăn siêu đa dạng mà giá cả lại rất phải chăng đúng là căng tin có rất nhiều món ăn đồ uống như mì cơm đồ ngọt trái cây thập cẩm,2
trường học thoáng mát cơ sở vật chất hiện đại xung quanh có rất nhiều đồ ăn căn tin cũng bán rất nhiều đồ ăn ngon giá rẻ phù hợp với học sinh,2
hôm nay tôi tình cờ được một người bạn là sinh viên trường đại học sư phạm giới thiệu đến trường ấn tượng đầu tiên của tôi là trường rất thoáng mát sạch sẽ cơ sở vật chất tốt và có bầu không khí rất học đường khiến tôi cảm thấy,2
bên cạnh việc máy điều hòa ở nhà b là hàng hiệu tầng 10 của tòa nhà c khá bí ẩn căng tin trường hết đồ ăn trước khi kịp phục vụ và bãi đỗ xe có thể lấy mất mũ bảo hiểm của bạn bất cứ lúc nào còn có,0
trường đã thay đổi rất nhiều và có nhiều lớp học không có ngăn kéo bàn học tiện lợi nhà ăn để đồ ăn qua đêm và trải nghiệm khá thất vọng,0
ưu điểm ở đây có nhiều thang máy trường tôi học ở hàn quốc không có thang máy nên tôi thấy đây là một ưu điểm lớn nhược điểm để bắt xe buýt về nhà sau giờ học bạn phải băng qua đường chính từ,0
khuôn viên trường rộng bãi đậu xe rộng rãi có nhiều câu lạc bộ trong trường,2
đây là lần đầu tiên nhà trường thay đổi hình thức thanh toán lệ phí thi sang momo thí sinh vừa phải trả thêm phí giao dịch momo bị lỗi không cho người dùng dừng ở bước chỉnh sửa nội dung thanh toán và nhảy sang,0
chất lượng giảng dạy tốt giảng viên tận tâm bên cạnh đó trường có mức học phí rất hợp lý đây là nơi lý tưởng để làm việc và phát triển bản thân,2
tôi là người ngoại bang nhưng tôi thực sự thích trường csvc sang trọng rộng rãi và khiến chân bạn mỏi mọi nơi đều rộng rãi trường được trang trí khá đẹp có nhiều cây xanh một số nơi được trang trí bằng,2
tôi đã đến đây để dự lễ tốt nghiệp của em trai tôi công tác tổ chức và sắp xếp của trường khá yếu không có hướng dẫn về cách di chuyển người thân đến hội trường các giáo viên và sinh viên tốt nghiệp,0
câu lạc bộ rộng rãi thoáng mát nhiều tiện ích,2
là trường sư phạm lớn nhất miền nam cơ sở vật chất tốt đặc biệt là tòa nhà b mới xây thoáng mát một số giáo viên còn vướng mắc về mặt hành chính thủ tục giấy tờ của học sinh khá khó khăn,0
ngôi trường rộng rãi có những bậc thang rất cao trông khá ấn tượng,0
trường đại học sư phạm thành phố hồ chí minh tên giao dịch tiếng anh ho chi minh city university of pedagogy hoặc ho chi minh city university of education là trường đại học công lập lâu đời chuyên đào tạo ngành sư phạm tại thành phố hồ chí minh việt nam,2
nhìn chung trường khá rộng rãi và thoáng mát nằm đối diện trường đại học sài gòn đến ngã tư an dương vương và nguyễn văn cừ bạn có thể dễ dàng nhìn thấy trường từ phía bên trái trước cổng trường có nhiều tiệm in ấn photocopy,2
nhân sự thiếu hụt sau đó mọi thứ mất nhiều thời gian và chậm trễ nhưng hãy nhanh chóng lấy tiền,0
nhà để xe khá rộng rãi không gian thoáng mát nhưng ít cây xanh,2
nơi đào tạo giáo viên tốt nhất khu vực phía nam,2
sinh viên khoa khoa học tự nhiên có dịp ghé qua pedagogy để chụp ảnh pedagogy hôm nay đẹp quá đi đâu cũng thấy hoa và học sinh dễ thương,2
trường tốt và cơ sở vật chất đầy đủ tôi rất vui khi được vào trường ngoại trừ việc tuyển sinh rất khó khăn các khía cạnh khác đều ổn,2
thống kê ứng dụng trong nghiên cứu khoa học xã hội psyc171805 yêu cầu sử dụng phần mềm spss nhưng sử dụng phiên bản crack các trường nên cân nhắc trả tiền bản quyền cho sinh viên,0
ngôi trường khá rộng rãi và thoáng mát có nhiều tiện nghi,2
bao nhiêu hy vọng đã tan thành mây khói tôi đã học xong và thi vào tháng 1 năm 2023 nhưng đến ngày 18 tháng 8 anh ấy vẫn chưa được xét tốt nghiệp mặc dù tôi có đủ điểm,0
một ngôi trường toàn diện đẹp,2
cơ sở vật chất và môi trường giáo dục hiện đại,2
học phí của trường ổn giảng dạy tốt,2
trường đẹp rộng rãi hôm nay mới nộp kết quả thi vui quá,2
trường học thân thiện khuôn viên trường rộng rãi rất thuận tiện cho việc học tập,2
khuôn viên trường rộng rãi và thoáng mát,2
là một trường đại học nổi tiếng tại sài gòn trường có kiến trúc đẹp rộng rãi sạch sẽ sân trường rộng mát mẻ có đội ngũ giảng viên tài năng tận tụy tất cả sinh viên tốt nghiệp đều có việc làm như,2
chương trình giảng dạy đã lỗi thời thiếu cập nhật không chú trọng thực hành mà tập trung vào học lý thuyết liệu sinh viên giỏi lý thuyết có đủ để thu hút nhà tuyển dụng hoặc doanh nghiệp ngày nay không chưa kể đến sự rườm rà và không thân thiện,0
một ngôi trường với nhiều kỷ niệm một nơi đáng nhớ trong cuộc đời,2
có nhiều bí mật ẩn giấu không thể nói và mô tả hết được chắc chắn nhà trường sẽ hiểu,0
rất tốt giáo viên tuyệt vời cơ sở vật chất ổn,2
ngôi trường khá mới vì nó vừa được cải tạo,2
ngày hay đêm có nhiều học sinh học có bãi đậu xe rộng giá 4k rất tiện lợi vì gần đường phòng học rộng rãi sạch sẽ vệ sinh phòng giáo viên dễ tìm,2
thỉnh thoảng đi ngang qua trường mình lại nhớ trường quá,1
bãi đậu xe rộng rãi sạch sẽ lớn có chỗ đậu xe ô tô,2
một nơi tôi thường đến để làm việc một nơi mà bạn có thể cảm nhận được niềm đam mê của sinh viên và giáo sư,2
ước mơ của nhiều sinh viên,2
hai bên đường trước cổng trường đại học sư phạm bán rất nhiều mặt hàng tôi ghé qua thử bò bía khô mực lòng vịt bí ngồi to dài bằng bàn tay nhân bên trong hơi nhỏ nên không,1
tòa nhà trường học tương đối sạch sẽ có căng tin và nhà ăn có chương trình tiếng việt 4 năm để người nước ngoài có thể học,2
trường có nhiều hoạt động cho sinh viên có khu tự học rộng rãi cơ sở vật chất rất tốt đội ngũ giảng viên của trung tâm ngoại ngữ cũng rất chất lượng được trở thành sinh viên của trường là ước mơ của tôi cũng như của nhiều người khác,2
câu hỏi trường có bãi đỗ xe không đến cổng đường an dương vương đúng không,1
cơ sở trông có vẻ lớn nhưng bên trong lại trống rỗng có máy điều hòa nhưng không bật giáo viên đến muộn và về sớm thủ tục thì quan liêu hỏi khoa và khoa sẽ chuyển lên khoa hỏi khoa,0
học ở đây nhiều kỷ niệm quá,1
ngôi trường xinh đẹp này tọa lạc trên đường an dương vương đối diện trường đại học sài gòn,2
trang đăng ký khóa học tệ đến mức trang web sập và sinh viên mất ngủ tôi nói về tất cả các học kỳ bao gồm cả học kỳ hè,0
ngôi trường này rất tốt đúng với tên gọi giáo dục,2
tốt trường đào tạo giáo viên tương lai học phí không đắt có khu vực tự học và các tiện nghi trong trường như ngân hàng nhà hàng và siêu thị,2
đây là trường đại học đào tạo giáo dục hàng đầu miền nam hai từ khóa về môi trường này là năng động và sáng tạo,2
cổng chính nằm trên đường an dương vương có một cổng phụ trên đường nguyễn văn cừ nhưng không mở hiện nay trường đang xây dựng và cải tạo nhiều tòa nhà nên diện tích lớn,1
thật sự rất bực mình khi phải viết những lời này tôi đã bỏ qua những cố vấn thiếu chuyên nghiệp ở trường và đăng ký khóa học shk3 tại trường vì tôi nghĩ điều quan trọng cần học là tôi và giáo viên đã,0
trường đào tạo giáo viên các cấp và cán bộ quản lý giáo dục trường mới được xây dựng lại cách đây vài năm nên vẫn còn mới và thoáng mát có khu vực học tập tập thể dưới sân cho học sinh sáng kiến hay,2
nếu ai có bản đồ của trường thì đăng lên nhé mình sẽ tìm hall e301 nhưng hỏi 34 người thì không ai biết mình đi bộ chán lắm,0
muốn vào trường nv1,1
cơ sở vật chất tốt nhưng không chú trọng đến sinh viên cụ thể là sinh viên không có không gian tự học hay phòng ngủ chất lượng,0
trường được xây dựng rất đẹp theo phong cách châu âu có nhiều bãi đậu xe nhiều nhà vệ sinh tương đối tốt có nhiều hội trường lớn đẹp để học sinh học tập tập nhảy hoạt động nhóm và ngủ,2
ở trường đại học sư phạm thành phố hồ chí minh tôi thích nhất là khu tự học bàn ghế sạch đẹp,2
nhân sự thiếu nhưng thích tiếp quản sau đó mọi thứ mất nhiều thời gian và bị chậm trễ nhưng hãy nhanh chóng lấy tiền,0
đây là trường đại học lớn nhất của thành phố,2
ngôi trường vẫn giữ được một số nét cổ kính sau khi được xây dựng lại và là nơi đào tạo giáo viên uy tín của thành phố,2
trường đại học sư phạm thành phố hồ chí minh là một trong những trường đại học trọng điểm quốc gia đào tạo sau đại học tổ chức nghiên cứu về giáo dục và các ngành khoa học khác phục vụ nhu cầu đào tạo giáo viên chất lượng cao nhu cầu nghiên cứu khoa học tiên tiến,2
trường đào tạo uy tín nhất miền nam đào tạo học viên chuyên nghiệp với đội ngũ giảng viên uy tín và chất lượng tôi đã từng học tại trường này đánh giá rất tốt,2
tôi không biết học phí ở đây là bao nhiêu bạn có thể cho tôi biết học phí không tôi thấy trường rất đẹp và thoáng mát,2
sinh viên ngành giáo dục hào hứng tham gia ngày chủ nhật xanh,2
trường mạnh về mọi mặt quan hệ công chúng thì không nhưng thành thật mà nói công tác đào tạo của trường rất rất tệ thông tin tuyển sinh danh sách tuyển sinh và hướng dẫn không thấy đâu cả nếu bạn có bất kỳ câu hỏi nào,0
là một ngôi trường hàng đầu về đào tạo sư phạm tại việt nam trường đại học sư phạm thành phố hồ chí minh luôn tiên phong trong chủ trương đổi mới phương pháp dạy và học cải tiến trang thiết bị để đào tạo ra thế hệ sinh viên ưu tú nhất,2
một trường đại học có lịch sử lâu đời khối lớp học ở mặt tiền đường an dương vương mới được xây dựng khang trang trang thiết bị mới và hiện đại tuy nhiên các khối lớp học bên trong rất cũ một số khối lớp học nằm sâu bên trong,0
khi còn là sinh viên tôi thường đi phát tờ rơi rồi học tiếng anh ở đây tôi có những người bạn từ hồi phổ thông cũng học ở trường này nên tôi rất vui khi được gặp họ ký ức về cuộc sống sinh viên năm 2006,2
một trong hai trường sư phạm trọng điểm của việt nam nên không có nhiều tranh cãi về chất lượng đào tạo các phòng học tại cơ sở chính này đã được nâng cấp rất nhiều và khối nhà b cũng đang được xây dựng lại khá hoành tráng chỉ có lớp học trực tuyến,2
chất lượng giảng dạy ổn không chú trọng nhiều vào thực hành chủ yếu là lý thuyết bên cạnh đó thủ tục hành chính rất phức tạp chạy từ phòng này sang phòng khác trang trực tuyến khi đăng ký khóa học luôn bị sập khiến sinh viên,0
trường cũ của tôi tôi vẫn nhớ lúc tôi chờ bảo vệ mở cửa hoặc bị bảo vệ đuổi ra khỏi phòng,0
lần đầu quay video không gian rộng rãi mát mẻ hơn nữa phía sau còn có một khối kiến trúc cổ nên cực kỳ đẹp,2
đã đào tạo ra những giáo viên hàng đầu trong lĩnh vực sư phạm cho toàn quốc học sinh ngoan ngoãn hiền lành chăm chỉ giáo viên yêu nghề,2
đây là một ngôi trường lớn với sân trường rất rộng có căng tin khu tự học và nhà vệ sinh ở mỗi tầng thang máy với nhiều phòng học sạch sẽ và thoáng mát,2
là trường chuyên đào tạo sư phạm ngoài các chuyên ngành sư phạm trường còn đào tạo nhiều chuyên ngành khác như tiếng anh tâm lý bản thân tôi trước đây đã thi tuyển vào trường này nhưng không đỗ,2
trời hơi nóng,0
trường nhìn bên ngoài thì đẹp nhưng bên trong cũng bình thường ưu điểm là mỗi dãy đều có thang máy để học sinh lên xuống cầu thang về cách làm việc thì phải nói là tệ nói đến thủ tục hành chính thì đây là vấn đề chính,0
điểm mạnh đào tạo bài bản theo quy định cũ chuyên sâu hạn chế tư duy chung vẫn còn lạc hậu chưa hiện đại nhiều giảng viên có kiến thức sâu rộng nhưng phương pháp giảng dạy quá cũ không hấp dẫn,0
một trong những cơ sở tiên phong trong lĩnh vực đào tạo giáo viên phổ thông cho khu vực phía nam,2
là một trường học có trụ sở tại việt nam,2
ngôi trường có kiến trúc khá đẹp,2
một ngôi trường tuyệt vời môi trường học tập thân thiện hiện đại và hiểu biết nơi đào tạo đội ngũ sư phạm có kỹ năng và đạo đức,2
mọi thứ đều ổn hy vọng học sinh sẽ được sử dụng máy lạnh,0
ngôi trường mà tôi hằng đêm mơ ước được bước vào với mong ước trở thành giáo viên và tôi đã đạt được điều đó giờ đây tôi đã là một giáo viên thực thụ tôi yêu nghề giáo và thầm cảm ơn các thầy cô giáo trong trường đã đào tạo nên một giáo viên như tôi để tôi có thể gieo mầm cho tương lai,2
đội ngũ bảo vệ tại trường đại học này rất lịch sự vui vẻ nhiệt tình và dễ gần chúng tôi hy vọng trường sẽ tiếp tục phát triển,2
ký ức ùa về cảm ơn ngôi trường thân yêu đã cho tôi những khoảng thời gian tuyệt vời nhất ký ức ùa về tôi nhớ những ngày tháng không thể nào quên khi tôi còn là học sinh ở đây,2
bây giờ nếu bạn muốn mua thuốc tây thì cứ đến pharmacity cửa hàng ở khắp mọi nơi cứ ghé qua nếu bạn thích nhé,1
tôi thực sự muốn vào trường này nó khá tốt cho tôi trong tương lai nhưng giáo viên tiểu học chỉ xét khối c3 không xét khối c tôi xin lỗi nhưng tôi sẽ cố gắng,1
5 sao cho bãi đậu xe của trường sư phạm,2
nhân viên thu ngân ở trung tâm ngoại ngữ cực kỳ tệ không hướng dẫn gì cả chỉ nói những gì bạn yêu cầu,0
wow 10 phút,2
tiện nghi kém tính phí cho những thứ nhỏ nhất bên ngoài thì hùng vĩ nhưng bên trong thì tệ hại,0
tôi đang học năm thứ 4 chuyên ngành sư phạm hóa học tại trường mặc dù hơi khó nhưng chất lượng đào tạo rất tốt,2
có 2 bãi đỗ xe 2k vào buổi sáng 3klượt sau 6 giờ sáng bất kể xe chạy bằng xăng hay xe số,1
tôi có phải mặc đồng phục hoặc áo dài khi học ở trường này không học phí một năm là bao nhiêu,1
đây là ngôi trường uy tín tại thành phố hồ chí minh chuyên đào tạo và cung cấp giáo viên trên toàn quốc,2
hãy dừng lại và xem chụp ảnh đẹp như thế nào nhé,2
số điện thoại liên lạc của khách hàng cứ gọi ngày này qua ngày khác nhưng không ai nghe máy thật đáng tiếc,0
sinh viên đẹp yên tĩnh thân thiện dịch vụ căng tin tốt có nhiều cửa hàng tiện lợi xung quanh,2
có ai đang học tại đại học sư phạm có thể giúp tôi một việc được không,1
trường học của tôi rất đẹp và rộng lớn,2
là trường đại học lớn trong cả nước đào tạo chuyên ngành sư phạm có uy tín và chất lượng hàng đầu,2
tôi muốn học tiếng trung có ai có thể cho tôi biết về trường này không . Tôi không thực sự cần nó,1
nhà trường cho em hỏi là bài kiểm tra năng khiếu có vòng 1 không và sau đó có vòng 2 không ạ,1
tại sao cơ sở vật chất trông cũ kỹ thế có quá nhiều người không phải là sinh viên ở đây nên tôi không biết phải làm gì,0
trường nằm cạnh trường đại học khoa học tự nhiên không gian rộng rãi và thoải mái,2
một trong những trường đại học lâu đời nhất với chất lượng đào tạo tương đối chuẩn,2
môi trường học tập thân thiện giáo viên trình độ cao học sinh thân thiện và hiền lành,2
cán bộ nhà trường không đối xử nhân đạo với phụ huynh,0
đội ngũ giáo viên rất tận tâm trường luôn tốt,2
ngôi trường trông thật đẹp và cổ kính tôi mong đến ngày được hòa nhập,2
sân rộng có thang máy có bãi đậu xe và bãi đậu xe ngầm cơ sở vật chất hơi cũ,1
nhà trường hiện đã xây dựng thêm khối nhà b với cơ sở vật chất rất hiện đại,2
trường đại học đào tạo ngành sư phạm lớn nhất cả nước chất lượng tốt,2
hóa đơn là khởi đầu của câu chuyện nếu có khó khăn gì chỉ cần nhổ tiền ra là xong,1
một trong những nơi nuôi dưỡng tài năng giáo dục thật tuyệt vời,2
tôi muốn học tiếng trung có ai học ngành này không cho tôi hỏi một câu nhé,1
trường đào tạo giáo viên chất lượng cao cho việt nam,2
ông ta nổi tiếng là người có kiến thức đại học nhưng cách cư xử và lời nói lại thiếu học thức,0
ngôi trường khá lớn với khuôn viên mới xây dựng tại khu b,1
giáo viên tận tâm chương trình đảm bảo,2
ở new york tôi đã học trường này nên đánh giá 1 sao,0
các giáo viên rất nhiệt tình,2
trang web đăng ký khóa học tệ quá chậm quá,0
giống như nhà để xe của trường khuôn viên rộng phòng tự học rộng,2
năm 2019 có bộ giáo dục quốc phòng và an ninh không,1
tòa nhà trường đại học cao cao,1
ngôi trường đẹp thiên đường học tập,2
ngôi trường đẹprộng rãiquy mô lớn,2
ngôi trường được nâng cấp rất đẹp và sang trọng,2
đây là trường đào tạo giáo viên lớn nhất miền nam,2
trường khá lớn và cơ chế đào tạo cũng khá tốt,2
nhà máy mới rowlon hiện tại nhiều tướng lĩnh,2
trường đào tạo sư phạm xuất sắc,0
đào tạo tốt cho ngành giáo dục,2
tôi rất thích trường học,2
cơ sở chính của adv rất đẹp,2
một ngôi trường tuyệt vời,2
trò chuyện thường xuyên để tạo ra sự bình thường,2
sạch đẹp,2
vụ bê bối,0
đại học sư phạm thành phố hồ chí minh,1
phạm vi tự học mở rộng,2
cảm ơn trường rất nhiều,2
đại học sư phạm tphcm hc,1
tự hào về ngôi trường cũ của mình,2
thoải mái,2
tuyet,1
chất lượng cao,2
đại học sư phạm,1
một nơi đẹp nhưng đông đúc ở trung tâm thành phố nơi có một trong những trường đại học tư thục nổi tiếng ở việt nam,2
trường nằm ở quận 1 đội ngũ giáo viên tận tâm trường học tốt,2
m myb o h,1
trường đại học lâu đời nhất ở sài gòn và có một,2
trường đại học văn lang nổi tiếng với môi trường học tập nơi tôi tốt nghiệp,2
dễ tìm dịch vụ tốt,2
tốt y,2
toi da lap tb o day,2
một trong những trường đại học tốt nhất tại tphcm,2
một trong những trường đại học tư thục tốt nhất,2
tôi 3 vlu,2
các giáo sư rất giỏi,2
nhân viên rất chuyên nghiệp,2
tự do,2
đại học đẹp và đông đúc,2
rất khuyến khích,2
tạo nên,1
tôi có thời gian học tập và trải nghiệm tại đây môi trường học tập hiện đại có nhiều lĩnh vực để bạn trải nghiệm các thầy cô nhiệt tình trong quá trình giảng dạy nhà trường tổ chức nhiều sự kiện để bạn có thể thoải mái tham gia chúc bạn học được nhiều kiến thức và trải nghiệm ý nghĩa tại trường đại học văn lang,2
cơ sở này nằm ngay tại trung tâm cơ sở vật chất tuyệt vời học sinh năng động và đội ngũ giáo viên nhân viên của trường luôn sẵn sàng giúp đỡ học sinh,2
khuôn viên trường đại học văn lang rất đẹp các bạn sinh viên rất tốt bụng vui vẻ và hòa đồng các thầy cô cũng rất nhiệt tình và vui vẻ,2
không có chỗ đậu xe học phí tăng mỗi năm 8 nhưng trường chỉ tập trung đầu tư vào cơ sở 3 tại gò vấp trong khi cơ sở còn lại để con em mình ở giữa thị trường việc giao phó bãi đậu xe riêng bên ngoài là,0
cơ sở vật chất rộng rãi phòng học sạch sẽ đủ ánh sáng máy chiếu ổ cắm điện trên bàn giảng viên bàn học mới sạch sẽ chắc chắn lớp tiếng trung đang trình bày chủ đề nghiên cứu khoa học của mình với giảng viên và sinh viên,2
tôi đến đăng ký thi chứng chỉ tiếng anh vstep tại trường thủ tục đăng ký nhanh chóng các nhân viên hướng dẫn tôi chi tiết và vui vẻ cơ sở vật chất của trường hiện đại phòng học rộng rãi và đầy đủ tiện nghi trải nghiệm tuyệt vời,2
trường học thu học phí cao nhưng lại không có phòng tập thể dục nên học sinh phải lê lết ra ngoài để học các môn thể chất,0
cơ sở chính của trường đại học văn lang rất đẹp và rộng rãi cơ sở giáo dục uy tín và chất lượng đạt chuẩn quốc tế,2
cá nhân tôi không mong đợi nhiều hỗ trợ sinh viên rất tệ môi trường vật chất không tốt chất lượng giảng dạy kém việc học không đủ tốt không đáng tiền bỏ ra,0
tôi hối tiếc nhất là khi vào vlu nhà trường nên xem xét điều kiện đầu ra tiếng anh phù hợp hơn,0
cơ sở chính của trường đại học văn lang rất đẹp và rộng rãi cơ sở giáo dục uy tín,2
trường mở cửa vào chủ nhật để học sinh có thể làm việc nhóm vào cuối tuần,2
trường đại học văn lang là ngôi trường đào tạo uy tín chất lượng tuy học phí cao hơn so với trường công nhưng bù lại đáng đồng tiền bát gạo nên số lượng sinh viên theo học tại trường đại học văn lang ngày một tăng,2
trường đại học du lịch văn lang là cơ sở giáo dục đại học đa ngành không thuộc sở hữu nhà nước đào tạo nguồn nhân lực và nghiên cứu khoa học,1
tư vấn chu đáo cho khách hàng giá cả hợp lý nên rất hài lòng từ giờ trở đi tôi sẽ ghé cửa hàng mỗi tháng vì tôi thực sự thích làm móng,2
vấn đề gửi xe của trường luôn là vấn đề kỳ lạ đối diện trường lương thế vinh lúc nào cũng đông có lúc rất nhiều chỗ đậu xe nhưng lại báo hết các chỗ đậu xe xung quanh trường lúc nào cũng thông thoáng tình trạng hết chỗ đậu xe tôi nghĩ nhà trường cần xem lại vấn đề hỗ trợ học sinh gửi xe,0
địa điểm thi tiếng anh vstep tốt khuôn viên trường sạch sẽ giá cả hợp lý và có căng tin dễ tìm,2
ngôi trường mới xây rất đẹp phòng học sạch sẽ có máy lạnh và được trang bị đầy đủ máy chiếu để phục vụ học sinh,2
tôi đã từng học ở trường này cơ sở vật chất tốt và sạch sẽ giáo viên và nhân viên nhà trường rất dễ thương và hòa đồng điểm trừ nhỏ duy nhất là bãi đậu xe không quá rộng,2
mỗi lần đăng ký khóa học tôi như đi đánh trận vậy cơ sở vật chất luôn được cho là tuyệt vời nhưng trang web đăng ký khóa học thì giống như một con rùa đóng tiền để đi học chứ không phải để cạnh tranh các suất học tôi không biết tiêu chuẩn quốc tế ở đâu,0
không hỗ trợ sinh viên tại sao sinh viên không đến thực tập để hỗ trợ doanh nghiệp để sinh viên không tự tìm được vẫn có thể tiếp cận và hoàn thành môn học này đây vẫn là môn học và vẫn phải đóng học phí nó là,0
khu vực học tập này chỉ có sự thoải mái và thú vị,2
tiện nghi tốt không có bãi đậu xe,2
kỳ thi vstep tháng 4 năm 2023 được tổ chức rất tốt bộ phận kiểm tra làm việc rất tôn trọng với khách hàng thời gian trả kết quả và chứng chỉ rất nhanh,2
học phí cao nhưng thái độ làm việc của bộ phận đào tạo hỗ trợ sinh viên và một số bộ phận khác quá tệ quá vô trách nhiệm và có thái độ khó chịu 1 sao mặc dù chất lượng giảng dạy chuyên nghiệp khá tốt,0
tuyệt vời ngôi trường mà tôi đã học gần 4 năm không gian thoáng mát sạch sẽ chất lượng đào tạo cao và có nhiều nét văn hóa đáng học khi học tại trường văn lang,2
nhỏ hơn ít hoạt động hơn so với cs3 được yêu thích,0
cam kết không tăng học phí trong 4 năm nhưng chỉ tăng năm cuối học trực tuyến căng thẳng ở nhà do khó khăn kinh tế tăng,0
nơi học tập đông đúc,1
tôi đã học ở đây 3 năm và phải nghỉ học vì nhiều lý do một nơi để tôi có những người bạn chân thành,1
trường cơ bản tốt giáo viên tận tâm tôi chỉ không thích vấn đề đăng ký khóa học nó có nhiều khó khăn và quá khó đối với học sinh như tôi chẳng hạn,0
trường đại học văn lang tên tiếng anh van lang university được thành lập năm 1995 là một trong những trường đại học ngoài công lập đầu tiên tại khu vực phía nam trường đào tạo bậc đại học và sau đại học hệ thống chính quy tập trung,1
ngôi trường rất đẹp nổi bật ngay trên mặt tiền đường,2
một ngôi trường đẹp và rộng rãi cơ sở vật chất hiện đại giáo viên nhiệt tình và tận tụy học phí hợp lý so với các trường tư thục khác đây là nơi đáng để dành 4 năm học đại học,2
trường đại học văn lang là trường đại học tư thục tọa lạc tại số 45 nguyễn khắc nhu quận 1 trường có kiến trúc cao tầng nhưng được xây dựng từ lâu số lượng sinh viên theo học các ngành nghề khá đông và chất lượng,2
từ năm 2018 trường đại học văn lang đã công bố bộ nhận diện thương hiệu mới logo của hệ thống giáo dục văn lang bao gồm biểu tượng chữ viết tắt viết tắt vlu và tên thương hiệu trường đại học văn lang,1
không có chỗ đậu xe và tôi không muốn giải quyết vấn đề đó,0
trường đại học du lịch văn lang là cơ sở giáo dục đại học đa ngành không thuộc sở hữu nhà nước đào tạo nguồn nhân lực và nghiên cứu khoa học một mặt đảm bảo cung cấp và chăm lo chất lượng học tập,2
từ năm 2018 trường đại học văn lang đã công bố bộ nhận diện thương hiệu mới với logo được cách điệu từ hình ảnh chim lạc cốt lõi của biểu tượng là hình ảnh cách điệu kết hợp với chữ v và,1
chất lượng đào tạo tốt nhất ở các trường ngoài công lập và thậm chí còn tốt hơn một số trường công lập nhiều sân chơi cho học sinh phát triển kỹ năng mềm,2
ngôi trường này vừa tệ vừa có thái độ tệ nhất từ trước đến nay nếu bạn có tiền đừng đến ngôi trường này,0
là một trường đại học ngoài công lập trường có cơ sở vật chất mới và rộng rãi trường này đào tạo các ngành kỹ thuật cách đó vài trăm mét là khuôn viên của đại học mở thành phố hồ chí minh,2
trước đây là một trường đại học tư thục tốt giờ đã chuyển thành trường đại học công lập chất lượng giảng dạy rất tốt đặc biệt là ngành kiến trúc,2
cơ sở vật chất tốt và phong cách giảng dạy cũng rất tốt nhưng việc phải dời lịch học sang 10 giờ tối hơi khó hiểu,2
trường rất tốt nhưng có thể giảm học phí được không,2
phòng học với trang thiết bị hiện đại thang máy có sức chứa 1013 người sạch sẽ có máy lạnh quạt mát,2
toàn là dối trá review dụ học sinh đi học bỏ tiền ra học máy tính quạt cũng hỏng hứa 34 năm năm nào cũng hứa đi học trường mới đóng học phí k24 hứa học cs mới tại,0
trường học dành cho những người có vấn đề về tâm lý,0
không dạy huấn luyện quân sự ở vùng xa xôi hẻo lánh của quân khu 7 dạy ở các trường thuận tiện cho học sinh,2
nếu bạn muốn làm khách hàng thì ở đây có cơ sở vật chất rất tốt nhưng nếu bạn muốn làm sinh viên thì đừng đến,0
trường có chất lượng đào tạo tốt giáo viên nhiệt tình tuy nhiên không có bãi đỗ xe riêng,2
tôi đi làm gần đó thỉnh thoảng tôi ghé qua để đỗ xe khi bãi đỗ xe đầy từ nhân viên bảo vệ đến học sinh ai cũng dễ thương và vui tính những cô gái xinh đẹp,2
cơ sở vật chất của trường hiện đại và vệ sinh cũng tốt,2
cơ sở vật chất tốt giáo viên cũng rất tuyệt không tệ để bạn dành 4 năm học đại học ở đây,2
học phí đắt hơn so với các trường tư khác có đủ các loại khoa từ kiến trúc đến kinh tế đến ngoại ngữ,0
trường văn lang cần xem xét lại quy trình tiếp nhận học sinh mới phụ huynh thấy còn nhiều bất cập,0
trường đại học văn lang là nơi đào tạo chất lượng,2
điều kiện của trường khá tốt nhưng thật không may là tôi không có cơ hội để học,0
mặc dù tôi không học trường này nhưng tôi vẫn đánh giá 1 sao,0
bạn tôi học ở đây chất lượng đào tạo khá tốt chú trọng thực hành,2
học rất giỏi giáo viên rất quan tâm đến học sinh tốt hơn nhiều trường công khác,2
một ngôi trường tốt công ty chúng tôi có nhiều nhân viên đã học ở đây,2
một nơi tốt để học tập đặc biệt là các nhóm kiến trúc mỹ thuật và thương mại,2
hãy tham gia kỳ thi vstep,1
tôi cảm thấy học ở văn lang tốt hơn học ở bách khoa hà nội,2
sạch sẽ thoáng mát đầy đủ tiện nghi mới,2
ngôi trường này tốt quá tuyệt vời quá không còn gì để nói nữa,2
hồi mình học 7 triệuhọc kỳ mình học 2 năm sau đó mình đi du học ở mỹ vì rẻ hơn,0
mọi người ơi cho em hỏi nếu bây giờ em nộp hồ sơ thì trường có xét tuyển em không ạ,1
ngôi trường sạch sẽ và đẹp,2
mặc dù mình không phải là sinh viên nhưng mình thực sự rất yêu vlu 3,2
trường tư thục này có thế mạnh trong lĩnh vực kiến trúc,2
có lần một sinh viên làm việc như một người thợ mộc cho các kiến trúc sư ở đây,1
tư vấn tuyển sinh trường kém vv,0
tham gia chiến dịch mhx cùng sinh viên văn lang,1
đội ngũ bảo vệ và giáo viên của trường rất thân thiện,2
ngôi trường này là trường tư nên học phí hơi đắt,0
mọi thứ đều ổn ôi học phí của tôi,1
tòa nhà này rất đẹp,2
làm thế nào để cấp lại bằng cấp đã mất tốt nghiệp tốt nghiệp năm 2000,1
có vẻ hơi chật và không thoáng khí nhưng cơ sở vật chất thì ổn,1
bạn có thể cho tôi biết trường có dạy theo tín chỉ hay không,1
nghiêm túc mà nói rất đẹp,2
cơ sở vật chất của thủ lĩnh khá tốt,2
ngôi trường mới được cải tạo rất đẹp ngôi trường đẹp,2
trường nằm ngay tại quận 1 nên rất thuận tiện cho việc di chuyển,2
tôi học chuyên ngành kiến trúc của trường,1
trường đại học này có điểm rất thấp,0
trường học rộng rãi thoáng mát tốt cho học sinh,2
ratings and reviews van lang university campus 45 nguyen khac nhu co giang ward district 1,1
tự hào là sinh viên khoa cntt d,2
ngôi trường văn lang thân yêu của tôi,2
trường học tốt hơn nhiều so với trường công,2
hãy đến và trải nghiệm,1
rất thất vọng ở trường,0
tốt quáquá nhiều để kể,2
chính xác là trường đại học văn lang,1
chất lượng đào tạo tốt,2
chúc may mắn xin chúc mừng,2
trường đại học văn lang,1
nơi đào tạo nhân tài,2
ở đây có bạn bè để học,2
một nơi để giáo dục mọi người,2
kinh khủng,0
đẹp dạy tốt,2
việc đào tạo khá tốt,2
chuyên ngành rất đa dạng,2
rộng rãi và sạch sẽ,2
tạm thời ổn,1
một ngôi trường tốt,2
một thời của những kỷ niệm,1
khoa xây dựng kiến trúc,1
đẹp dễ huấn luyện,2
cô giáo cô,1
đã học ở đây,1
cực kỳ tệ,0
phạm tuấn quang đã ở đây,1
dc,1
trường tư thục,1
tiếng anh,1
1000000 dims,2
may mắn của anh ấy,2
trường đại học văn lang cs1,1
đại học văn học,1
yêu vlu,2
ggg,2
ngôi trường đẹp,2
tôi không bao giờ quên được sự nỗ lực và cống hiến to lớn của các giảng viên đại học ở đây hãy đền đáp tôi đã mang sứ mệnh giảng dạy suốt đời mặc dù không phải là giáo viên nhưng là một sinh viên suốt đời,2
đánh giá của khoi thứ tư 19072023 tôi là sinh viên đại học chuyên ngành kỹ thuật cơ điện tử tôi chọn chuyên ngành này vì tôi quan tâm đến sự tích hợp của kỹ thuật cơ khí điện và máy tính,1
trường đại học không bao giờ quan tâm đến sinh viên của mình nó bị tham nhũng và lạm dụng bởi những nhà tư bản tất cả những gì họ quan tâm là thu tiền từ sinh viên và phụ huynh của họ,0
không cần phải nói quá nhiều về địa điểm lịch sử này môi trường rất tốt cho giáo dục,2
trong khuôn viên trường có cả tòa nhà cũ và mới là nơi tuyệt vời để đi dạo trong khu vực này,2
cảnh báo giảng viên đại học là kẻ lừa đảo bảo phan quốc hoạt động ăn cắp của các công ty nước ngoài,0
có nơi tươi ngon nhất tại thành phố hồ chí minh,2
trung tâm học tập tuyệt vời không chỉ dành cho sinh viên hcmut mà còn cho cả người học,2
tôi đã dành 6 năm để học ở đây,1
là một trong những trường đại học đa ngành hàng đầu về công nghệ có lịch sử lâu đời hiện nay trường là thành viên chủ chốt của đhqg tphcm,2
trường đại học bách khoa thành phố hồ chí minh còn gọi là trường đại học bách khoa viết tắt hcmut hoặc bku là trường thành viên của đại học quốc gia việt nam thành phố hồ chí minh là trường đại học hàng đầu trong hoạt động giảng dạy và nghiên cứu công nghệ tại việt nam,1
trường đại học công nghệ hàng đầu việt nam nhưng cơ sở vật chất quá cũ,0
trường đại học công nghệ từ lâu vẫn nổi tiếng với sinh viên theo học tại đây người nước ngoài có thể cân nhắc đến việc trao đổi học tập tại đây,2
đây là trường đại học nơi tôi đang theo học thích quá,2
đã yêu,2
cảnh quan tuyệt đẹp ở b2bku,2
đây là môi trường tốt nhất để học tập và nghiên cứu đặc biệt là ngành công nghệ và kỹ thuật tại thành phố hồ chí minh việt nam,2
trường đại học này nơi tôi tốt nghiệp có kiến thức cơ bản tốt nhưng tôi nghĩ cần có nhiều khóa học thực hành hơn,2
bạn không thể tìm thấy nơi nào khác có thể học tốt nhất ngoại trừ đây,2
môi trường tuyệt vời cho cả sinh viên chuyên ngành kỹ thuật và không chuyên ngành kỹ thuật để xây dựng nền tảng vững chắc,2
những người thông minh nhất đất nước lại không biết sử dụng google chrome,0
cả hai đứa con của tôi đều từng học tại trường đại học này và chúng đều có việc làm tốt sau khi tốt nghiệp cảm ơn,2
tốt một số hình ảnh về cổng mới sẽ hữu ích hơn,1
tôi yêu trường đại học của tôi đây là nơi tốt để đào tạo nhân tài,2
trường đại học tốt nhất nhưng rất căng thẳng và cạnh tranh cao,2
đó thực sự là nơi tuyệt vời để tận hưởng cuộc sống vào buổi tối,2
trường đại học là nơi lý tưởng để học tập đặc biệt là môn thuật toán cách mạng,2
sạch sẽ có môi trường tốt cho học sinh học tập lưu trú và vui chơi,2
đây thực sự là một trường đại học tuyệt vời để các bạn trẻ học tập và hoàn thiện bản thân,2
ngôi trường này rất đẹp với nhiều cây xanh,2
trường đại học công nghệ tốt nhất việt nam trường đại học rất đẹp,2
khuôn viên trường thật yên tĩnh tôi rất thích,2
trường đại học tốt và đẹp có sân bóng đá rộng,2
trường đại học công nghệ hàng đầu tại thành phố hồ chí minh,2
đại học công nghệ tốt nhất việt nam,2
ngôi trường xinh đẹp của tôi,2
một trong những trường đại học công nghệ tốt nhất tại việt nam,2
trường đại học tốt địa điểm đẹp,2
nơi tốt để học tập tại việt nam,2
lớn đẹp và tốt cho việc học tập của bạn,2
học sinh giỏi nhưng cơ sở hạ tầng cũ,0
trường đại học nổi tiếng,2
một nơi tuyệt vời với nền giáo dục chất lượng cao,2
tốt 3,2
nơi tốt và thuộc về trường đại học quốc gia,2
đây là trường đại học công nghệ thành phố hồ chí minh,1
nơi lý tưởng để ôn lại kiến thức học thuật,2
trường của tôi tuyệt vời lắm,2
rat co nang luc,2
tôi yêu bk,2
trường đại học tốt nhất trong những trường tốt nhất tại việt nam,2
không có lối thoát cho những học sinh nhỏ tuổi,0
thiết bị và giáo viên tốt,2
đây là trường đại học của tôi nó đào tạo kỹ sư,2
khuôn viên trường rộng rãi với nhiều cây xanh,2
trường đại học công nghệ hàng đầu ở phía nam,2
học ngành khoa học máy tính tại đhbk,1
bk của tôi,1
trường học của tôi tôi yêu nó,2
nơi tuyệt vời để học,2
trường đại học lớn tại tphcm,1
tôi tốt nghiệp khoa cse,1
tự hào về trường đại học của tôi,2
từ khud với tình yêu,2
không bao giờ muốn rời đi,2
tốt nhất ở khu vực phía nam,2
khuôn viên đẹp,2
đây là trường đại học công nghệ của tôi,1
đó là trường của tôi,1
mỉa mai,0
đây là trường đại học tốt,2
rất nhiều cây,2
tốttốt,2
nghèo,0
bình tĩnh và yên bình,2
nơi đáng nhớ,2
đại học bk,1
học cách học,1
tôi đến đây vì trường đại học của tôi có một hội nghị đó là một khuôn viên rộng lớn với nhiều cây xanh vì đây là một trường đại học kỹ thuật nên có các buổi đào tạo về động cơ ô tô,2
một ngôi trường uy tín chuyên về công nghệ khoa học kỹ thuật tại thành phố hồ chí minh và cả nước là trường trọng điểm thành viên của đại học quốc gia thành phố hồ chí minh hcm khuôn viên trường rất rộng,2
ngôi trường rất tốt cung cấp đủ kiến thức cho học sinh cơ sở vật chất cũng rất tốt bạn bè và môi trường học tập tuyệt vời,2
ngôi trường nội thành lớn nhất tại thành phố hồ chí minh với cơ sở vật chất rất tốt nhà trường chăm chút từng ngày để tạo nên môi trường học tập tốt nhất cho học sinh,2
ngôi trường có không khí trong lành với nhiều cây xanh và trong môi trường như vậy chắc chắn sẽ giúp học sinh cảm thấy bớt áp lực hơn trong quá trình học tập9,2
trường khá rộng chiếm gần hết diện tích của quận 10 học sinh trường bách khoa rất giỏi và có năng khiếu,2
trường đại học kỹ thuật hàng đầu việt nam đào tạo các chuyên ngành trọng điểm gồm điện điện tử cơ khí xây dựng cntt kỹ thuật hóa học vật liệu trường luôn hướng tới mục tiêu đào tạo sinh viên có chất lượng tốt nhất và cao nhất,2
cần kết hợp nhiều hơn giữa thực hành quan tâm nhiều hơn đến khả năng sinh học của người học tạo cảm hứng để người học gắn bó với nghề,1
trường đại học bách khoa tphcm trường đại học bách khoa tphcm hcmut trường đào tạo kỹ thuật hàng đầu miền nam và cả nước tôi là,2
trường đại học bách khoa tphcm là một trong những trường đại học tốt nhất tại tphcm vì vậy ban tổ chức cuộc thi tvcreate trân trọng kính mời các bạn sinh viên của trường tham gia cuộc thi tvcreate là một đơn vị quảng cáo nghiệp dư,2
các trường đại học có uy tín dễ vào và khó ra đã là fan của trường từ lâu rồi cơ sở vật chất đạt chuẩn quốc gia,2
ngôi trường rất rộng có nhiều phòng học tuy hơi cũ nhưng khá khang trang,2
trường đại học bách khoa thành phố hồ chí minh là trường đại học chuyên ngành quy mô lớn tại việt nam có thế mạnh về đào tạo kỹ thuật và được coi là một trong những trường đại học hàng đầu trong lĩnh vực này đào tạo các chuyên ngành kỹ thuật tại việt nam2 một,2
trường đại học danh giá và tốt nhất tại thành phố hồ chí minh nơi đào tạo ra nhiều nhân tài cho đất nước trường có hai cơ sở đây là cơ sở chính cơ sở thứ hai tọa lạc tại làng đại học thủ đức cơ sở thứ ba,2
học phí 1 môn 4 chỉ 13 triệu 500 trường công có học phí cao hơn trường tư,0
trường nằm ở trung tâm xa cơ sở thủ đức xung quanh có nhiều cửa hàng sách giáo khoa,1
đường cũng khá sạch và giá cả cũng khá ổn định nên cân nhắc nhé rất chu đáo,2
trường rộng sạch đẹp đầu tư trang thiết bị kỹ thuật tốt là một trong những trường đại học trọng điểm của cả nước và là nơi mơ ước của nhiều thí sinh thi đại học tiêu chuẩn tuyển sinh của trường thường rất cao nên đầu ra toàn là những cá nhân có thành tích xuất sắc,2
trở về trường cũ thật xúc động vì những kỷ niệm về ngày xưa ùa về như mới ngày hôm qua các cựu học sinh thân mến hãy nhớ quay lại và đóng góp chút gì đó để ngôi trường của chúng ta ngày một đẹp hơn nhé,2
đánh giá 5 sao vì sự ủng hộ,2
trường có nhiều cây xanh rất mát mẻ trường rộng và có nhiều tòa nhà dễ bị lạc,2
trường rất rộng và có nhiều cây xanh nên cực kỳ thoáng mát do dịch covid 19 nên khi đến trường các bạn phải khai báo y tế,2
đây là nơi tôi đã ở trong 45 năm qua tôi vừa tốt nghiệp kỹ sư xây dựng đây là nơi lý tưởng cho những ai đam mê kỹ thuật đến học tập và phát triển sự nghiệp tương lai chất lượng giảng dạy tốt thân thiện,2
không gian rộng rãi gần khu vực trung tâm thuận tiện đi lại,2
trường cao đẳng bách khoa ddh tp hcm tọa lạc tại số 268 lý thường kiệt phường 14 quận 10 tp hcm đây là trường đại học chuyên ngành có quy mô lớn tại việt nam với thế mạnh về đào tạo kỹ thuật trường được coi là một trong những trường hàng đầu,2
khi nhắc đến đại học bách khoa thành phố hồ chí minh sinh viên sẽ nhớ ngay đến ngôi trường hàng đầu cả nước đào tạo ra nhiều thế hệ sinh viên tài năng có kỹ năng chuyên môn vững vàng,2
rất vui được gặp các thầy cô giáo những người cha người mẹ đã dìu dắt con em mình trở thành kỷ niệm 45 năm xây dựng khoa công nghệ lạnh rất vui khi được là một trong số họ các chi bộ cộng đồng,2
không được phép đăng ký khóa học vì không thực hiện khảo sát chất lượng khóa học vào cuối học kỳ,0
trường hàng đầu việt nam về kỹ thuật khuôn viên trường cũng khá rộng có cả sân bóng đá hàng năm ở đây đều tổ chức ngày hội tuyển sinh rất hữu ích cho các bạn tham gia kỳ thi thpt quốc gia,2
trường đại học bách khoa thành phố hồ chí minh là phân hiệu của đại học quốc gia thành phố hồ chí minh đây là trường đào tạo các ngành kỹ thuật như cơ khí công nghệ thông tin trường đã đào tạo nhiều kỹ sư công nghệ có trình độ cao,2
có quá nhiều kỷ niệm ở ngôi trường thân yêu này,2
sinh viên bách khoa làm việc cho công ty tôi rất tốt thực sự là trường kỹ thuật hàng đầu tại việt nam,2
trường đại học bách khoa thành phố hồ chí minh là một cơ sở đào tạo nhiều kỹ sư chuyên ngành kỹ thuật công nghệ thông tin hóa học phải nói rằng ngôi trường này có đội ngũ giáo viên rất giỏi sinh viên ở đây cũng có nền tảng kiến thức vững chắc từ bậc phổ thông,2
ngôi trường của sự nỗ lực bối rối và hoài bão của tuổi trẻ,2
trường có khuôn viên rộng rãi thoáng mát đường nhựa được quét sạch như trong nhà máy và nổi tiếng với việc trồng nhiều cây xanh đây là nơi tổ chức các sự kiện hữu ích như hội chợ việc làm thể thao vv đôi khi có một số cô lao công hơi khó tính và khắc nghiệt với học sinh,2
trường đại học bách khoa thành phố hồ chí minh tọa lạc tại 268 lý thường kiệt quận 10 thành phố hồ chí minh là một trong những trường đại học quốc gia hàng đầu tại việt nam hàng năm đào tạo hàng ngàn sinh viên tốt nghiệp các chuyên ngành điện tử,2
trường kỹ thuật lớn rộng rãi hàng đầu tại tp hcm cơ sở vật chất hơi cũ vì trường được xây dựng từ lâu,2
trường kỹ thuật số 1 miền nam,2
ngôi trường này rất rộng lần đầu tiên đến đây tôi đã muốn choáng ngợp trước không gian của ngôi trường,2
nơi tôi từng học và làm việc tự hào về ngôi trường này,2
tôi vừa tốt nghiệp khoa quản lý công nghiệp đại học bách khoa thành phố hồ chí minh tháng 4 năm 2022 chương trình clc nhìn chung tôi cảm thấy rằng bách khoa vẫn là một trường đại học tốt ở việt nam tôi,2
trường đại học kỹ thuật hàng đầu miền nam chúc trường phát triển tốt đẹp và bền vững theo thời gian,2
một trong những trường đào tạo kỹ thuật số đầu tiên tại khu vực phía nam khuôn viên trường được bao quanh bởi những hàng cây xanh mát ở giữa có một svd khá lớn tuyệt vời,2
ngôi trường đẹp thoáng mát có nhiều hoạt động thể thao và học tập thú vị,2
khuôn viên trường rộng rãi cơ sở vật chất tốt nhưng căng tin không bán đồ ăn ngon,0
mình có dịp đi dự hội thảo ở bk và thấy trường đẹp và sạch sẽ nhưng đi bộ thì muốn gãy chân hy vọng có cơ hội học ở đây d,2
trang chủ đánh giá,1
trường học của tôi cây bóng mát,1
anh trai tôi học quản lý công nghiệp ở đây đã đi làm hơn 10 năm rồi tôi đã đến đây vài lần nhìn chung sân trường cực kỳ rộng,2
một trường đào tạo kỹ thuật hàng đầu cũng là điểm đến mơ ước của nhiều sinh viên,2
nơi này nên được xếp hạng như thế nào dựa theo danh tiếng lừng lẫy của nó,2
mát mẻ và sạch sẽ nhưng có vẻ như các tòa nhà mới không tuân theo một quy hoạch dài hạn khiến bố cục khuôn viên trường có phần khó hiểu,0
một nơi tuyệt vời để học mọi thứ tôi có rất nhiều kỷ niệm ở đây,2
trường rất rộng và khuôn viên thoáng mát nằm ngay góc đường lý thường kiệt và tô hiến có rất nhiều thế hệ học sinh nổi tiếng tại trường này,2
trường rộng rãi thoáng mát nhiều cây xanh như công viên cơ sở vật chất hiện đại,2
là trường đại học kỹ thuật đào tạo kỹ sư chất lượng cao hàng đầu khu vực phía nam,2
khuôn viên trường là đẹp thứ hai trong số tất cả các trường đại học trong thành phố hồ chí minh,2
tôi thực sự thích nhiều cây xanh của trường,2
tìm hiểu về mèo mỗi ngày du ma,1
trường đào tạo chất lượng quá cao,2
ngôi trường thì rộng nhưng bãi đậu xe thì như thế này,1
ngôi trường đẹp rộng rãi và cực kỳ mát mẻ,2
rộng rãi thích hợp cho sinh viên học tập,2
ảnh chụp năm 201x và đã lâu rồi chưa quay lại trường tt,1
ngôi trường lớn nhất sài gòn nhiều cây xanh,2
khuôn viên rộng rãi thoáng mát nhiều cây xanh,2
phong cảnh rất đẹp với nhiều cây xanh,2
mùa hoa sò điệp vàng nở rộ,1
dễ vào khó ra giáo viên rất tận tâm và có trình độ cao,2
cơ sở vật chất đầy đủ nhưng hơi cũ,1
trường rộng rãi có không gian phù hợp cho sinh viên học tập họp nhóm nghiên cứu khoa học chất lượng giảng dạy tốt nhiều giảng viên giỏi,2
trường kỹ thuật hàng đầu tại việt nam tự hào là sinh viên bách khoa,2
tôi đã học ở đây 5 năm lần này tôi quay lại trường trường đã thay đổi một phần nhưng vẫn giữ nguyên kiến trúc cũ gợi cho tôi nhớ về những kỷ niệm ngồi trong giảng đường gốc cây ghế đá của trường để ôn thi,1
thật tệ trường rộng,0
tôi chưa học ở trường này chưa đến trường này nhưng khi nghe tên trường thì biết là trường danh giá tôi không biết có ai yêu trường này và gắn bó 78 năm không,2
một ngôi trường có đội ngũ giáo viên tận tụy với nghề giáo,2
ngôi trường lưu giữ biết bao kỷ niệm đẹp tuổi thanh xuân thật đẹp khi đồng hành cùng bách khoa,2
nói thẳng vào vấn đề lý do chính cho xếp hạng một sao này nằm ở cách phòng đào tạo hoạt động và cách trường hoạt động các chương trình đào tạo và quy định thay đổi mà không cho sinh viên thời gian để thích nghi chưa kể chương trình đăng ký tín chỉ được thiết kế để buộc sinh viên không được tốt nghiệp sớm,0
một trong những trường đại học hàng đầu chuyên ngành kỹ thuật tại việt nam trực thuộc đại học quốc gia thành phố hồ chí minh trường được thành lập ngày 27 tháng 10 năm 1957 tiền thân là trung tâm kỹ thuật quốc gia,1
rộng rãi,2
không gian xanh mát và rất yên tĩnh,2
tọa lạc trên hai tuyến phố lớn của quận 11 là lý thường kiệt và tô hiến thành đại học bách khoa sài gòn là ngôi trường danh giá đã đào tạo ra nhiều nhân tài cho đất nước,2
phòng học rộng rãi sạch sẽ máy lạnh trong phòng hoạt động tốt,2
trường học nổi tiếng ở việt nam,2
tình yêu lớn ở đây 20102015 khoa kỹ thuật hóa học khoa công nghệ sinh học,2
trường có công viên xanh mát,2
thời gian đáng nhớ,2
tốt đã gần 30 năm kể từ khi tôi trở lại,2
quang cảnh giống như các trường đại học ở nước ngoài vì có nhiều cây xanh các tòa nhà mang kiến trúc pháp cổ và kiến trúc hiện đại đan xen hài hòa tạo nên một tổng thể rất đặc biệt không gian thoáng đãng mát mẻ vì có nhiều,2
em trai tôi học ở trường này em ấy rất thích các bạn cùng lớp bách khoa của mình em ấy tự học rất cao và có chất lượng đào tạo tốt trường đại học bách khoa thành phố hồ chí minh là một trong những trường tốt nhất tại thành phố hồ chí minh,2
thực ra giáo dục không phải là điều cần thiết điều cần thiết cho cuộc sống sau này là tài chính ko dạy kết quả là nhiều sinh viên tốt nghiệp không thất nghiệp nhưng không trở nên giàu có một số trở thành giám đốc và chủ tịch và hơn 78 số sinh viên tốt nghiệp và làm việc trong suốt quãng đời còn lại,0
người yêu lễ tốt nghiệp,2
môi trường thân thiện và thoáng mát đặc biệt là sân bóng cỏ rất đẹp vào buổi tối khi có lịch sân bóng được thắp sáng đẹp như sân chuyên nghiệp,2
một nơi chuyên đào tạo kỹ sư cho việt nam các giảng viên rất nhiệt tình và dễ mến luôn tạo cho sinh viên cảm giác thoải mái khi học luôn tạo điều kiện cho sinh viên sáng tạo hết mức có thể,2
trường rất tốt nhưng không nên giới hạn thời gian đóng học phí trước kỳ thi và đồng thời trường nên chấp nhận nhiều ngân hàng hơn khi thanh toán học phí trực tuyến,0
trường có không gian mở rộng rãi với nhiều cây cổ thụ lớn cơ sở vật chất tốt giảng viên giỏi và tận tâm với sinh viên môi trường học tập lý tưởng có nhiều cơ hội khi tốt nghiệp do uy tín của trường và nhiều chương trình liên kết với các công ty và trường đại học lớn trên thế giới,2
trường có khuôn viên rộng rãi sân bóng đá mát mẻ nhiều không gian tự học có 3 bãi đỗ xe máy bãi đỗ xe cổng 3 đóng cửa vào thứ 7 và chủ nhật bãi đỗ xe b4 và b1 mở cửa liên tục bãi đỗ xe thoáng mát nhiều cây cổ thụ nên xe không bị nắng chiếu vào,2
trường đại học kỹ thuật hàng đầu tại việt nam,2
không bàn đến chất lượng giảng dạy vì nhiều người đã bình luận rồi trường có khuôn viên rộng rãi thoáng mát nhiều cây xanh là nơi tụ họp của nhiều học sinh các trường khác trong mùa ôn thi đến nỗi không còn chỗ cho học sinh của trường nữa một cựu học sinh của trường chia sẻ,2
trường đại học bách khoa là trường đại học chuyên ngành quy mô lớn của việt nam có thế mạnh về đào tạo kỹ thuật được đánh giá là một trong những trường đại học hàng đầu về đào tạo kỹ thuật tại việt nam là thành viên của hệ thống đại học quốc gia được xếp vào trường đại học trọng điểm quốc gia,2
khi nói đến các trường đại học danh giá và uy tín nhất từ trước đến nay tại việt nam đại học bách khoa hà nội và thành phố hồ chí minh là những thương hiệu hàng đầu hầu hết sinh viên tốt nghiệp từ các trường bách khoa đều có việc làm và vị trí cao vào được một trường đại học bách khoa là ước mơ của nhiều người,2
bạn tôi đã từng học ở đây tôi đã ra vào vài lần và thấy nơi này rộng rãi và phù hợp cho sinh viên học tập và rèn luyện ở trường,2
trường nhờ giúp đỡ gut gout gout,2
khuôn viên trường rộng nhiều cây xanh mát mẻ và sạch sẽ đây thực sự là một ngôi trường đẹp,2
trường tôi có nhiều hoạt động vui chơi nhiều cây xanh,2
không rộng rãi không nhiều cây xanh cơ sở vật chất quá cũ không xứng với danh tiếng của nó,0
trường đại học bách khoa thành phố hồ chí minh là trường đại học chuyên ngành quy mô lớn tại việt nam có thế mạnh về đào tạo kỹ thuật và được coi là một trong những trường đại học hàng đầu trong lĩnh vực này đào tạo các chuyên ngành kỹ thuật tại việt nam5 một,2
trường đại học bách khoa tên tiếng anh polytechnic university of technology là trường đại học kỹ thuật đa ngành tại việt nam là thành viên của hệ thống đại học quốc gia được xếp vào loại trường đại học trọng điểm việt nam,2
trường tôi đẹp và mát mẻ đặc biệt là vào mùa thi giữa kỳ và cuối kỳ sinh viên tích cực ôn tập môi trường phù hợp với những bạn muốn theo đuổi các ngành kỹ thuật về cơ bản là sinh viên của trường đại học bách khoa tôi rất tự hào,2
nhiều cây xanh khuôn viên trường rộng rãi thoáng mát mình thi tiếng anh bk ở tòa nhà c6 may mà bảo vệ bảo dắt xe xuống cổng dưới thay vì đỗ xe ở đầu cổng rồi đi bộ đến tận c6 thì mình ngất mất,2
có thể nói đây là trường đại học tốt nhất miền nam kiến trúc rất xanh và thoáng mát nhiều khu nhà học và hành chính kết hợp với các tòa nhà xanh nằm ở trung tâm và rộng như vậy rất mạnh,2
nơi đào tạo ra những kỹ sư hàng đầu cung cấp nguồn nhân lực cho đất nước cơ sở vật chất hiện đại sinh viên thân thiện giảng viên tận tâm,2
đây là ngôi trường tôi yêu thích là một trường đại học ở nội thành hồ chí minh có diện tích cây xanh lớn nhất và cơ sở vật chất về số lượng là hàng đầu nhưng chất lượng không thể,2
nhà trường giấu nó kỹ quá tôi không thể tìm thấy điểm a vì vậy tôi đã yêu cầu nhà chức trách xem xét,0
trường đại học bách khoa là trường đại học trực thuộc hệ thống đại học của đại học quốc gia thành phố hồ chí minh đào tạo đa ngành về khối ngành kỹ thuật tại việt nam được xếp vào hệ thống trường đại học trọng điểm của việt nam theo wikipedia,2
là một trường đại học đẹp có diện tích khá rộng tại thành phố hồ chí minh có nhiều cây xanh và thảm xanh tạo nên môi trường thoải mái mát mẻ đặc biệt trong khuôn viên trường có một sân bóng đá tạo nên một quang cảnh rất đẹp,2
rộng rãi và thoáng mát có nhiều cửa hàng xung quanh bán đồ ăn giá rẻ cho sinh viên không chắc chất lượng và có nhiều phòng cho sinh viên thuê,2
ưu điểm cơ sở vật chất tốt giáo viên dễ hiểu và nhiệt tình môi trường làm việc tốt cho tương lai có nhiều hoạt động ngoại khóa để,2
trường đại học bách khoa là một trong những trường đại học công lập có uy tín về đào tạo kỹ thuật và nghiên cứu khoa học tại miền nam việt nam trường trực thuộc hệ thống trường đại học quốc gia thành phố hồ chí minh,2
chất lượng giảng dạy của trường rất tốt khuôn viên trường đẹp nhìn rất đẹp ai học ở đây cũng đều ngưỡng mộ,2
trường đại học bách khoa thành phố hồ chí minh là một ngôi trường nổi tiếng tại thành phố hồ chí minh trường có lịch sử lâu đời trong lĩnh vực kỹ thuật trường được thành lập vào năm 1954,2
nếu chỉ xét về chất lượng đào tạo hệ thống đại học quốc gia thành phố hồ chí minh đứng thứ 2 tại việt nam và nằm trong top 300 trường đại họccao đẳng tốt nhất thế giới nếu xét về tiêu chí nghiên cứu khoa học số lượng,2
sân trường rộng rãi đẹp và thoáng mát hôm nay có buổi tư vấn tuyển sinh đại học được tổ chức tại đây,2
đi bộ trong một ngôi trường đầy cây xanh tôi thực sự thích điều đó,2
đây là trường đại học hàng đầu việt nam với nhiều chương trình liên kết đào tạo quốc tế là cái nôi đào tạo nguồn nhân lực kỹ sư kiến trúc sư chất lượng cao cho khu vực phía nam,2
trường này có một sinh viên đang học khoa vi sinh tại dhbk nhưng bạn này đang du học tại mỹ nên không phải ngày nào mình cũng quay lại trường để du học 5 trường hiệu quả hơn 9 trường để tiếp tục,1
trường học tưởng niệm rộng mênh mông các khoa ẩn mình trong những tán cây xanh cao những người trẻ ham học đi bộ ngồi nằm và học cảm thấy thương hại giống như một thành phố trẻ học sinh đi xe đạp đầy khát khao đến đây,2
trường rất rộng và khuôn viên thoáng mát nằm ngay góc đường lý thường kiệt và tô hiến có rất nhiều thế hệ học sinh nổi tiếng đã theo học tại ngôi trường này,2
tham dự hội nghị tại hội trường b4,1
loan nguyễn đã ghé thăm nơi này cảm thấy hài lòng với những gì loan trải nghiệm cảm ơn sài gòn hẹn gặp lại vào kỳ nghỉ hè năm sau cảm ơn sài gòn và hẹn gặp lại,2
ngôi trường rộng có nhiều cây xanh và đây là ngôi trường tuyệt vời nhất mà tôi từng theo học,2
là cựu sinh viên của trường tôi thấy không gian học tập và nội dung giảng dạy rất tốt tuy nhiên chất lượng giảng viên không đồng đều nhất là ở trình độ sau đại học trở lên cảm giác học tập rất không thực tế và chất lượng giảng dạy ngày càng giảm sút,0
trường có nhiều không gian xanh thoáng mát với nhiều nơi lý tưởng để học tập và vui chơi,2
các trường đại học thành viên của vnuhcm có chất lượng đào tạo rất tốt,2
để che giấu sự thật nhà trường đã xóa điểm a và thay bằng điểm f trong môn giải tích,0
trường tọa lạc tại trung tâm thành phố có khuôn viên rất rộng thuận tiện cho sinh viên và học viên cao học trường đào tạo nhiều ngành nghề kỹ thuật chuyên ngành với đội ngũ cán bộ gồm giáo sư phó giáo sư,2
nếu bạn vào qua cổng chính cổng phía tây hoặc cổng phía đông bạn sẽ phải trả phí đỗ xe vì vậy chúng tôi khuyên bạn nên vào qua cổng phía nam miễn phí thư viện chỉ nhỏ bằng một ngôi nhà ở nhật bản vì vậy tôi rất hy vọng vào tương lai,0
trường trong nội thành có khuôn viên đẹp rộng rãi nhiều cây xanh so với cs2 ở thủ đức thì mình vẫn thích hơn,2
trường đại học bách khoa rất rộng nhiều cây xanh nên cực kỳ mát mẻ ngay trung tâm thành phố học ở đây rất thú vị,2
tuổi trẻ của tôi,1
giáo viên tận tâm tốt không tiêu cực học phí thấp cơ sở vật chất tốt khá tốt so với học phí,2
ngôi trường đẹp nhưng thiếu cây xanh,0
mái trường cũ không biết hiệu trưởng thành bây giờ còn khỏe không,1
trường đại học hàng đầu của thành phố hồ chí minh cái nôi đào tạo nhân tài trong ngành điện tử điện tử và viễn thông,2
lần đầu tiên vào trường mình bị lạc trường rộng và thoáng mát lắm,2
tôi đã học tại trường từ năm 1993 chuyên ngành khoa học máy tính tôi rất vinh dự khi được là sinh viên của trường,2
chất lượng đào tạo hàng đầu tại các trường kỹ thuật không gian học tập rộng rãi xanh mát,2
nơi học tốt thời gian học thoải mái học tập tốt,2
trường học rộng rãi khang trang đào tạo nhiều người tài cho đất nước ủng hộ trường học,2
không gian sạch sẽ rộng rãi có đầy đủ các khu vực như sân bóng đá thư viện cangtin sạch sẽ,2
ngôi trường đào tạo ra nhiều kỹ sư tài năng cho việt nam,2
chất lượng đào tạo tốt đội ngũ nhiệt tình trang thiết bị hiện đại,2
một trường đại học tuyệt vời nơi đây lưu giữ rất nhiều kỷ niệm thời sinh viên,2
không sao nhưng số lượng nữ sinh quá ít chúng ta cần tuyển thêm nữ sinh để tránh thay đổi giới tính của học sinh nam,0
trường cũng rộng rãi và có nhiều sách đẹp phòng học rộng rãi trò chuyện thường xuyên và học tập tốt có chương trình quốc tế,2
mặc dù nhà trường có làm phiền tôi rất nhiều tôi vẫn cho 5 sao vì chất lượng đào tạo rất tốt,2
trường đại học này có lịch sử lâu đời và chất lượng hàng đầu tại việt nam,2
là trường đại học kỹ thuật hàng đầu việt nam nơi cung cấp nguồn chuyên gia kỹ thuật trình độ cao cho việt nam,2
trường bách khoa là một trong những trường hàng đầu tại việt nam,2
trường rộng rãi mát mẻ các bạn học sinh cực kỳ dễ thương,2
ngôi trường rất rộng rất nhiều cây xanh rất đẹp và thoáng mát,2
nơi hội tụ các tài năng kỹ thuật của đất nước môi trường tuyệt vời,2
màu xanh mát mẻ,2
trường đại học có uy tín nên cần phải học tập và phát triển chuyên môn,2
ngôi trường tôi yêu thích nhất nhưng thật không may khả năng học tập của tôi không cho phép tôi học ở đâyhjx,2
trường rộng cơ sở vật chất tốt đội ngũ giáo viên trình độ cao và nhiều câu lạc bộ sinh viên,2
một trong những trường hàng đầu tại việt nam chất lượng học sinh khá tốt,2
trường nào cũng đào tạo tốt tôi đã từng học khóa cơ điện tử số 99,2
học tập rất căng thẳng bạn phải có ý chí mạnh mẽ để vào trường này,0
trường có cơ sở vật chất tốt và đội ngũ giáo viên giỏi giàu kinh nghiệm,2
ngôi trường cũ nhà vệ sinh nhỏ và rất bẩn,0
được học ở một ngôi trường danh giá là ước mơ của nhiều thế hệ học sinh,2
đào tạo tốt sinh viên tốt nghiệp có thể dễ dàng tìm được việc làm,2
chủ yếu là cố gắng thực hiện theo yêu cầu để nhận 1tb dữ liệu của google,1
rộng rãi nhiều cây xanh trường học được thành lập cách đây hơn 55 năm,2
nơi tuyệt vời để học và nghiên cứu ngôn ngữ tiếng việt tiếng hàn vv giáo viên có năng lực,2
bạn có lớp tiếng anh nào không tôi muốn học tiếng anh,1
đây là một trong những trường đại học hàng đầu cả nước về lĩnh vực nghiên cứu giáo dục và xã hội nhưng cũng là nơi có thái độ tệ nhất đối với sinh viên đặc biệt là ở khoa giáo dục,0
trường đại học tuyệt vời để học tiếng việt quy mô lớp học khoảng 10 sinh viên giáo viên tuyệt vời các lớp học tiếng việt được dạy bằng tiếng anh,2
một nơi yên tĩnh giữa lòng thành phố bận rộn,2
học tiếng việt với những giáo viên tuyệt vời học phí hợp lý cơ sở vật chất không hiện đại nhưng vẫn sạch sẽ không có thang máy tại tòa nhà dành cho lớp học tiếng việt,2
nơi tuyệt vời để học tiếng việt với nhiều lớp học đa dạng quy mô lớp học tốt và giáo viên có năng lực,2
tôi học lớp tiếng việt ở đó và muốn giới thiệu nơi này giáo viên của tôi rất giỏi và sách rất hữu ích,2
nhân viên thực sự làm tôi thất vọng họ không chỉ thiếu chuyên nghiệp mà còn thô lỗ với sinh viên đặc biệt là bảo vệ và nhân viên vệ sinh,0
trường đại học này là nơi tuyệt vời để học tiếng việt,2
hiệu sách nằm ở lối vào bên phải ở tầng dưới cùng của tòa nhà bên ngoài người bán hàng không nói được tiếng anh,0
nó rất tốt cho việc học tập,2
nhân viên ồn ào nói nhiều vv,0
tôi đã từng học ở đây tất nhiên là tôi thích nơi này nhiều hơn những gì tôi có thể nói,2
co nguoi iu hoc o do na,1
trường đại học cũ nhưng đẹp môi trường tốt cho sinh viên,2
nơi rất tốt để học ngôn ngữ và các khía cạnh xã hội,2
đại học khoa học xã hội và nhân văn,1
có tầm nhìn đẹp ra khu vực trung tâm thành phố,2
rất nhiều người nước ngoài học tiếng việt ở đây,2
một trong những trường đại học tốt nhất của việt nam,2
trường đại học của tôi học phí thấp và môi trường mở,2
tôi đang học tiếng việt nam,1
trường học đào tạo nhân tài cho đất nước,2
bạn tốt bụng,2
vẫn là trường học kinh khủng,0
trường đại học đào tạo ngôn ngữ,2
trời ơi trường này có dạy tiếng tây ban nha không,1
nơi tuyệt vời để ghé thăm,2
giáo viên giỏi để làm gì,2
tôi yêu trường đại học này,2
giảng dạy,1
hữu ích,2
sinh viên quốc tế theo học trường cũ,1
đại học ngôn ngữ và văn hóa,1
vị trí lồng,1
đồng tính nam,1
vòng,1
tôi đã học khóa hướng dẫn viên du lịch ở đây nó thực sự đáng giá các giáo viên dạy rất nghiêm túc tận tâm và có tầm nhìn kiến thức đầy đủ và tập trung,2
giảng đường hiện đại được trang bị đầy đủ các thầy cô của khoa tâm lý học rất tận tâm và chu đáo cảm ơn các thầy cô rất nhiều,2
có những chiếc ly việt nam dành cho người nước ngoài tôi đã đến đó 25 năm trước vì vậy tôi đã kiểm tra xem nó có còn ở đó không và nó vẫn còn,1
hệ thống đỗ xe có vấn đề mỗi lần hệ thống bị lỗi xe phải xếp hàng dài chờ đợi trường có không gian rộng rãi ở trung tâm quận 1 có thể tổ chức các sự kiện lớn,0
ngôi trường nổi tiếng trực thuộc trường đại học quốc gia với nhiều năm đào tạo sinh viên có chất lượng tốt trong các lĩnh vực văn hóa xã hội khuôn viên trường khá rộng và xanh mát,2
có lẽ các bạn học sinh hiện tại của trường không biết rằng trước kia ở lối vào nhà để xe có một cây phượng vĩ rất đẹp,2
sách giáo khoa tiếng việt rất khó tìm nhưng bạn có thể mua sách giáo khoa chất lượng cao với giá thấp tại đây,2
nói chung là mình đã yêu trường này từ hồi lớp 10 hy vọng sẽ vào được chuyên ngành quan hệ quốc tế hoặc quản lý du lịch của trường,2
trường dạy tiếng việt tốt nhất và lớn nhất tại hồ chí minh mà mọi người đều có thể tận hưởng tôi cũng đã học trình độ sơ cấp tại một học viện ở hàn quốc trong 2 tháng và đang theo học ở đây trong 2 tháng nhưng tôi vẫn không thể giao tiếp có thể có,2
trường của tôi dễ thương quá,2
toàn bộ phòng quản lý đào tạo cứ đóng cửa sinh viên đi lấy chứng chỉ quốc phòng để tốt nghiệp cứ đóng cửa để xin số liên lạc tôi gọi điện nhưng không nghe máy,0
các giáo viên trong phòng rất tốt bụng và nhẹ nhàng nhưng tôi cực kỳ không hài lòng vì việc chấm điểm mất quá nhiều thời gian tôi đã nghỉ học vài tuần nhưng điểm hk2 năm ngoái vẫn chưa có chờ đợi thực sự rất mệt mỏi,0
lễ tốt nghiệp nhìn chung ổn trường thì rộng nhân viên trông giữ xe thì ồn ào có lẽ vì nhiều người không biết đi đâu nên họ rất bực bội,0
cơ sở vật chất hơi cũ thủ tục hành chính còn nặng nề và rườm rà nhưng phương pháp giảng dạy và học thuật thì tuyệt vời giáo viên có tư duy phóng khoáng và tôn trọng sự đa dạng trong quan điểm của người học,2
tôi là người nhật vào mỗi thứ bảy một sự kiện học tiếng nhật theo cách thú vị được tổ chức bởi một tổ chức có tên là tohnichi club,1
tôi đã đến trường để thi ngoại ngữ nhiều lần trường nằm ở vị trí đắc địa nhưng cơ sở vật chất đã cũ và lạc hậu không còn phù hợp với quy mô hiện tại,0
hôm qua tôi đã tham dự lễ tốt nghiệp của một người bạn ở trường các bạn học sinh ở đây rất thân thiện bãi đậu xe rộng rãi và không gian thoáng mát,2
ngôi trường đã đào tạo ra nhiều con người tài năng góp phần xây dựng đất nước việt nam hùng mạnh,2
giáo viên và học viên thân thiện môi trường tốt tuy nhiên nhân viên giữ xe lúc nào cũng khó chịu đến lớp muộn và không có đủ tiền lẻ năn nỉ nợ 2k5k để đổi tiền và từ chối có thói quen giữ 1,0
nếu bạn muốn học tiếng việt hãy đến đây trường ngôn ngữ của đại học insa vì số lượng sinh viên đã giảm đáng kể sau corona các lớp học được tổ chức theo nhóm nhỏ,1
m học văn bằng thứ hai ở đây đi học mỗi ngày từ 5 giờ chiều đến 930 tối ngôi trường đã thay đổi cuộc đời tôi có những giáo viên tận tụy và những người bạn tuyệt vời ở đây,2
5 đúng rồi đây là nơi tuyệt vời để bắt đầu học tiếng việt lol,2
ngôi trường rất đẹp xanh sạch đẹp và nhân văn nhưng nhân viên bảo vệ bãi đậu xe thô lỗ bắt nạt và chửi bới học sinh anh ta chửi bới mẹ và cha của học sinh nói rằng chửi bới là vô ích nếu học sinh đỗ xe,0
đã check in thành công,1
trường đại học khoa học xã hội và nhân văn đại học quốc gia tphcm giá đỗ xe 0k 3k 4k 5k tùy theo giảng viên sinh viên người ngoài hoặc sinh viên buổi tối,1
đây là nơi tôi học tập với nhiều kỷ niệm cùng thầy cô và bạn bè nơi đây như một việt nam thu nhỏ vì học sinh ở đây đa dạng đến từ mọi tỉnh thành vùng miền tôn giáo dân tộc và có nhiều học sinh nước ngoài hàn quốc nhật bản trung quốc thái lan,2
những ngày tháng sinh viên của tôi đã qua ở đây vào được khoa nhân văn là ước mơ của tôi giờ thì ngày tốt nghiệp đã đến cảm ơn các thầy cô đã dạy dỗ và trang bị cho tôi kho tàng kiến thức để bước vào đời trường đại học khoa học xã hội và nhân văn,2
trường là trung tâm nghiên cứu đào tạo về khoa học xã hội và nhân văn lớn nhất khu vực phía nam và là một trong hai trung tâm lớn nhất việt nam,2
vị trí địa lý thuận lợi ngay trung tâm tuy nhiên không phải khoa lớp hay hệ thống đào tạo nào cũng có thể học tập tại khu vực này,2
tiếng anh english ˈɪŋɡlɪʃ là một ngôn ngữ tây đức được nói từ đầu thời trung cổ ở anh và hiện là ngôn ngữ chung toàn cầu45 từ tiếng anh bắt nguồn từ angle một trong những bộ tộc đức di cư đến anh từ,1
môi trường học tập chất lượng cực cao số một,2
bãi đậu xe không được hiện đại lắm bên cạnh đó sảnh chính trông rất đẹp,2
trường có chất lượng giáo dục tốt học phí rẻ đội ngũ giảng viên thân thiện và nhiệt tình,2
nhà trường mua vé và bắt học sinh xem phim lịch sử nên nhớ rằng văn hóa và nghệ thuật cũng là một mặt trận thiếu phim tài liệu hay để học và trải nghiệm có điều gì đó mờ ám trong trường hợp này,0
nhà trường nên dành thời gian chỉnh đốn đạo đức của nhân viên giữ xe thái độ từ anh chàng đưa thẻ cho nhân viên quản lý bãi đỗ xe nói năng thô lỗ như muốn lấn át tinh thần học sinh,0
nếu bạn muốn học tiếng anh tiếng pháp tiếng nhật tiếng hàn đặc biệt là tiếng thái hãy đến thăm trường đại học khoa học xã hội và nhân văn,2
nhiều năm sau khi tốt nghiệp tôi mới nhận ra rằng thời gian học đại học của tôi là thời gian đẹp nhất cảm ơn khoa nhân văn đã cho tôi một tuổi trẻ tươi đẹp và tuyệt vời đến nỗi tôi luôn tự hào nói rằng uhm tôi là sinh viên khoa nhân văn đừng đùa,2
tôi yêu ngôi trường này tôi đang học tiếng việt ở đây học sinh học ngoại ngữ rất chăm chỉ,2
ngôi trường khá nhỏnhưng có một quán cà phê giá rẻ ở tầng một có máy lọc nước ở mỗi tầng những chiếc cốc được cung cấp không phải là cốc dùng một lần mà là cốc thủy tinh,0
trường nằm ngay trên đường đinh tiên hoàng và minh khai nên thường xuyên xảy ra tình trạng kẹt xe vào giờ cao điểm,0
khuôn viên trường rộng có nhiều khoa xếp hàng chờ lấy đề thi rất lâu,0
môi trường học tập năng động và nổi tiếng về khoa học xã hội và nhân văn,2
ngôi trường rộng rãi nằm ngay mặt tiền,2
giảng viên thanh nhã phạm vô học vô đạo đức lăng mạ người khác chửi người khác không có con đề nghị nhà trường xem xét,0
trường lớn trung tâm ngoại ngữ nhân viên thân thiện,2
món tráng miệng này ngon và hấp dẫn quá haha,2
jung daihok sahoi gwahok bar một năm rưỡi bạn có thể học tiếng việt một cách có hệ thống khuyến khích cho những người mới bắt đầu học tiếng việt,1
tôi học ở đây khá rộng rãi và yên tĩnh,2
rất tự hào khi được là học sinh của ngôi trường này,2
không thể chấp nhận việc hạn chế tín dụng trong năm 1 21 tháng xuống còn 12 tháng,0
trường chuyên đào tạo các ngành xã hội tiêu biểu là báo chí ngoại ngữ địa lý lịch sử xã hội trường có quán cà phê văn khoa nổi tiếng sân trường mát mẻ cổng trường sạch đẹp,2
trường học hoạt động rất chậm gây ra sự chậm trễ gây ra nhiều bất tiện cho học sinh,0
1012 duong dinh tien hoang phuong ben nghe district 1 ho chi minh city new spacious school lots of money good services,2
đuổi gia đình ứng viên ra khỏi trường nhân viên hỏi anh là ứng viên hay là thành viên gia đình tôi trả lời rằng tôi là thành viên gia đình và anh ta chỉ vào cổng và nói vậy thì xin mời ra ngoài,0
đỗ xe nếu thích thì lấy 3k thích thì lấy 4k vừa đi gửi tiền và thu tiền trước chắc sợ học sinh bỏ chạy không đưa tiền xe buýt,0
nhân viên nhiệt tình từ a đến châu á dịch vụ tốt,2
khá rộng và nằm ngay trung tâm quận 1 chất lượng đào tạo rất tốt,2
có người thật sự kém cỏi ngay cả khi bạn có áo mưa bạn cũng có thể ăn cắp nó cha mẹ bạn phải mất công sức để trả hàng chục triệu để trả học phí nhưng có người thực sự thiếu vật chất nhận thức và suy nghĩ để làm một việc cơ bản như một con người,0
chỉ biết lăng mạ người khác đây là trường công tóm lại là không tốt,0
uy tín chất lượng một địa chỉ đáng tin cậy một nơi lựa chọn cho tương lai xin chào mọi người,2
tuổi thanh xuân của tôi được gửi về nơi này 3,1
một môi trường tuyệt vời cho khu vực xã hội học phí rẻ và đội ngũ giảng viên nhiệt tình tận tụy với nghề,2
ngôi trường đẹp hội trường rộng và có thể thuê để tổ chức sự kiện khá tốt,2
các trường thuộc đại học quốc gia phải làm việc và giảng dạy chuyên nghiệp trước đây khi tôi học thêm ở trường chất lượng khá tốt,2
giảng viên có thể nói câu học n5 để thi n3 là hay tôi không biết anh ấy có thể dạy người khác như thế nào,0
nhìn vào hội trường sinh viên và đường lê duẩn tôi thấy thích,2
ngôi trường cực kỳ rộng rãi sạch sẽ và có cơ sở vật chất hiện đại là sinh viên năm 20 chuyên ngành văn học anh tôi rất tự hào về ngôi trường này,2
có người nói tốt có người nói không tốt nhưng mình nghĩ sau khi nghe basic 1 thì chưa muộn để đánh giá phát âm chắc chắn đã được sửa hơn hẳn trước đây haha,1
bộ phận đào tạo không hỗ trợ thông tin bổ sung về việc học lấy bằng cấp thứ hai cảm thấy thái độ không hợp tác,0
nhà trường không chịu trách nhiệm về thông tin và lệ phí của thí sinh có số điện thoại địa chỉ nhưng nhà trường không hoàn trả tiền và mặc dù vùng nông thôn vẫn đang chịu ảnh hưởng của dịch bệnh nhưng thí sinh không thể nhận được tiền,0
cơ sở đinh tiên hoàng tôi nghĩ cô nhân viên làm việc tại phòng tư vấn của trường nên xem xét lại thái độ khi làm việc tôi đã đến đó để lấy tiền cho kỳ thi jlpt khi,0
hội trường d của trường nổi tiếng thoải mái mát mẻ tiện nghi và thuận tiện đến nỗi học sinh các trường khác đổ xô đến tận dụng tận hưởng và thực hành nghệ thuật thủ công,2
trường chuyên cung cấp đào tạo khoa học xã hội chất lượng,2
chất lượng giảng dạy là điều không cần bàn cãi vì đây là một trong những trường trực thuộc đại học quốc gia cần mở rộng các kho sách tham khảo sách chuyên ngành cho sinh viên,0
đây là một trường đại học nằm ở trung tâm thành phố hồ chí minh thu hút sinh viên nước ngoài và hàn quốc tôi đến đó rất nhiều để học tiếng việt có một khoa tiếng hàn và,2
hôm nay mình thi topik ở đây mình thực sự không hiểu tại sao lớp học lại không có đồng hồ trường tệ thế sao cô giáo coi thi không biết có phải của trường hay không nhưng cực kỳ thiếu chuyên nghiệp,0
được thôi đó là một trường đại học,1
ngôi trường này có lịch sử lâu đời chất lượng giáo dục tốt khuôn viên rộng rãi thoáng mát và nhiều sách tham khảo,2
chúng tôi có các khóa học tiếng việt cho người nước ngoài học ban ngày hoặc buổi tối 2 hoặc 3 lần một tuần học nhóm hoặc học riêng bạn có thể lựa chọn tùy theo sự thuận tiện và sở thích của mình học riêng thì đắt nhưng học nhóm thì rẻ hơn,1
trường đại học khoa học xã hội và nhân văn thành phố hồ chí minh là sự lựa chọn hàng đầu của hàng ngàn sinh viên mỗi mùa thi trường có cơ sở vật chất tốt môi trường thân thiện chất lượng đào tạo tốt,2
trường tuyệt vời giáo viên thân thiện và nhiệt tình,2
ngôi trường này có một vị hiệu trưởng nói với học sinh của mình rằng tôi không biết gì về luật cả là một hiệu trưởng nếu ông ấy nói như vậy ông ấy sẽ là người giáo viên như thế nào,0
học từ cử nhân đến sau đại học ở đây tôi nhớ nhất là khi còn tòa nhà d cũ bên ngoài có một hồ nước nhỏ rất đẹp bây giờ xây dựng nhiều khối nhà hiện đại hơn khiến người ta hoài niệm,2
trường sạch sẽ đẹp rộng rãi và có bãi đậu xe,2
là trường đại học danh tiếng hàng đầu tại việt nam phần lớn sinh viên tốt nghiệp có chất lượng cao cơ sở vật chất cũng tương đối tốt,2
môi trường học thuật tốt nơi đào tạo ra nhiều nhà lãnh đạo của đất nước đặc biệt là ở miền nam trường có tỷ lệ giảng viên là tiến sĩ và thạc sĩ gần như tuyệt đối,2
không gian giáo dục đại học có cơ sở vật chất hợp lý thuận tiện cho người học,2
ngôi trường rộng rãi thoáng mát phù hợp cho học sinh vừa học vừa chơi môi trường lý tưởng để đào tạo nhân tài tương lai,2
tôi vừa mới đậu kỳ thi tuyển sinh thạc sĩ tesol của trường tôi sẽ trải nghiệm và quay lại chỉnh sửa bài đánh giá này khi có thay đổi,1
đây là ngôi trường tôi đang theo học có 28 khoa và bộ môn chất lượng đào tạo đáp ứng nhu cầu xã hội khuôn viên trường rộng rãi đặc biệt thu hút nhiều sinh viên quốc tế đến đây học tập và nghiên cứu học phí thuộc loại rẻ nhất trong các trường đại học,2
tòa nhà a sắp sụp đổ và trường học vẫn chưa được xây dựng lại nếu bạn muốn tự tử hãy lên tầng 6 tòa nhà d hội trường d luôn nhộn nhịp với những nhóm người nhảy múa xung quanh,0
không gian tọa lạc ngay trung tâm sầm uất của sài gòn bên cạnh kiến trúc hiện đại còn có những dãy giảng đường mang nét hoài cổ thầy cô rất tận tâm,2
trường nằm trên đường đinh tiên hoàng giao với lê duẩn khuôn viên trường nhỏ nhưng sạch sẽ thoáng mát nhiều cây xanh cơ sở vật chất tuy không hiện đại nhưng có nét gì đó cổ kính mình rất thích,2
hãy kết thúc để một cuộc sống khác có thể xanh tươi bắc thân mến bạn có hiểu hết trái tim của nam không,1
học ở đây nên cho 5 sao tuần nào cũng có chủ đề để tham gia thú vị,2
ngôi trường xanh sạch và đẹp khi tôi đến thăm trước đây nó không đẹp như bây giờ nhìn lại tôi nhớ thời sinh viên của mình rất nhiều,2
trường học tốt trường đại học,2
em dự định đăng ký thi môn địa lý của trường năm nay em hy vọng đề thi năm nay không quá khó để em có thể vào được trường đại học mà em mơ ước bấy lâu,1
phòng học có máy lạnh và sạch sẽ chỗ để xe trước hàng c khá thoải mái nhưng hơi khó lùi xe,2
trường nhỏ và trang thiết bị cũ tuy nhiên giáo viên dạy tiếng việt rất chuyên nghiệp và thân thiện cấp độ junior e1 và e2 được dạy bằng tiếng anh học phí sẽ tăng bắt đầu từ tháng 9 năm 2019 nếu bạn đăng ký vào,2
"trường đại học khoa học xã hội và nhân văn trước đây gọi là trường đại học văn khoa sài gòn trước đây triết học được giảng dạy rất tốt ",2
ngôi trường khá tốt ngoại trừ chiếc váy cử nhân màu cam xấu xí,2
trường có nhiều ngành nghề đa dạng nhiều sinh viên quốc tế là ngôi trường tốt để trao đổi,2
trường là trung tâm nghiên cứu và đào tạo lớn nhất về khoa học xã hội và nhân văn ở khu vực phía nam trường rộng và thoáng,2
rộng rãi quy mô lớn và mang tính học thuật,2
mình sẽ đỗ nv1 ngành truyền thông đa phương tiện,1
cho em hỏi một câu năm nay trường có tổ chức ôn thi cddh không nếu có thì em cần làm gì để đăng ký ôn thi tại trường,0
tầm trung khá tốt,2
trường có nhiều khoa sáng tạo hoặc tổ chức các chương trình dân tộc nên tôi rất thích,2
có các lớp tiếng việt được dạy bằng tiếng anh và có khoa tiếng việt vì vậy bạn thường có thể thấy học sinh hàn quốc theo học tại trường ngay cả khi bạn hiện không theo học tại trường bạn vẫn có thể ghi nhớ địa điểm nếu bạn là cư dân,2
có vẻ như có sự nhầm lẫn về logo của trường với trường cùng tên thuộc hệ thống đại học quốc gia hà nội vui lòng điều chỉnh lại cho chính xác hơn,0
các khóa học tiếng việt rất dễ tiếp cận với nhiều hình thức khác nhau từ khóa học chuyên sâu đến khóa học buổi tối tính đến hôm nay chúng tôi có mức học phí là 6000000 vnd cho 80 giờ học,2
cái tên đại học văn học nghe có vẻ hợp lý hơn nghe không ổn khi nó quá cụ thể,0
tôi đã học thi ở đây cách đây 5 năm cơ sở vật chất khá cũ nhưng chất lượng đào tạo rất tốt đáng để học,2
khuôn viên trường nhỏ và đẹp tạo cơ hội cho người nước ngoài học tiếng việt có các lớp học riêng và lớp học nhỏ hầu hết người nước ngoài trong trường là người hàn quốc,2
bạn có thể cho tôi biết học phí chính xác của trường không có phát sinh thêm điều gì trong quá trình học không,1
chất lượng giảng dạy tốt giáo viên tận tâm một nơi tuyệt vời để ôn tập cho kỳ thi đại học sắp tới,2
môi trường học thuật tuyệt vời trong lĩnh vực khoa học xã hội và nhân văn tại việt nam,2
đã lâu rồi kể từ khi tôi tốt nghiệp vào năm 2004 và tôi nhận thấy rất nhiều thay đổi để cấp giấy chứng nhận tốt nghiệp hãy đến phòng b002,0
tôi nhớ trường nhớ bạn bè và thầy cô một ngôi trường tuyệt vời,2
nghe nói cơm ở đây ngon nhưng trường học ở trung tâm gây tắc đường,0
phản đối để sinh viên được nhìn thấy đất rừng phía nam,0
trường đào tạo rất tốt,2
trường đại học khoa học xã hội và nhân văn là đơn vị thành viên của đại học quốc gia thành phố hồ chí minh thành phố hồ chí minh có lịch sử 60 năm hình thành và phát triển,2
tôi hy vọng ussh hcm có ngành quan hệ công chúng tôi rất thích ngành này và ngôi trường này nhưng tôi sống ở hcm,2
thông tin chậm thái độ của nhân viên nhà trường như muốn lấy hết mọi thứ,0
ảnh chụp ở tầng 5 khu d,1
truong t,2
trường có đội ngũ cán bộ nhân viên chất lượng tận tụy trong công tác giảng dạy cho sinh viên,2
tôi muốn biết học phí của trường là bao nhiêu ai có thể giúp tôi được không,0
tôi đã học ở trường này tốt,2
đây là nơi có bề dày lịch sử là một phần còn lại của thành gia định xưa,1
nơi đào tạo nguồn nhân lực tại trường đại học khoa học xã hội và nhân văn thành phố hồ chí minh,2
trường trực thuộc đại học quốc gia thành phố hồ chí minh khuôn viên trường rất rộng và thoáng mát,2
tôi biết có bao nhiêu cơ bắp nếu bạn tham gia kỳ thi tuyển sinh vào trường bạn sẽ có thể học cách làm điều đó,1
hoặc đến đây để học và tham dự sự kiện,1
nếu bạn chọn trường đại học thì đây là nơi tốt nhất,0
có nhiều câu lạc bộ ngoại ngữ để tham gia rất hữu ích,2
vị trí đẹp gần công viên lớn chuyên đào tạo khối c và d,2
thích đến thăm trường nhân văn có hội trường d lộng gió,2
được trang bị đầy đủ phù hợp cho việc giảng dạy,2
rộng rãi thoáng mát nhân viên rất thân thiện,2
đồ ăn và đồ uống giá rẻ wifi miễn phí mát mẻ và thoải mái,2
mát mẻ và thoáng mát,2
môi trường tốt tiện nghi tốt không gian thoải mái,2
sau khi học một lần có lẽ tôi không bao giờ nghĩ mình sẽ học lại nữa,0
nếu bạn muốn học tiếng việt hãy đăng ký ngay,0
tôi muốn đến trường này nhưng tôi không thể để tôi theo bạn vào ngày mai nhé,1
không có gì đặc biệt nhưng có rất nhiều sự tự kiểm tra,1
ước mơ của tôi là có thể theo học ngôi trường này,2
nơi rất tốt để trao đổi và học hỏi,2
trước đây nó là một khoa của một trường đại học tổng hợp,1
nơi sản sinh ra nhiều nhân tài cho đất nước,2
cái nôi của phong trào sinh viên thành phố,2
đó là tình yêu của chúa nên con ngợi khen chúa,2
trường đại học nằm ở khu vip,0
rất nhân đạo,2
tôi đã từng học ở đây rất tốt,2
người giữ xe nóng tính quá,0
trường nhỏ không có khuôn viên trường,0
hơi cũ nhưng gần hơn thủ đức,1
là một trường đại học lớn trực thuộc đại học quốc gia,1
một trong những trường lớn ở sài gòn,2
luôn yêu ngôi trường thân thiện này,2
tôi có một người bạn học ở trường này,1
hướng dẫn lớp học rất chi tiết,0
trường này có nhiều cô gái xinh đẹp,2
đào tạo tốt về ngoại ngữ,2
đẹp rộng rãi,2
trg tốt,2
không gian hiện đại,0
khánh thành trụ sở khoa y trường đại học nguyễn tất thành,2
một tòa tháp tri thức sống động bên bờ sông sài gòn,0
ngôi trường mang tên bác hồ thật xứng đáng với tên gọi của nó,2
được rồi không tốt lắm,0
toi da lam o day,2
ghét,0
vừa trải qua một buổi lễ tốt nghiệp không thể tệ hơn hội trường nhỏ ở cơ sở quận 4 nhưng có thể chứa hơn 400 sinh viên cùng một lúc sau đó không đủ chỗ và tôi phải đi,0
chính sách hỗ trợ sinh viên không tốt trước đây tôi học ngành dược tại nttu nhưng vì trong thời gian đại dịch tôi không thể nộp đơn xin chuyển ngành và phải nộp bảng điểm để đăng ký ngành khác từ nttu theo quy định của trường,0
giáo viên cạnh tranh với học sinh nhiều hơn học phí đắt đỏ và giảng dạy thì tệ học nhiều môn lạ quá không biết mục đích là gì chắc nhà trường thiếu tiền học phí đắt đỏ đến mức học sinh buộc phải,0
đội ngũ giảng viên tâm huyết hy vọng nhà trường sẽ ngày càng phát triển để đào tạo ra nhiều thế hệ tri thức chất lượng,2
trường nguyễn tất thành mang tên bác nhưng từ đội ngũ cán bộ phòng đào tạo đến giáo viên đều như người chợ cơ sở vật chất tồi tàn quá trình giảng dạy phân chia các môn học trình độ giáo viên,0
giảng viên dễ thương và nhiệt tình hy vọng nhà trường sẽ cố gắng phát huy và nâng cao chất lượng đào tạo lên mức cao nhất,2
trường rất tệ học phí đắt đỏ lịch học quá sức với sinh viên cả tuần và họ còn bắt bạn phải trả tiền cho những môn không chuyên nói chung là không có gì không thể chê được,0
phòng đào tạo của trường dcm như l hỏi đáp không giải quyết gì cả chỉ chờ thông báo thông tin rõ ràng về trường chết tiệt trường tôi không đủ điểm để học ở đây t tốt nghiệp phòng đào tạo chetconme cùng tôi,0
ngôi trường tệ nhất mà tôi từng biết hầu hết những người quen của tôi từng học ở trường này đều phải chuyển trường vì học phí đắt đỏ lịch học không hợp lý và chất lượng giảng dạy thì chẳng tốt chút nào,0
các thầy cô rất tận tâm và nhân viên rất lịch sự có thể vì nhiều học viên đăng ký khóa học cùng lúc nên mỗi lần đăng ký đều phải chuẩn bị trước còn về lễ tốt nghiệp tôi hy vọng nhà trường sẽ thuê một không gian rộng hơn dựa trên điều kiện của trường,0
các thầy cô ở nttu điên quá nhất là cô hiền ở khoa dược cô giải thích phần mà mình không hiểu trong 30 phút cuối cảm ơn cô đã kiên nhẫn với sự ngốc nghếch của mình yêu mãi mãi,2
trường học tệ lắm họ bắt học sinh phải học suốt đêm và không cho học sinh đi làm thêm họ bắt học sinh phải tham dự lễ khai giảng nếu không tham gia sẽ bị trượt lớp,0
công việc của phòng nhân sự rất vô trách nhiệm việc trả lời các sinh viên tình nguyện không có đầu cũng không có cuối khi được hỏi lại họ nói là nghiêm túc có thể không giảng viên không biết gì cả tùy thuộc vào người họ hỏi nhìn chung học phí đắt đỏ và cơ sở vật chất tệ,0
ngôi trường tồi tàn này luôn thiếu cả giáo viên lẫn cơ sở vật chất để dạy học cả giáo viên và học sinh đôi khi phải chạy qua chạy lại giữa ba cơ sở thuê,0
tôi hiện là sinh viên năm 2 và tôi cảm thấy lớp học của mình rất vui mọi người giúp đỡ nhau học tập theo nhiều cách khác nhau và các giáo viên ở đây rất hữu ích và nhiệt tình,2
trường nào cũng có học sinh hài lòng hoặc không hài lòng quan trọng là trường có lắng nghe học sinh hay không nói chung là ổn ổn vì mới có 1 năm thôi kkk,1
tệ hại phần tư vấn sinh viên quá tệ cố ý bỏ qua câu hỏi trên dưới 10 lần mặc dù tôi thấy câu hỏi của tôi đã đến trước câu hỏi của 1 người bạn và vẫn trả lời câu hỏi của bạn rất thân thiện như gia đình của tôi,0
chỉ một từ tệ nhất cho mọi thứ từ chất lượng giảng dạy đến cơ sở vật chất và dịch vụ chăm sóc sinh viên học sinh đang đọc không tin vào các đánh giá 4 hoặc 5 sao vì tất cả chúng đều được mua hoặc đến từ các viên chức và nhân viên của trường khi bạn tìm kiếm trên google tất cả chúng đều là các bài báo pr được trường mua baiiiiiii,0
là một trong những trường đại học ngoài công lập trường đã đầu tư khá nhiều vào cơ sở vật chất cũng như con người trường nằm trong top 12 trường đại học tốt nhất việt nam học phí ở đây không đắt đỏ nơi mà hầu hết các gia đình ở việt nam có thể cho con em mình theo học cơ sở vật chất tốt đội ngũ giảng viên có trình độ và tận tâm,2
tôi thường được sếp mời đến văn phòng để uống nước và nói chuyện,2
tôi chỉ yêu cầu bảng điểm tôi đã đặt lịch hẹn vào thứ ba nhưng tôi chỉ nhận được vào thứ tư nhưng khi tôi đến tôi nói rằng tôi chưa có vì vậy thật lãng phí thời gian trường học chậm,0
chỉ một từ tệ nhất cho mọi thứ từ chất lượng giảng dạy đến cơ sở vật chất và dịch vụ chăm sóc học sinh học sinh đang đọc không tin vào các đánh giá 4 hoặc 5 sao vì tất cả chúng đều được mua hoặc đến từ nhân viên nhà trường khi bạn tìm kiếm trên google,0
trường dạy tốt và chất lượng tuyệt vời so với mức trung bình của các trường ngoài công lập thì trường ntt có mức học phí ổn định nhất cam kết không tăng trong suốt khóa học đội ngũ nhân viên và giảng viên của trường đều rất thân thiện và nhiệt tình trường có nhiều cơ sở vật chất với tầm nhìn rất đẹp,2
giữa cái nóng tháng 3 của sài gòn làm sao bạn sắp xếp cho học sinh học ngoài trời nắng học phí có vẻ rất rẻ nhà vệ sinh ở cơ sở quận 7 thật kinh tởm,0
học phí rất đắt nên hãy cân nhắc trước khi học nhé,0
giải quyết vấn đề hời hợt vô trách nhiệm thái độ đối với sinh viên gọi điện đến phòng quản lý đào tạo hàng chục lần nhưng không ai nghe máy trong giờ làm việc yêu cầu nhà trường xem xét lại các phòng ban từ,0
trường học kiểu gì thế này từ bảo vệ đến nhân viên trong phòng này phòng kia nếu có vấn đề gì thì bảo anh này đẩy anh kia qua rồi gọi anh kia thế là bà mẹ nào cũng già cả và làm việc,0
xác nhận quá muộn,0
tôi quan tâm và muốn học tại trường nhưng khi tôi gọi điện xin tư vấn và hỏi một số câu hỏi trường đã đẩy tôi từ khoa này sang khoa khác tổng cộng tôi đã gọi đến 3 khoa tất cả đều được cung cấp qua điện thoại của trường,0
đội ngũ tuyển sinh tư nhân của trường rất thiếu học thức nghịch lý của một cơ sở giáo dục khi học sinh gọi điện hỏi về phương pháp tuyển sinh trả lời là có sau đó chửi học sinh rằng sao mày ngu thế một môi trường thiếu,0
nhà trường rất rất vô trách nhiệm từ chối giải quyết vấn đề cho sinh viên cảnh cáo học tập rất vô lý nhà trường từ chối mở khóa học trong khi sinh viên chỉ còn 3 môn nữa là tốt nghiệp nếu bạn không có đủ,0
có những quy định nghiêm ngặt và sắp xếp sự kiện tốt nhân viên nhà trường luôn túc trực,2
tại sao lớp a201 vừa nắng vừa nóng nhưng không bật được máy lạnh quạt chỉ bật được 1 2 lần như không bật mình nói về sửa máy lạnh mấy năm nay rồi mà chưa thấy sửa học th mà thở không nổi,0
bác sĩ dễ thương nói chuyện rất hay,2
tốt cho việc học tập cơ sở vật chất của trường rất tốt thuận tiện cho việc đi lại,2
trường khá tốt xung quanh có nhiều khách sạn phù hợp với học sinh ở xa đồ ăn cũng ngon hơn các quận khác thầy cô vui vẻ nhẹ nhàng nhưng vì đi xa nên học rất mệt,2
trường không dạy gì cả nhưng tiền thì rất tốt tôi trượt môn đó để dành tiền thi lại,1
các cố vấn tuyển sinh không nhiệt tình,0
tệ quá tôi có điều muốn hỏi tôi đã gửi tin nhắn đến trang của trường nhưng chỉ nhận được tin nhắn xem tôi cũng đã nhắn tin cho giáo viên chủ nhiệm nhưng vẫn chưa nhận được câu trả lời,0
bạn không nên theo học trường này lý do như sau 1 học phí quá cao bạn phải đóng học phí cho 3 học kỳ trong 1 năm trước khi có thể học học kỳ 1 bạn phải đóng học phí cho học kỳ 2 và sau đó,0
tiện nghi tốt khó bắt xe buýt vào giờ cao điểm,0
trường tệ lắm chỉ biết trả tiền cho chất lượng đào tạo kém thay vì học ở nguyễn tất thành bạn nên chọn trường những trường này chỉ biết lấy tiền của học sinh và họ tốt,0
khi đăng ký khóa học tôi chỉ nghe các bạn sinh viên thông báo chứ không thấy thông báo nào từ trang web của trường nếu bạn không hoàn thành học kỳ này bạn phải đóng học phí học kỳ tiếp theo nghỉ từ ngày 30 tháng 4 đến ngày 1 tháng 5 cho đến m3 trong khi m3 là hạn chót nộp học phí liên hệ trang,0
xin chào minh là sinh viên năm 2 trường đại học ntt ngày 10 tháng 6 năm 2022 em có lịch thi tại phòng 205 khu d khi em làm xong bài thi lúc 430 chiều em vô tình để quên điện thoại trong lớp khi em quay lại mọi người đã rời khỏi,1
khoa ngoại ngữ không mở lớp tiếng đức nội bộ cho sinh viên sau đại học 1 mở đúng 1 năm 1 lần nếu đủ số lượng nếu không đủ sẽ không phải chờ người làm,0
có phòng thì lạnh có phòng thì nóng như lò nướng nói nhiều chuyện làm mình giận trường quá,0
môi trường đào tạo con người khá tốt,2
tệ phòng quản lý và đào tạo không xử lý sinh viên thái độ đối với sinh viên phản biện số 1,0
trường bán mỹ phẩm cảm thấy ngu ngốc học q4 đứng cm đòi đóng tiền q12 mua ghế,0
tiếc quá các bạn 2k1 nếu muốn tốt nhất cho bản thân và gia đình thì tuyệt đối không đăng ký vào trường này trừ khi bạn có tiền dư phần lớn tiền đó là lãng phí những đánh giá 5 sao dài dòng đều từ gmail các giáo viên ở đây làm pr để lừa bạn,0
tệ lắm bạn không nên học ở ngôi trường tệ hại này,0
thủ tục hành chính không nhất quán gây lãng phí thời gian không cần thiết cho sinh viên nhân viên làm thủ tục có thái độ hống hách,0
cơ sở vật chất tốt đội ngũ giảng viên rất tận tâm và trường có các bài đăng tuyển dụng việc làm thêm để giúp sinh viên kiếm thêm thu nhập trong khi đi học,2
đầu tư rất nhiều vào cơ sở vật chất cũng như con người trường nằm trong top 12 trường đại học tốt nhất việt nam học phí ở đây không đắt đỏ,2
bạn thật điên rồ khi đến đây để học,0
các bạn tân sinh viên đừng dại dột mà hãy đến ngôi trường này nhé chạy đinnnnnnnn,0
sẽ bình luận sau về bức tranh toàn cảnh không giống như những gì được quảng cáo đánh giá về chất lượng chuyên môn là sai tôi không biết là chuyên môn của hội đồng khoa học hay tôi đã sai ngay từ đầu đừng giống như tôi,0
trường đại học nguyễn tất thành là trường đại học đa ngành đa lĩnh vực ứng dụng đáp ứng nhu cầu giáo dục đại học đại chúng thông qua việc tạo ra môi trường học tập tích cực và trải nghiệm thực tế cho tất cả sinh viên trang bị cho người học,2
không bao giờ giải quyết vấn đề nhanh chóng đẩy một phòng ban này sang phòng ban khác không nhiệt tình giúp đỡ tôi hối hận khi học ở một ngôi trường thô lỗ như vậy,0
1 sao cho trường học,1
khóa 17 của khoa dược cho rằng điều kiện thực tập không phù hợp với các văn bản mà nhà trường công bố nhà trường không giải quyết công bằng cho tất cả sinh viên khóa 17 phong cách làm việc,0
nơi tôi chọn để học trong 6 năm vì chất lượng giảng dạy và tài liệu rất tốt trường có nhiều cơ sở vật chất rất rộng đi bộ hơi mệt nhưng trường không gây khó khăn cho học sinh khi đi đến,2
tôi rất háo hức được thực tập không coi thực tập là đúng tốt hơn là thông báo cho sinh viên trước 1 học kỳ để chúng ta có thể biết cách quay lại chủ đề tôi không biết phải nói gì bây giờ tôi đang quay lại nên tôi đang,0
nhà trường cho học sinh lấy tên bác tạo cho học sinh sự an tâm không còn nghi ngờ gì nữa là bên trong đội ngũ ncc,2
trường tốt xứng đáng được 1 sao,2
trường đẹp rất rộng rãi và thoáng mát trường có lịch sử lâu đời đội ngũ giáo viên tận tụy được trang bị đầy đủ phòng học thư viện và phòng tự học sau mỗi tiết học đây là nơi để học sinh nghỉ ngơi và học tập bao gồm phòng máy tính để bạn có thể tra cứu thêm thông tin,2
tiếc quá các bạn 2k1 nếu muốn tốt nhất cho bản thân và gia đình thì tuyệt đối không đăng ký vào trường này trừ khi bạn có tiền dư phần lớn tiền đó là lãng phí các đánh giá 5 sao dài dòng đều từ gmail các giáo viên ở đây làm pr để lừa bạn,0
tất cả những đánh giá trên đều sai trường lấy tên bác hồ để đánh vào tâm lý học sinh nhưng khi vào trường rồi mới hiểu rằng không có số tiền nào là đủ minh đã tốt nghiệp trường này nhưng tôi thì không,0
vấn đề lớn nhất là trường cần nhân phải có website để tránh tình trạng quá nhiều học sinh truy cập vào gần ngày nhập học gây tắc nghẽn hoặc thậm chí sập,0
buổi lễ tốt nghiệp được tổ chức rất tệ có quá nhiều người ghế ngồi không có tựa lưng và có nhiều người lợi dụng đám đông để móc túi,0
sai lầm lớn nhất của tôi là học ở ngôi trường này học phí không quá rẻ nhưng luôn thiếu giảng viên cách đối xử với học thuật là đẩy trách nhiệm và cuối cùng là lỗi của sinh viên tôi thực sự khuyên không nên,0
là một trong những trường đại học ngoài công lập trường đã đầu tư khá nhiều vào cơ sở vật chất cũng như con người,2
thật đáng tiếc lịch học hiện tại không chỉ gần giờ học mà còn vào thứ bảychủ nhật vui lòng tránh nó,0
trường sạch đẹp đội ngũ bảo vệ rất nhiệt tình trong việc hỗ trợ học sinh học phí ổn,2
ngôi trường tệ nhất mà tôi từng biết đầu tiên thái độ của các khoa đặc biệt là khoa công tác sinh viên và khoa đào tạo đối với sinh viên rất coi thường sinh viên,0
nhà trường thu phí thư viện một cách vô lý thu ngay và thu chung với học phí học kỳ đầu thu mà không biết học sinh có cần lên thư viện đọc sách hay không,0
trường đại học lớn nhưng không đủ giáo viên nên kéo dài thời gian tốt nghiệp lên 4 năm nhưng đã 6 năm rồi chưa tốt nghiệp cứ vài tháng lại thêm một môn mới nên mình cứ đóng học phí mà chẳng thấy đâu mọi người ơi đừng đăng ký nhé,0
thái độ khi tiếp nhận hồ sơ trao đổi thông tin từ phía sinh viên rất coi thường sinh viên mặt mày cau có nói năng như ném giấy không hướng dẫn gì cả rồi lại nói,0
ở cơ sở này cơ sở vật chất khá tốt phòng bên cạnh khoa âm nhạc ở hành lang c208 vẫn hơi nóng mặc dù đã bật điều hòa phòng d106 không có thảm để học các môn vật lý vẫn khá đau khi luyện tập nhà vệ sinh lúc nào cũng không có giấy,0
học phí cao nhân viên chỉ là một số ít người nhiệt tình bãi đỗ xe mất gần 15 phút để tôi lấy xe ra một người bạn nữ nhờ cô ấy lấy xe và bảo cô ấy tự lấy trong khi ngồi đó chơi bài và hút thuốc,0
không vào được website chất lượng giảng dạy kém bắt buộc học sinh ở nội thành phải ra tận quốc lộ 1a để học 1 tuần 1 lần trường bán kính 5km chia làm 34 trường bắt buộc học sinh mỗi khóa phải học ở 1 trường,0
ngôi trường mang tên người anh hùng vị lãnh tụ đã có công giải phóng dân tộc việt nam chúc ngôi trường luôn phát triển bền vững đào tạo nên những con người tài năng cho đất nước,2
tại sao trường không cho chúng em đi thực tập chúng em cần phải tốt nghiệp đúng không mùa đông đã lạnh vào tháng 12 nhưng còn có tình người lạnh lẽo này trường ơi hãy cho chúng em đi thực tập đất nước đang trong cơn dịch bệnh và đang trong,0
bộ phận trung tâm ngoại ngữ nttu làm việc chậm chạp và bỏ qua phản hồi của sinh viên trả lời câu hỏi hời hợt đánh giá cho buổi ôn tập và thi toeic nb,0
tôi nghe mọi người nói với nhau rằng lớp học lạnh lắm nhưng khi tôi vào tôi thấy nóng lắm khi tôi đến trường mọi người đều đổ mồ hôi và mọi người ngồi quạt cho tôi thương hại tôi sao,0
không gian rộng rãi thoải mái chỉ có học sinh và giảng viên mới được vào trường,0
phòng tuyển sinh có lọc dữ liệu không họ nói với tôi rằng có một trường nhưng họ cứ gọi điện làm phiền tôi tôi vẫn tự hỏi mình đã học trường nào trong khi leo lên thứ hạng tôi cứ gọi điện,0
trường có học phí cao chất lượng đào tạo không cao quản lý lỏng lẻo nhiều chi nhánh nhỏ được thuê để đào tạo thi vào trường này không đảm bảo được học ở đây thật sự rất nản khi đỗ trường,0
trường đang kinh doanh như điên thu tiền từ học sinh nhanh chóng công việc chậm chạp trang web của trường sập liên tục cơ sở vật chất xuống cấp dùng số tiền đó để làm ba thứ đầy màu sắc như phim youtube có giá vài,0
vô trách nhiệm giải quyết vấn đề của học sinh một cách hời hợt,0
vị trí của trường nằm ngay điểm nóng vào giờ cao điểm nhiều học sinh đi ngược chiều ảnh hưởng đến giao thông công cộng đánh giá 5 sao không khách quan,0
ngôi trường vinh dự được mang tên chủ tịch hồ chí minh khi người còn giảng dạy tại trường dục thanh phan thiết tuy nhiên mức học phí so với mặt bằng chung khá đắt đỏ,2
cơ sở giáo dục tốt giao thông thuận tiện gần đường cao tốc 1a nhiều ngành nghề hot cho sinh viên,2
tôi hy vọng nhà trường sẽ xem xét lại và giúp đỡ tôi bố mẹ tôi rất mong được tham dự buổi lễ của tôi bản dịch ổn tôi đã chờ đợi nhiều tháng để có thể có một buổi lễ hoàn hảo,2
mình thấy các thầy cô ở trường dạy rất tốt chất lượng tốt cơ sở vật chất rất tốt nhưng mình hy vọng sẽ có những thay đổi tốt hơn về mặt học thuật,2
đã học tại trường đại học nguyễn tất thành 4 năm nay mọi thứ đều tuyệt vời giáo viên siêu dễ thương và nhiệt tình rất tốt,2
trường đại học nguyễn tất thành trực thuộc tập đoàn dệt may việt nam thành lập ngày 5 tháng 6 năm 2005 tiền thân là cao đẳng nguyễn tất thành,1
tiêu chuẩn đầu tiên là phòng vệ sinh rất sạch sẽ và khá rộng rãi thang máy đi rất nhanh nhân viên xếp hàng rất trật tự tình nguyện viên nhiệt tình chỉ có điều là căng tin hơi nhỏ,0
trường học thì ổn nhưng khi tan trường đường phố đông nghẹt kẹt xe kinh khủng một phần là do xe bên ngoài một phần là do học sinh ra về không đúng cách nên dẫn đến kẹt xe,0
tư vấn tuyển sinh hời hợt chỉ có một người rất trẻ ăn mặc không lịch sự cố vấn chương trình không nhiệt tình không có nhiều thông tin chỉ tập trung vào chương trình quốc tế này nọ,0
trường đại học nguyễn tất thành có nhiều giảng viên giàu kinh nghiệm và nhiệt tình tôi rất hài lòng,2
môn học số 17 của khoa dược không được đánh giá công bằng về điều kiện thực tập,0
sảnh chờ rộng rãi có cửa tự động máy lạnh cực mát nhân viên nhiệt tình giáo viên hướng dẫn thân thiện,2
môi trường giáo viên chất lượng vv thực sự tệ,0
trụ sở chính của trường đại học nguyễn tất thành nơi tổ chức các sự kiện âm nhạc hội họp cuộc thi hội thảo giải quyết các vấn đề học thuật đóng học phí vay vốn cấp chứng nhận sinh viên phòng thực hành của các khoa dược điều dưỡng mắt,1
thuốc tuyệt vời,2
nếu bạn trượt bạn sẽ nhận được tiền để thi lại đừng học,0
đến thời gian thực tập họ lấy lý do chậm trễ và không cho sinh viên thực hành không có ai giải quyết,0
các trường nhận được tiền học phí nhanh chóng và đúng hạn mọi thứ khác đều được thực hiện theo lịch hẹn và tất nhiên là không nhanh chóng,0
ngôi trường đại học mang tên tuổi thanh xuân của tôi và bên cạnh có một ký túc xá,1
trụ sở chính của trường đặt tại 300a nguyễn tất thành phường 13 quận 4 thành phố hồ chí minh ngoài ra trường còn có 5 cơ sở nữa tại thành phố hcm,1
ngày nào cũng có xe cộ đi qua chắc là có kế hoạch chuyển ra khỏi thành phố,0
trường không có gì để chê ngoại trừ trung tâm ngoại ngữ,1
trường có nhiều vụ bê bối đừng làm chúng tôi thất vọng,0
họ luôn khẳng định đạt tiêu chuẩn 5 sao quốc tế nhưng chất lượng thực tế thì không như vậy,0
nơi đây nổi tiếng đào tạo ra nhiều thế hệ sinh viên có trình độ cao phục vụ đất nước và luôn đạt hiệu quả rất cao,2
ngành học chính của trường này là dượcvà đây cũng là ngành học tốn kém nhất trong số tất cả các ngành học,0
trường nccc hút rất nhiều tiền từ gia đình và học sinh,2
chương trình đào tạo phù hợp và học phí,2
không gian mở làm việc nhanh,0
trường siêu sao đội ngũ tư vấn nhiệt tình dễ tính,2
vì có người yêu cầu đánh giá 1 sao nên tôi đã bỏ phiếu 5 sao để tát vào mặt uwu,0
học phí cao và lịch học không ổn định khiến sinh viên khó có thể làm thêm bán thời gian,0
bây giờ tôi đang ở nhà có rất nhiều cô gái ở đây rất xinh đẹpnên bạn nên đăng ký,0
đội ngũ tư vấn tuyển sinh rất nhiệt tình và dễ thương,2
giải quyết vấn đề luôn đẩy trách nhiệm và từ chối giải quyết vấn đề cho học sinh,0
làm việc không chuyên nghiệp thi cử rồi lại nói bận việc muốn hoãn lại rồi lại hoãn lại bỏ cuộc,0
tôi thấy có người yêu cầu đánh giá 1 nên tôi vào và đánh giá 5,1
trường học kiểu gì mà gọi điện nhưng không ai bắt máy,0
chào đón nồng nhiệt hướng dẫn chi tiết và chu đáo,2
trường này chuyên đào tạo về lĩnh vực gì,1
vị trí không tốt kẹt xe kinh khủng vào giờ cao điểm,0
tôi rất mệt mỏi khi các giảng viên nhìn thấy tin nhắn mà không trả lời,0
trường cũng khá tốt ngành dược thì phổ biến hơn bác sĩ trầncôngchin,2
bạn có thể cho tôi biết nhà trường có xem xét bảng điểm không và theo cách nào,1
trường có cơ sở vật chất tốt nhưng học phí vẫn hơi cao,0
trang web nào tệ đến vậy máy chủ nào ngừng hoạt động cả ngày vậy làm sao người dùng có thể truy cập được,0
bạn không nên đến trường này k21 đã nói,0
máy điều hòa bị hỏng hoàn toàn,0
không cho học sinh thực hành đúng giờ,0
trường đẹp chất lượng giáo dục không thể chê vào đâu được,2
trường l chỉ lấy tiền vòi,0
trường này tệ quá trong việc kiếm tiền cho sinh viên,0
đây là một trường lừa đảo cấp tiểu bang,0
kẹt xe quá tệ bạn nên trồng thêm cây,0
hy vọng được trở thành thành viên của trường này,2
tuyệt vời muahahahaha,2
tệ quá không thực sự tốt cho việc giảng dạy,0
dịch vụ của nhân viên nhà trường không tốt,0
dễ tìm đường luôn đông đúc xe cộ,2
1 sao quá nhiều lý do để đề cập,0
cơ sở vật chất ổn chất lượng giảng dạy ổn,2
rất tệ tôi không bao giờ trả lời điện thoại khi tôi gọi,0
giảng viên nhiệt tình và tận tâm,2
phí cao,0
một ngôi trường nổi tiếng ở sài gòn,2
nguyen tat thanh street named bac,2
địa điểm không phù hợp góp phần gây ùn tắc giao thông,0
sinh viên không được phép thực tập,0
trang web đã ngừng hoạt động và không thể truy cập được,0
đang học và rất hài lòng,2
giống như một công ty lớn p,1
có đào tạo y khoa,2
có một cách để tạo kênh,1
quá ngon,2
nơi này cũng ổn,1
trường đẹp dễ tìm,2
nguyen tat thanh university,2
dạy tốt,2
trường rất tốt quang cảnh cũng rất okela các cô giáo nhiệt tình và dễ thương,2
các giáo viên rất vui tính và dễ thương ngoài ra họ còn tham gia nhiều hoạt động chương trình vui nhộn và các chương trình học bổ ích cho học sinh,2
trường có không gian xanh mát đội ngũ giáo viên dễ thương thân thiện nhiệt tình tận tụy hết lòng vì học sinh môi trường học tập lành mạnh học sinh được rèn luyện chuyên môn kỹ năng các hoạt động đoàn hội sôi nổi giúp học sinh hoàn thành tốt vai trò trách nhiệm của mình đối với cộng đồng,2
điểm mạnh nhất của tdmu là đội ngũ giảng viên xuất sắc trong mọi lĩnh vực đội ngũ giảng viên rất giàu kinh nghiệm nhiệt tình và luôn sẵn sàng giúp đỡ sinh viên chương trình giảng dạy cũng thường xuyên được cập nhật để phù hợp với xu hướng và nhu cầu của thị trường lao động,2
giáo viên nhiệt tình chất lượng đào tạo tốt học viên thân thiện,2
cô giáo dễ thương chu đáo và nhiệt tình 10đ học phí so với các trường xung quanh theo mình là quá tốt 4 năm học tại trường thủ đạo một chưa đến 70 triệu bao gồm cả tín chỉ đầy đủ ta kỹ năng cntt,2
trường rộng đẹp không gian mát mẻ,2
ngôi trường đẹp rộng rãi có nhiều học sinh đường sá đẹp và nhiều cửa hàng,2
nhà trường gửi email với rất ít hoặc thông tin không rõ ràng hệ thống chấm công đôi khi quá tải gây ra sự chậm trễ hoặc sập nhưng không có kế hoạch cho những thời điểm đó và những gì có sẵn chỉ là một khoảng thời gian nhỏ cho hơn vài trăm người và sau đó hệ thống tiếp tục gặp lỗi không ổn định,0
ngôi trường rộng rãi xanh mát thiết kế đẹp nhiều khu vực tự học cho học sinh là nơi lý tưởng để các em thực hành,2
hệ thống đăng ký khóa học và giải quyết vấn đề rất tệ các khóa học đã đăng ký trực tuyến không thể chuyển đổi thành đăng ký giấy vì vậy trường đã mất đơn đăng ký 2 hoặc 3 lần trì hoãn việc tốt nghiệp trong cả một năm chưa kể đến môn học chỉ cần đăng ký học phí cao và công việc thì nhàm chán thật thất vọng,0
trường học thì tệ học phí phải nộp vào ngày 20 nhưng tôi không thể đăng ký lớp học vào ngày 19,0
đội ngũ giáo viên có trình độ chuyên môn cao giảng dạy nhiệt tình không gian trường học rất rộng rãi và sạch sẽ,2
ngôi trường đẹp sạch sẽ và mát mẻ,2
qua thời gian nhà trường đã đào tạo nhiều thế hệ thanh niên trở thành trụ cột cho tỉnh nhà,2
kỹ năng công nghệ thông tin chất lượng kém nhưng tiền thu sai tôi sẽ cho 1 sao,0
mọi thứ đều tốt trừ việc học phí năm mới tăng hơi đáng sợ,0
học hành chăm chỉ để vào trường hãy cố gắng hết sức mình,2
khi học họ luôn xếp sinh viên vào những lớp học không có máy lạnh đặc biệt là các dãy b h1 i1 và khi muốn bật máy lạnh ở dãy h1 thì họ lại cố tình chặn lại,0
ngôi trường đẹp rộng rãi có cơ sở vật chất khá đầy đủ và khang trang,2
chất lượng học tập tốt cơ sở vật chất đang được cải tạo và hiện đại hóa,2
không gian học tập lý tưởng hỗ trợ tuyệt đối cho người học,2
trường có không gian xanh trong lành học phí đồng đều như trường công,2
môi trường ở đây rất thân thiện tôi đã từng muốn vượt qua kỳ thi tuyển sinh vào trường và nghĩ lại về việc nó đáng yêu như thế nào,2
trường rộng rãi thoáng mát cơ sở vật chất ở mức bình thường thiếu giáo viên trung tâm đào tạo tiếng anh của trường rất không ổn định giáo viên rất mơ hồ về việc ôn tập các vấn đề trong và ngoài trường mọi thứ cần phải rõ ràng hơn,0
nhà trường làm mọi thứ chậm chạp chỉ có thu tiền hp là nhanh chúng tôi những sinh viên nghèo đã đóng học phí từ lâu vì vẫn chưa thu đủ tiền không phải là chúng tôi không đóng nhưng chúng tôi không cho phép sinh viên,0
ngôi trường xanh và ngày càng nâng cao chất lượng đào tạo,2
trường tdmu là một trong những ngôi trường tuyệt vời với đội ngũ giảng viên rất nhiệt tình và xuất sắc không gian trường có nhiều cây xanh và bóng mát cảnh quan đẹp học sinh đông đúc phòng học rộng rãi trang thiết bị công nghệ thông tin cùng với trang thiết bị rất tiện nghi và đầy đủ,2
chưa có sự thống nhất về quy định xét học bổng giữa các học kỳ học phí cao những vấn đề liên quan đến quyền lợi của sinh viên được giải quyết rất chậm,0
sau khi học xong tôi đã trở thành một công nhân,2
môi trường chuyên nghiệp và chất lượng,2
mọi thứ trong trường đều ổn đến mức ổn nhưng điều nhấn mạnh ở đây là trung tâm tiếng anh tại trường khiến nhiều học sinh băn khoăn không biết có thể đăng ký bên ngoài hay không hỏi bất kỳ giảng viên hay trường học nào cũng sẽ đưa ra câu trả lời cực kỳ mơ hồ,0
thật sự thất vọng với trường học phí quá cao so với mặt bằng chung chương trình đào tạo không phù hợp với thông báo tuyển sinh thời gian từ khi hoàn thành báo cáo tốt nghiệp đến khi cấp bằng quá,0
nếu ai nói cơ sở vật chất đầy đủ thì hãy nói vậy máy chiếu không thể sử dụng trong phòng máy điều hòa không thể bật đồ đạc trong phòng bị hỏng phòng quá lớn và màn chiếu quá,0
ngôi trường mà bao nhiêu người mơ ước ngày xưa giờ bao nhiêu người sợ học phí tăng chóng mặt sau dịch covid 19 nhà trường hiểu rằng đối với học sinh và phụ huynh mức tăng học phí 20 là 15,0
trường tệ đến mức việc đăng ký khóa học tự động bị xóa và sau đó việc nhảy lớp bừa bãi làm hỏng lịch học và học phí tăng lên và trường ngày càng tệ hơn,0
không gian lý tưởng đội ngũ giảng viên rất tận tâm trường có mối liên kết với các doanh nghiệp để hỗ trợ việc làm tốt cho sinh viên,2
học phí tăng đều đặn mỗi học kỳ miễn giảm học phí quá lâu và quá muộn gần một năm vẫn chưa được giải ngân nếu đóng học phí trễ việc đăng ký khóa học sẽ bị hủy,0
trường khá nghèo sinh viên đăng ký các khóa học có lịch học mà trường tự động hủy chương trình đào tạo sẽ kết thúc vào đầu năm 2023 nhưng phải đến năm 2024 các lớp học bị hủy mới được mở lại bộ trưởng khoa kinh tế không biết cách sắp xếp lịch học cho sinh viên sao,0
trường thiếu giáo viên chất lượng đào tạo giảm sút giáo viên kém học phí tăng cơ sở hạ tầng yếu kém số lượng phải trả giá,0
các cơ sở rất ổn định,2
giảng viên luôn vui vẻ và tận tình hướng dẫn học viên môi trường cực kỳ thân thiện cơ sở vật chất đầy đủ và hiện đại có nhiều view sống ảo cực đẹp nhiều khu vực tự học cho học viên cực kỳ thoáng mát và rộng rãi,2
việc tính học bổng giống như rất nhiều sự tham gia nhưng nó không cộng lại nên mọi người nên tránh trường này,0
trường có 5 cổng 2 2 và 3 học sinh đi lại nhiều luôn đóng,0
không còn lời nào để chê nữa sao tiền cứ tăng mà chất lượng giảng dạy lại giảm dần học phí tăng thì chất lượng đào tạo và giải trí cũng phải,0
trường học xanh rộng rãi không gian học tập năng động giáo viên nhiệt tình học phí hợp lý,2
năm đầu tiên nhập học sinh viên được yêu cầu đóng bảo hiểm y tế và chuyển tiền sau đó chụp ảnh màn hình hệ thống báo không đóng tiền yêu cầu gửi ảnh báo chứng từ không đủ và sẽ bị trừ điểm thực hành,0
thu dau mot university in binh duong is the best,2
học phí tăng chóng mặt trong khi chất lượng giảng dạy rất kém cơ sở vật chất quá kém không xứng đáng với học phí website đăng ký khóa học của trường luôn là nỗi ám ảnh của sinh viên đang chờ trực,0
bộ phận nhân sự đắt đỏ và cơ sở vật chất thấp,0
một góc trường đại học thủ dầu một chiều ngày 28 tết,1
khi ra trường thì ổn rồi xin bằng toàn trường mà không nói một lời chỉ có khoa mình đang học vẫn nói chuyện với bạn còn lại hệ thống liên kết các khoa khá là vô dụng bài dài dòng lộn xộn không rõ ràng đáng để trì hoãn,0
ngôi trường này cũng giống như cc chất lượng giảng dạy kém học phí cao và cơ sở vật chất không có gì đặc biệt,0
học phí tăng tăng gấp đôi trong một học kỳ chương trình đào tạo so với học phí rất tệ cơ sở vật chất kém máy lạnh và máy chiếu không được sửa chữa để phục vụ mục đích giảng dạy tôi khuyên bạn nên,0
1 cảnh quan đẹp không gian rộng rãi thoáng mát 2 môi trường thân thiện 3 cơ sở hạ tầng thuận lợi cho nghiên cứu và học tập 4 có nhiều chương trình đào tạo phù hợp với nhu cầu xã hội,2
học phí đắt đỏ nợ sinh viên được thu hồi nhưng không có phản hồi từ học bổng,0
trường này tệ quá chương trình đào tạo kém học phí cao đừng bao giờ cho con bạn học ở trường này nữa,0
wifi của thư viện khá mạnh tôi đã tải xuống một tài liệu 50 gb chỉ trong 35 phút,0
vẫn còn nhiều lỗi đôi khi sinh viên gặp khó khăn nhưng không được hỗ trợ tận tình như không xem được chương trình đào tạo không đăng ký được khóa học không xem được học phí đóng học phí nhưng vẫn nợ và không thu được,0
trường số 1 thế giới,1
tôi thề với một ngôi trường như thế tôi thực sự khuyên bạn rằng bạn nên đi học đại học hơn là vào ngôi trường này nó thực sự tệ,0
trong một tình huống mà bạn giả vờ làm điều này điều kia và buộc tôi phải làm điều gì đó thì nó không khác gì một chế độ nửa phong kiến nửa tư bản,0
đại học tdm học tốt hơn so với các trường ở tphcm có học phí gấp 3 lần,2
website của trường liên tục được cập nhật càng cập nhật thì càng nhiều lỗi học phí thu nhanh học bổng chậm và không rõ ràng,0
trường đẹp rộng rãi thoáng mát cơ sở vật chất đầy đủ giáo viên dạy tiếng hàn nhiệt tình tận tâm,2
trường học rất tốt mọi người ạ có bạn nào nhớ tôi không,2
học phí cao phòng học hư hỏng quạt rất nóng máy chiếu không sử dụng được,0
tôi đã từng học ở đây và giáo viên và học sinh rất thân thiện,2
học cả năm thì mở được 1 lớp học cả năm thì chỉ học được 1 level còn học xong thì khi nào ra trường thì mình cũng không trả lời mình vừa thi xong mà điểm vẫn chưa đủ để học nên mở lớp làm j thì không học được,0
tôi chỉ hy vọng mọi phòng đều có máy lạnh vì tiền thì cứ tăng nhưng tiện nghi thì vẫn vậy,0
ngôi trường rộng rãi đẹp thoáng mát có công nghệ và trang thiết bị hiện đại,2
trường đẹp và mát mẻ có nhiều cảnh đẹp học phí hợp lý so với trang thiết bị của trường,2
trường học rộng rãi hiện đại đầy đủ tiện nghi tạo điều kiện thuận lợi cho học sinh học tập,2
thiếu giấy vệ sinh nên học sinh phải xin giấy trước khi đi vệ sinh,0
tốt nghiệp qlcn tại đây,2
học phí giống như ở sài gòn,1
học phí tăng nhanh mặc dù cơ sở vật chất và chất lượng giảng dạy vẫn như cũ,0
môi trường học tập và nghiên cứu lý tưởng cho sinh viên giảng viên,2
trường đại học chất lượng thân thiện,2
ngôi trường này làm hao hụt ví tiền của sinh viên bạn nên cân nhắc ngôi trường này,0
học bổng cao rất cao các thầy cô nhiệt tình mời gọi mọi người đến học,2
hiện đại chuyên nghiệp tiêu chuẩn 5 sao,2
ngôi trường này rất lớn được trang bị đầy đủ thiết bị và có đội ngũ giáo viên có trình độ chuyên môn cao,2
ngôi trường rộng rãi,2
nhà trường ngăn cản học sinh và tăng học phí,0
đội ngũ giáo viên nhiệt tình,2
giáo viên giỏi,2
trường học rộng rãi thoáng mát hàng đầu tại bình dương,2
trường đại học có nhiều khu vực làm thủ tục và không gian mở,2
tệ thì tệ nhưng 1s thì hơi quá tôi hy vọng trường sẽ sớm cải thiện,0
trường học không như quảng cáo,0
tôi khuyên bạn nên đưa ra lựa chọn đúng đắn đừng giống như tôi,0
môi trường học tập thân thiện trường khá rộng rãi và thoáng mát,2
ngôi trường siêu lớn siêu đẹp siêu nhiều học bổng,2
thu nhiều tiền học phí nâng cấp website vẫn thua kém website cũ,0
ngôi trường rất đẹp và môi trường cũng tốt,2
học phí tăng nhanh chóng và học phí quân sự thì quá đắt,0
học phí cao cơ sở vật chất bình thường,0
ngôi trường xanh sạch có nhiều không gian tự học,2
một ngôi trường đáng để đặt cược một lần,2
trường học luôn được cải thiện mỗi ngày,2
học phí tăng gấp đôi nhanh như tôi đã làm,0
không thoải mái với cách hoàn tiền cho sinh viên,0
trường học rất ổn,2
học phí năm 23 tăng gấp 3 lần,0
trường có tiêu chuẩn giáo dục khá tốt,2
giá trường quốc tế bình thường,2
học phí tín chỉ quá cao,0
học phí cao và trường học thì giống như qq,0
học phí cao chất lượng thấp,0
thật tệ,0
học phí gần bằng hutech r,0
đồ nội thất trường học tệ,0
trường học tệ hại,0
học phí đắt đỏ,0
vẫn còn nhiều thiếu sót,0
rất đẹp và rộng rãi,2
nv đẹp quá v,2
ngôi trường rộng rãi và đẹp,2
được rồi đúng rồi được rồi,1
bực bội,0
trường rộng,2
quá thất vọng,0
trường học thật tệ,0
tốt rất tốt,2
trường l,0
tất cả đều rất tốt tôi yêu stu,2
những trải nghiệm tuyệt vời trong chu kỳ này,2
giáo viên tận tâm học sinh thân thiện,2
jjj,2
nó ở đây,1
tôi yêu stu,2
không chào đón,0
tôi tên là nhung hiện là sinh viên năm 4 chuyên ngành quản trị marketing tại trường đại học bách khoa sài gòn trước khi tốt nghiệp tôi muốn để lại một vài thứ ở đây cho bản thân tôi hoặc cho ai đó có thể cần đến,1
đại học stu là một môi trường học tập tuyệt vời tôi đã có cơ hội học ở đây và thực sự ấn tượng với chất lượng của,2
uy tín và chất lượng đào tạo stu được đánh giá là một trong những trường đại học công lập uy tín tại việt nam đặc biệt là trong lĩnh vực công nghệ nhà trường thường xuyên cập nhật chương trình đào tạo để bám sát nhu cầu của người lao động,2
trường có cơ sở vật chất tốt giảng viên thân thiện bài giảng rất chu đáo các hoạt động của trường rất phong phú và đa dạng đặc biệt có học bổng cho học sinh giỏi,2
môi trường học tập cơ sở vật chất tốt giảng viên nhiệt tình khoa điện chương trình học không quá nặng so với các trường khác tập trung nhiều vào thực hành khoa điện còn đầu tư vào,2
trường có cơ sở vật chất tốt đội ngũ giáo viên tận tâm chu đáo với học sinh môi trường học tập thân thiện vui vẻ hòa đồng là môi trường xứng đáng để học tập rèn luyện cũng như nâng cao kiến thức kỹ năng mềm,2
tôi đang học tại trường này cơ sở vật chất tốt và được trang bị đầy đủ để đáp ứng nhu cầu của sinh viên các giảng viên vui tính và rất nhiệt tình luôn giải đáp thắc mắc của sinh viên,2
giáo viên không quan tâm đến các khoa khác nhưng ở khoa công nghệ thông tin hầu hết giáo viên không có chuyên môn và thay đổi rất nhiều học phí cao tăng hơn 10 mỗi năm và chất lượng,0
thiết bị giảng dạy khá tốt giảng viên có trình độ chuyên môn cao và tận tâm nhà trường rất tích cực trong việc truyền đạt thông tin và hỗ trợ sinh viên,2
môi trường học tập cơ sở vật chất tốt giảng viên nhiệt tình chương trình học không quá nặng so với các trường khác tập trung nhiều vào thực hành,2
trường có cơ sở vật chất khá tốt giáo viên chu đáo và nhiệt tình chỉ dạy cho học sinh những điều tốt nhất,2
trường có nhiều hoạt động vui chơi dành cho học sinh tạo cơ hội cho học sinh thể hiện cá tính của mình,2
trường nhìn bên ngoài rộng rãi nơi yên tĩnh để học tập,2
môi trường học tập tốt giảng viên rất nhiệt tình có nhiều khóa học kỹ năng mềm cô đoàn và cô hội rất dễ thương và nhiệt tình,2
môi trường học tập tốt trang thiết bị học tập hiện đại đội ngũ giáo viên tận tâm và chương trình học chất lượng,2
trường có chất lượng đào tạo tốt giảng viên thân thiện cơ sở vật chất tốt và khuôn viên sạch sẽ,2
các giáo viên ở trường này rất nhiệt tình môi trường học tập rất tốt chất lượng cơ sở vật chất rất tốt tỷ lệ tốt nghiệp rất cao,2
trường tuyệt vời giáo viên tốt bụng và chu đáo cơ sở vật chất tốt và chất lượng ổn,2
cơ sở vật chất tốt môi trường học tập thoải mái và vui vẻ giảng viên 10 điểm hoong coa nhưng,2
mình thấy trường rất đáng học các thầy cô rất quan tâm đến học sinh chất lượng đầu ra của trường rất cao và mình cảm thấy việc học ở đây rất đáng giá,2
môi trường học tập và cơ sở vật chất khá tốt giảng viên khoa điện điện tử giảng dạy tốt và nhiệt tình,2
đại học stu là một môi trường học tập tuyệt vời các giảng viên rất thân thiện và rất đáng để học ở đây,2
trường có cơ sở vật chất tốt và giáo viên dạy rất tốt và rất tận tâm,2
stu chỉ cần nhắc đến thôi là tôi thấy phấn khích rồi tôi thích stu s là say mê t là nức nở u là yếu đuối nói chung stu luôn là người giỏi nhất đây là ngôi trường đáng để học,2
làm sao một đời buôn chuyện phiếm lại có thể yêu thương như stu đại học công nghệ sài gòn,2
dạy các câu hỏi ôn tập thi mùa hè mà không trả lời một câu hỏi nào đó từ một giáo viên k nào đó chỉ là lãng phí thời gian và tiền bạc rất chán trường học 0 sao,0
môi trường học tập rất tốt đội ngũ giảng viên có trình độ cao và tận tâm với sinh viên cơ sở vật chất tốt,2
trường tốt giáo viên chất lượng tốt cơ sở vật chất tốt đáng để bạn quan tâm và học tập,2
môi trường học tập tốt các khóa học kỹ năng mềm trai đẹp gái đẹp,2
trường rất tốt giáo viên tận tâm nhiều cây xanh mát mẻ phòng học có máy lạnh,2
chất lượng đào tạo trường đại học bách khoa sài gòn được đánh giá là một trong những trường đại học có chất lượng đào tạo tốt tại việt nam trường có nhiều chương trình đào tạo chất lượng cao được kiểm định bởi các tổ chức uy tín trong và ngoài nước,2
môi trường giáo dục lành mạnh bạn bè thân thiện không gian thoáng mát sạch sẽ,2
ngôi trường trông chán ngắt giảng dạy thì tệ nhưng suốt ngày thích tăng học phí cố tình sửa điểm để học sinh trượt và học lại để đóng thêm tiền cho trường ai có ý định học ở đây thì,0
trường đại học tốt giáo viên thân thiện cơ sở vật chất tốt,2
cơ sở vật chất ngày càng hoàn thiện giáo viên nhiệt tình,2
trường khá rộng các thầy cô rất nhiệt tình đặc biệt là câu lạc bộ harumi siu deth,2
môi trường học tập khá thoải mái có nhiều hoạt động ngoại khóa bổ ích,2
ngôi trường đẹp giáo viên có trình độ rất cao và dạy rất dễ hiểu,2
giảng viên rất thân thiện và nhiệt tình với sinh viên khuôn viên trường cực kỳ thoáng mát và sạch sẽ,2
ngôi trường cơ bản trông sang trọng và đẹp môi trường tốt nhưng có một điều tôi không thích khi mới bước vào trường là nhân viên bảo vệ bãi đậu xe có vẻ rất không thoải mái tôi vừa mới bước vào trường lần đầu tiên,0
cơ sở vật chất tốt giáo viên hướng dẫn dễ hiểu nhân viên sạch sẽ và xinh đẹp,2
trường đại học đầu tiên tại quận 8 cổng chính đường lớn hai cổng phụ nội thất rộng rãi thoáng mát cơ sở vật chất rất tốt,2
các giáo viên rất chu đáo có nhiều nhà hàng giá rẻ gần trường,2
trường có các cô giáo hòa đồng vui vẻ tích cực tốt bụng yêu thương tốt bụng và dễ thương,2
trường có phòng tập gym và phòng tập thể dục hoàn toàn mới,2
tôi cảm thấy các giảng viên dạy tốt vui vẻ nhiệt tình và chất lượng,2
rất vui khi được học tại stu stu là nơi tuyệt vời để học,2
cơ sở vật chất tương đối tốt cô giáo dễ thương và tận tâm,2
trường stu là ngôi trường đào tạo ra những sinh viên tuyệt vời,2
1 sao cho chỗ này nếu muốn đến đây thì quay lại nhé đến đây chỉ làm chó giận thôi,0
cơ sở vật chất ổn giáo viên nhiệt tình,2
truong dễ thương quá mình phải khóc vì quá đáng yêu,2
trường có vị trí thuận tiện,2
một nơi tốt để học tập và cũng là nơi lý tưởng để chơi thể thaohãy đến đây để trải nghiệm nhiều hơn,2
trường có khá nhiều chuyên ngành vị trí ngay tại quận 8 khá dễ đi lại cơ sở hạ tầng đang được nâng cấp nên sẽ còn lớn hơn nữa,0
cơ sở vật chất tương đối tốt giáo viên tận tâm,2
trường stu là nơi tuyệt vời để học tập,2
ngôi trường này thật đáng sợ học phí tăng thật kinh khủng,0
trường lớn như vậy nhưng con trai tôi bảo trường không có fanpage vậy làm sao phụ huynh có thể vào xem tình hìnhthông tin của trường,0
trường siêu vip với 10 điểm không có gì ngoài,0
trường rất ok giảng viên 10đ,2
trường dạy tốt và giáo viên rất vui vẻ,2
môi trường làm việc năng động lành mạnh,2
giảng dạy ở trường tệ quá ngành cntt cung cấp mọi môn học không có nghiên cứu chuyên sâu về bất kỳ chuyên ngành nào bạn biết một chút về mọi thứ vì bạn học quá nhiều thứ trong một học kỳ bạn không thể tập trung vào chuyên ngành bạn,0
tôi khuyên bất kỳ ai có ý định vào trường này hãy dừng lại ngay trường này tệ lắm sau khi nộp tiền hãy kiểm tra camera để tìm ra thủ phạm đã lấy cắp đồ đạc sau đó họ sẽ kiểm tra,0
minh đang học ở đây trường tốt nói chuyện vui vẻ và có nhiều hoạt động câu lạc bộ thú vị,2
bởi vì ông già đã học ở trường này ông ấy ghét anh chàng stu,1
trường học thật tuyệt vời cảm ơn trường,2
môi trường học tập năng động và sáng tạo,2
các cô giáo ở trường rất dễ thương,2
đại học stu là một nơi tuyệt vời,2
tôi không muốn nói ra nhưng thực sự là rất đáng tiếcnếu ai có ý định thì hãy tránh xa ra trong lớp tôi có rất nhiều người bỏ học,1
đi học trường này chán lắm học phí đắt mà điều kiện không tốt học sinh làm mất đồ yêu cầu kiểm tra camera để tìm thì không kiểm tra vậy sao lại gắn camera để cho đẹp tôi khuyên những ai đang có ý định học trường này thì nên chọn trường khác,0
trường có cơ sở vật chất mới,2
trường rất tệ từ cơ sở vật chất đến giáo viên sau khi học ở đây một năm tôi không theo kịp nhà trường liên tục hỏi ý kiến của sinh viên nhưng khi sinh viên đưa ra ý kiến họ không chấp nhận nếu bạn có,0
tệ lắm các thầy cô toán lý giảng qua loa như tên lửa chỉ cầm điều khiển bấm máy chiếu để chiếu slide tiếp theo mà không giải thích cặn kẽ phải dùng điện thoại chụp ảnh để,0
dạy cntt rất tệ dễ trượt rất tốn kém,0
các giáo viên ở trường rất thân thiện,2
thầy giáo dạy tin học tệ lắm bảo mua sách về học xong thì lấy sách về tự làm khi hỏi thì thầy bảo tự làm nhưng trong giờ thi thì không ai chỉ cho còn về,0
rất vui được chào đón học sinh mới,2
tôi đã cố gắng tham gia vì điểm đào tạo và ngày công tác xã hội nhưng sau khi hoàn thành trường chỉ tính 1 trong 2 điểm tôi đã dành công sức và thời gian để tham gia cơ sở vật chất kém chất lượng,0
nhắn tin để được tư vấn không ai trả lời trong một tuần,2
cảnh báo cho các bé ngoài trẻ em và phụ huynh trường này có tình trạng đổi điểm và cố tình cho học sinh trượt môn có rất nhiều trường hợp như vậy xảy ra vì vậy hãy cân nhắc kỹ trước khi đến trường,0
đội ngũ giảng viên khoa công nghệ thực phẩm tận tâm trong giảng dạy nhiệt tình và luôn yêu thương giúp đỡ sinh viên cơ sở vật chất đầy đủ tiện nghi và môi trường thân thiện,2
trường mới xây dựng khu vực khá tốt,2
tôi đã đến trường hướng nghiệp các giáo viên hướng nghiệp rất nhiệt tình còn có cả quầy tư vấn nữa trường khá đẹp nhưng trông hơi cũ,2
giáo viên thân thiện nhân viên cực kỳ tốt,2
sai lam cuộc sống của tôi khi tôi đến đây thật buồn,0
cuộc sống ngày càng khó khăn hơn học phí ngày một tăng nếu bạn không đi học bạn sẽ dễ dàng trượt lớp với điểm thi ảo ai dám học nữa bởi vì nếu bạn không đi học và bạn đang,0
chất lượng tốt giáo viên tận tâm môi trường thân thiện học sinh phát triển,2
học phí khá hợp lý cho mọi người,2
học rất vui và giáo viên dạy rất hay,2
ngôi trường tuyệt vời,2
ngôi trường xanhsạchđẹp,2
phòng công tác sinh viên tệ quá chậm và không trả lời khi nhắn tin hỏi một kiểu rồi làm kiểu khác tôi đã yêu cầu trường cấp giấy chứng nhận sinh viên để hoãn nghĩa vụ quân sự nhưng đã 2 tuần rồi vẫn chưa thấy tôi được yêu cầu gọi điện để xác nhận và vẫn chưa nhận được tôi nói rằng tôi không thể trả lời cuộc gọi,0
cơ sở vật chất của trường tệ và cũ đặc biệt là trong thời tiết nóng 3739 độ trường không có máy lạnh mặc dù các trường khác có học phí rẻ hơn và có máy lạnh nâng cấp cơ sở vật chất kém và chậm giao tiếp không tốt,0
vui vẻ và hòa đồng,2
chất lượng giảng dạy kém không phải tất cả giáo viên đều như nhau cơ sở vật chất không đạt chuẩn học phí tăng từng ngày nói chung là trường quá tệ,0
ngôi trường rộng rãi và đẹp tôi hy vọng sẽ gắn bó với ngôi trường này,2
cơ sở vật chất tốt đội ngũ giảng viên nhiệt tình,2
trường không có máy lạnh mặc dù học phí cũng như các trường khác học thì ngồi rồi tan cơ sở vật chất tệ,0
trường học như vậy tôi khuyên bạn không nên đến đây nếu bạn có đủ tiền hãy đến đây như tôi,0
xanh sạch và đẹp,2
trường có nhiều giáo viên vui tính các giáo viên đều có kinh nghiệm phong phú trong công tác tương ứng với môn học mình giảng dạy vì vậy kiến thức mà các giáo viên truyền đạt rất hữu ích cho học sinh môi trường học tập thoải mái giúp học sinh,2
trường không có máy lạnh giảng viên rất giỏi và nhiệt tình tuy nhiên đội ngũ nhân viên nhà trường đối xử tệ với sinh viên và cảm thấy không được phòng đào tạo tôn trọng,0
nhà trường nên xem xét lại mức học phí để hỗ trợ sinh viên trong thời gian đại dịch mặc dù sinh viên đã bày tỏ ý kiến này nhưng nhà trường vẫn bỏ qua việc hỗ trợ chất lượng giảng viên rất tốt nhưng đội ngũ nhân viên đặc biệt là,0
hàng đợi đỗ xe rất dài có tới 3 cổng nhưng học sinh chỉ có thể đi qua 1 cổng gây tắc đường nên phải mất 15 phút mới đến lớp muộn điều này rất tệ,0
nhà trường đã đầu tư thêm nhiều trang thiết bị với mục đích xây dựng môi trường tốt nhất có thể giúp học sinh phát triển hơn hiện nay khuôn viên trường cũng đang được xây dựng khá nhiều đội ngũ giảng viên thân thiện và trình độ cao cung cấp cho học sinh kiến thức và kỹ năng,2
tệ quá năm sau bất kỳ ai có ý định đến đây nên tránh xa nơi này tôi thành thật mà nói tôi đang hối hận đây,0
ngôi trường này chỉ dành cho con em các gia đình giàu có học sinh luôn được nhìn thấy ngồi ở các quán cà phê xung quanh trường,0
lớp học khá tệ đặc biệt là chất lượng máy chiếu và loa nhà trường không hỗ trợ miễn giảm học phí mà còn tăng học phí phòng đào tạo coi thường học viên lười và giải thích cho học viên lý do không đạt yêu cầu,0
học xây dựng và đến với ngôi trường này là bài học đúng đắn giảng viên nhiệt tình còn lại chỉ là sự nỗ lực của sinh viên theo tôi thế mạnh của trường là hai chuyên ngành công nghệ thực phẩm và xây dựng là nổi bật nhất,2
lớp học không có máy lạnh trong thời tiết nóng bức này chất lượng giảng dạy khá ổn nhưng ký túc xá quá đông 16 ngườiphòng và cũng không có máy lạnh,0
trường rộng cơ sở vật chất đầy đủ giáo viên nhiệt tình chỉ có điều học phí hơi cao đường cao lỗ hư hỏng nhiều ổ gà ảnh hưởng đến việc đi lại đến trường của học sinh,0
trường rộng rãi thoáng mát khuôn viên rộng cơ sở vật chất khá đầy đủ giảng viên từ các trường nổi tiếng đến giảng dạy cần đầu tư thêm bãi đỗ xe,0
chị gái mình dạy ở đây trường có khuôn viên không lớn nhưng có đầy đủ các tiện nghi cơ bản bao gồm sân bóng rổ và bóng đá phòng thí nghiệm cũng rất tốt nhìn chung mặc dù là trường tư nhưng vẫn tốt hơn nhiều trường công gần đó cũng có nhiều quán cà phê giá cả phải chăng mình thích sống ở đây d,2
đây là một ngôi trường có lịch sử lâu đời trước đây là trường cao đẳng mỹ thuật sài gòn nay là trường đại học bách khoa sài gòn với các chuyên ngành như quản trị kinh doanh điện tử viễn thông công nghệ thông tin trường là,1
giảng viên thì tốt nhưng những người phụ trách các khoa thì rất kiêu ngạo đặc biệt là khoa đào tạo bãi đỗ xe thì như hồ vào mùa mưa như sa mạc vào mùa hè các trang web của trường chủ yếu dùng để quảng cáo cho trường,0
cựu thành viên của đại học bách khoa sài gòn 1 về cơ sở vật chất phòng học rộng rãi thoáng mát,2
học phí khá cao nhưng so với mặt bằng chung thì ở mức khá cơ sở vật chất còn thiếu so với tên trường,0
nhân viên đỗ xe và bảo vệ rất không có kiểm soát và không được học tập nên bị sa thải và thay thế bảo vệ để chất lượng tốt hơn,0
trường có liên kết đào tạo với đại học troy alabama sinh viên muốn học tại trường quốc tế có thể đăng ký tại đây rất thuận tiện,2
ôi ngôi trường tôi từng học ở đây hồi đó trường mới thành lập ở bến chương dương giờ chuyển về đây nhìn hoành tráng quá ước gì được quay lại trường xưa,0
trường csvc tầm trung giáo viên dạy tốt,2
hãy cùng ủng hộ nghệ thuật có 5 trường đại học tham gia với đội chủ nhà là đại học công nghệ sài gòn,1
tôi đã từng học ở đây nếu bạn muốn học kế toán thì tốt nhất là không nên học ở đây vì bằng cấp của bạn khi tốt nghiệp luôn là bằng quản trị kinh doanh ngay cả khi bạn chuyên ngành quản lý tài chính,0
rất vui mừng khi được trở thành một sinh viên mới,2
trường đại học công nghệ sài gòn có cơ sở vật chất rộng rãi sạch sẽ và hiện đại môi trường học tập thân thiện và hữu ích,2
cửa hàng trái cây 138 chúc các bạn tân sinh viên luôn đạt được nhiều thành công trong cuộc sống,2
giảng dạy chất lượng quá kém giảng viên quá ít giảng dạy và học tập không tốt bằng các trường khác học phí cuối kỳ quá cao học sinh có khả năng trượt môn giảng dạy không tốt,0
trường có kỹ năng giao tiếp tốt không gian đẹp thoáng mát nhiều cây xanh giáo viên tận tâm,2
tôi có thể hỏi trường có tuyển giáo viên không tôi có thể liên hệ qua số điện thoại nào,1
môi trường thoáng mát học sinh lịch sự và ăn mặc đẹp,2
gần trường có nhiều nhà trọ cho học sinh gần chợ và nhiều cửa hàng thực phẩm,0
em định học ngành công nghệ thực phẩm ở trường này nhưng không biết trường có dạy tốt không các anh chị nghiên cứu và cho em ý kiến nhé,1
trường học rất sạch sẽ và phù hợp với điều kiện kinh tế của học sinh,2
trường rất tốt cho những ai muốn du học tại hoa kỳ,2
tại sao trường mình lại đẹp thế khi mình ra về vậy tt,2
tôi hy vọng là anh ấy không học ở ngôi trường này nếu học ở đó anh ấy sẽ phải chuẩn bị hành lý và ăn uống khi tốt nghiệp,0
tôi muốn hỏi có cần phải đợi đến khi nhập học mới khám sức khỏe không,0
trang web nào có thông tin chậm mặc dù vậy thỉnh thoảng nó vẫn bị hỏng không thể thấy gì cả,0
ngôi trường mới xây trông khá đẹp,2
trường vừa mới được cải tạo cơ sở vật chất rất tốt,2
bạn nên chú ý hơn đến việc vệ sinh bên ngoài,0
trường tốt cơ sở vật chất ổn hp khá rẻ,2
rộng rãi đẹp học sinh thân thiện,2
nó tệ và tốt nhất là tránh nó,0
nơi đào tạo ra nhiều sinh viên xuất sắc,2
môi trường học tập lý tưởng,1
vừa mới thi xong khóa ptkht huhu,1
đối xử tệ với học sinh,0
trường đại học tôi đang theo học,1
3,1
rất tốt trong mọi cách tôi yêu stu,2
hiểu rồi các bạn,1
tốt sạch sẽ đẹp,2
ngôi trường thân thiện sạch sẽ và đẹp,2
trò chơi phẩm giá đời thực,2
học phí cao,0
hiện đại và chất lượng,1
tôi hiện là sinh viên tại uef tôi đang viết bài đánh giá này ngay bây giờ để bày tỏ sự không hài lòng của tôi về bãi đậu xe có khoảng 10000 người trong một tòa nhà nhưng họ chỉ dành một không gian rất nhỏ để đậu xe chưa kể đến,0
tôi thực sự không hài lòng với bãi đỗ xe của trường uef sinh viên rất đông nhưng bãi đỗ xe lại quá hạn chế chỉ sau 30 phút bãi đỗ xe đã không còn đủ chỗ hơn nữa sinh viên phải lái xe,0
tôi yêu trường đại học này đội ngũ nhân viên và cơ sở vật chất tuyệt vời tôi chắc chắn sẽ quay lại,2
google,1
giáo viên tuyệt vời nhân viên tốt bụng,2
chat luong day rat te,2
m trên trang 8hi 9 p 6p,1
tiếp thị 10 thực tế 6,1
trung tâm kinh tế học tập,2
tốt cho việc học tập,2
rất tuyệt,2
giáo dục,2
hơi đông đúc,0
tôi có cơ hội được học tập và trải nghiệm tại đây môi trường học tập tốt chất lượng đào tạo cũng như cơ sở vật chất đội ngũ giảng viên giáo viên chuyên nghiệp cũng rất nhiệt tình hỗ trợ sinh viên,2
chất lượng của trường cơ bản rất tốt hướng dẫn nhập học rất chính xác đội ngũ sắp xếp nhanh chóng hợp lý và nhiệt tình học phí tất nhiên là cao nhưng ấn tượng đầu tiên tôi trải nghiệm là rất chu đáo bảo trì nhanh chóng và gọn gàng rất đáng để đầu tư cho tương lai 10 vnd,2
trường rất giống trường nước ngoài tôi đã đến thăm trường và kiểm tra tiếng anh trước khi cân nhắc trường khác nhưng tôi đã thất vọng,0
lần đầu tiên tôi đến trường để xin tư vấn và chuẩn bị hồ sơ nhập học cho em trai các cố vấn ở đây rất tốt bụng và đưa ra những lời khuyên nhẹ nhàng cũng như những lời giải thích rất cụ thể và nhiệt tình tôi đã được đưa đến,2
đây là lần đầu tiên tôi đưa em gái từ quê lên thành phố hồ chí minh học mặc dù chưa học được nhiều nhưng khi đến uef tôi rất cảm kích sự đón tiếp và hỗ trợ của đội ngũ nhân viên nhà trường trong suốt quá trình tuyển sinh,2
cơ sở vật chất hiện đại môi trường học tập năng động với nhiều hoạt động dành cho sinh viên chương trình đào tạo chất lượng phù hợp với yêu cầu tuyển dụng từ bên ngoài,2
họ đưa ra lời khuyên vui vẻ và hỗ trợ nhiệt tình trường được trang bị đầy đủ và có thể tham gia các lớp học tiếng anh trải nghiệm để ôn lại kiến thức,2
trung tâm hỗ trợ việc làm không thực sự muốn giúp sinh viên tìm việc làm nhân viên nói năng gay gắt có thái độ khinh thường và chỉ trích sinh viên không làm tròn vai trò của mình,0
năm ngoái tôi thấy một số chuyên gia tư vấn rất dễ thương và rất chu đáo bạn cũng có thể đến phòng tập thể dục miễn phí có rất nhiều tác phẩm nghệ thuật,2
phòng công tác sinh viên thiếu chuyên nghiệp cơ sở vật chất không xứng đáng với giá tiền học phí cao nhưng chất lượng kém so với trường tư chỉ biết gọi điện cho phụ huynh chứ không lắng nghe ý kiến của học sinh,0
một vài ý kiến theo tôi nhà trường vẫn còn thiếu quá nhiều tính năng bắt buộc làm việc cho sinh viên hời hợt thiếu tính tự giác và trách nhiệm dù làm gì sinh viên cũng phải hiểu rằng dù làm gì thì,0
trường dạy tốt và có cơ sở vật chất tốt nhưng về hỗ trợ sinh viên giống như tôi đang xin tiền họ vậy trong khi phải trả gần 78 chục triệu một năm,0
tôi đang học tại trường và là sinh viên năm 3 tôi thấy trường có cơ sở vật chất khá tốt và đầy đủ có phòng tập thể dục phòng tập nhảy và phòng tập thể dục cho sinh viên có phòng bia ở tầng 24 nhưng tôi nghe nhiều người nói rằng,1
trường học hiện đại có nhiều dịch vụ ăn uống đa dạng xung quanh trường có một nhà hàng pro cách trường 70m có đủ đồ ăn cơm trà sữa nước ngọt đồ ăn nhẹ đồ ăn vặt vv tuyệt vời,2
trường đại học kinh tế tài chính thành phố hồ chí minh uef được đánh giá khá tốt về chất lượng giảng dạy và các dịch vụ tiện ích khác cơ sở vật chất rất tốt và phải nói là nhà vệ sinh cực kỳ sạch sẽ và thơm tho,2
chương trình học song ngữ môi trường năng động và nhiều hoạt động giao lưu học thuật văn hóa phù hợp với định hướng lựa chọn của những bạn muốn học tập trong môi trường quốc tế giáo viên trẻ nhưng giỏi thân thiện và nhiệt tình 10 dmmmm,2
là một trường đại học phát triển theo mô hình giáo dục quốc tế giúp sinh viên phát triển toàn diện và trở thành công dân toàn cầu,2
csvc rất tốt nhân viên tư vấn và hỗ trợ nhiệt tình được tham quan trường và xem phòng học thực tế giáo viên và nhân viên tư vấn chuyên sâu về chuyên ngành và định hướng phù hợp em rất thích trường em sẽ đăng ký nv1 để đảm bảo có một suất vào uef 3,2
học sinh nhiệt tình tham gia các hoạt động các cuộc thi học thuật giảng viên nhiệt tình và có trình độ chuyên môn cao,2
trường có cơ sở vật chất khá tốt nằm ở khu vực trung tâm vừa mới kỷ niệm 15 năm thành lập nhưng đã phát triển rất nhanh,2
wifi quá yếu không thể học trực tuyến microsoft teams không thể kết nối với giảng viên,0
phía sau trường có view nhìn thẳng qua landmark khá đẹp để chụp ảnh làm tư liệu tham khảo,2
tôi không hiểu trường học nữa khi mới vào tôi nói tôi trả nhiều nhưng khi bắt đầu tôi trả quá nhiều và mỗi tháng tôi trả rất ít nhà để xe thang máy luôn đông đúc và tiền thì tăng lên từng ngày tôi không,0
trường chuyên đào tạo các ngành tài chính kế toán trường lớn tuy nhiên trước cổng trường có nhiều cửa hàng hàng rong gây mất mỹ quan trước cổng trường,0
người bảo vệ cố gắng đỗ xe của mình và một chiếc xe khác đi ra và trời quá lạnh để đỗ xe ở đó,0
uef là môi trường đạt chuẩn quốc tế,2
trường học ổn cả 4 đứa con của tôi đều tốt nghiệp hết,2
trường đại học kinh tế tài chính thành phố hồ chí minh uef với hơn 40 năm thành lập và phát triển ueh hiện là một trong những trường đào tạo kinh tế hàng đầu cả nước nằm trong top 1000 trường đào tạo kinh tế tốt nhất,2
lưới bảo vệ giường tầng chắc chắn sợi tự nhiên,2
trường được trang bị đầy đủ cơ sở vật chất trang thiết bị cho sinh viên và đội ngũ giảng viên có trình độ chuyên môn cao chuyên nghiệp tạo điều kiện tốt nhất cho sinh viên,2
các trường muốn sinh viên đạt điểm cao để tốt nghiệp và có việc làm tốt trường này cố tình trượt sinh viên bằng học bổng uef đang làm mất đi giá trị giáo dục của việt nam các bạn 2k5 cũng như những bạn sau này đi học đại học hãy suy nghĩ kỹ đừng mất tiền oan,0
môi trường và cơ sở vật chất cực kỳ tuyệt vời,2
các cô gái trong phòng công tác sinh viên không chuyên nghiệp và có thái độ rất tệ nếu bạn có vấn đề gì hãy yêu cầu họ giải quyết và hãy chuẩn bị lắng nghe những lời chửi bới của các cô gái mặc dù đó là lỗi của trường khi tôi tốt nghiệp khi,0
nhà trường thiếu chuyên nghiệp trong việc tổ chức các cuộc họp báo giờ sai thông báo 730 mà không nói rõ giờ bắt đầu hoặc bắt buộc phải có mặt 707 báo là 700 học sinh khóa cửa lúc 720 đổ lỗi cho,0
không có gì tệ hơn trường tệ tôi đóng hơn 100 triệu một năm nhưng cơ sở vật chất thì tệ trang web đăng ký môn học thì đầy lỗi nếu có gì đáng học thì chỉ muốn chuyển trường,0
phòng công tác sinh viên nên xem lại tư vấn bảo hiểm y tế cho sinh viên mọi người mua mà không hỏi để giảm thái độ vui lòng trả lời đúng,0
học phí cao nhưng cơ sở vật chất chỉ ở mức trên trung bình chưa kể chất lượng giảng dạy bãi đỗ xe rất nhỏ thang máy chỉ đi được đến tầng 1 và từ tầng 4 trở lên,0
tôi có một đứa con sinh năm 2005 đang định nộp đơn nhưng có vẻ như trường này có quá nhiều vấn đề có quá nhiều đánh giá không tốt các bậc phụ huynh hiện nay đều theo dõi tất cả các công nghệ tất nhiên bạn phải chọn nội dung nhưng tôi cũng đã kiểm tra một số,0
học sinh khó lái xe nhân viên bảo vệ đứng đó chơi game hoặc xem phim nhưng vẫn để điện thoại ở phía bên kia để tôi chơi cùng nếu xe không có người tôi có thể lái xe về nhà,0
trường thân thiện học sinh hòa đồng và dễ thương thầy cô dạy rất nhiệt tình bạn có thể cho mình 10 điểm không 3 3 3,2
chất lượng giảng dạy của trường tốt nhưng về vấn đề bãi đỗ xe và lắng nghe sinh viên thì không được so với mức học phí khoảng 4050 triệuhọc kỳ nếu không có học bổng thì cơ sở vật chất phải được nhận nhiều hơn trường,0
trời ơi mình bực mình quá mình cực kỳ phê bình uef lúc đầu mình bỏ qua những lời chỉ trích nhưng khi cần hỗ trợ thì hotline và zalo chat lại cực kỳ gay gắt mình không hiểu rõ thông tin mình cứ lắp bắp khi,0
trường dạy chất lượng nhưng số tiền sinh viên bỏ ra không xứng đáng với những gì sinh viên nhận được cơ sở vật chất bình thường trường quá nhỏ so với các trường khác học phí gấp đôi học phí của hutech nhưng khi học quốc gia,0
tư vấn đầy đủ cơ sở học tập được trang bị đầy đủ,2
chất lượng dịch vụ và giảng dạy rất tốt,2
dựa trên góc nhìn của một học sinh đã học ở trường 5 năm tôi chỉ muốn nói rằng trường tệ lắm mọi người ạ năm đó tôi cũng bị trường cho thêm đường vào tai nhưng nếu mọi người học đến năm 3 hoặc năm 4 thì,0
việc bật loa thường xuyên gây ra tiếng ồn ở khu dân cư trường nào cũng ra vỉa hè để tổ chức sự kiện ồn ào vô cùng con tôi không thể học vào ban đêm vì nơi đó thiếu văn minh nơi mọi người sinh sống,0
phòng cộng tác sinh viên không hỗ trợ sinh viên hoàn toàn gửi tin nhắn nhưng không thấy phản hồi đóng tiền để học đừng xin tiền ai thang máy bãi đậu xe nhỏ hẹp với số tiền hàng chục triệu một năm để đổi lại sự chờ đợi như vậy tôi nghĩ mọi người nên suy nghĩ kỹ,0
trường này cực kỳ thô lỗ đặc biệt là tầng 2 tôi thích làm mọi thứ trở nên khó khăn cho học sinh và các chuyên gia tranh luận với học sinh nói chuyện với học sinh cực kỳ thô lỗ và khó lắng nghe chúng tôi yêu cầu trường xem xét lại,0
thật tệ tính phí sinh viên rất nhiều tiền sinh viên đề xuất bãi đỗ xe và thang máy nhưng không muốn nghe ngày nào cũng không có chỗ đậu xe không còn chỗ đậu xe bên ngoài nữa nếu bạn đi sớm sẽ không còn chỗ nữa không có sửa đổi gì cả,0
thường xuyên gây mất trật tự công cộng với các sự kiện ngoài trời nếu tổ chức sự kiện nội bộ vui lòng tổ chức tại hội trường trường không làm phiền cư dân xung quanh,0
một số giảng viên quá nghiêm khắc không quan tâm đến việc giảng dạy mà chỉ phát hiện lỗi của sinh viên,0
ngôi trường rất đẹp có cơ sở vật chất hiện đại chương trình đào tạo chuyên nghiệp và đội ngũ giáo viên giàu kinh nghiệm,2
một nơi đã tồn tại nhiều năm trước khi nâng cấp cơ sở vật chất môi trường khá năng động nên phù hợp với người hướng ngoại,2
footuef có quá nhiều tiếp thị trong khi chất lượng giảng dạy kém và không có sự đồng cảm với ý kiến của sinh viên,0
cơ sở hạ tầng chính hãng máy lạnh khắp nơi nên mang theo áo khoác máy lạnh từ đầu đến chân,0
gửi con đi học ở đây là một sai lầm lớn khi nộp đơn xin nhập học tôi rất nhiệt tình cho đến khi đi học tôi như rác khi tôi đi dự lễ tốt nghiệp tôi thuê một nơi chật kín sinh viên và,0
trường tọa lạc tại số 141145 điện biên phủ quận bình thạnh trường có nhiều chuyên ngành đào tạo lên đến 20 chuyên ngành cơ sở vật chất hiện đại có cả một tầng để sinh viên tập luyện có phòng thực hành cho sinh viên học tập,2
không thể ngồi trong phòng máy lạnh không thể tập trung học ở trường phải đợi đến khi nơi ở của tôi bị phong tỏa mới được học trực tuyến khiến tôi không thể trở về quê nhà,0
phía trước có những cây rất đẹp,2
nhà trường chỉ biết hiểu bản thân mình không nghĩ đến học sinh và phụ huynh trong tình hình dịch bệnh này học 2 học kỳ cùng lúc vào tháng 7 và tháng 8 năm 2021 rất nhiều chuyện bi kịch xảy ra ở trường của bạn nếu bạn muốn biết bạn,0
có buổi giao lưu với sinh viên trường đại học kinh tế tphcm,2
chương trình song ngữ chất lượng,0
cô tư vấn có một người phụ nữ ngồi trước mặt cô với khuôn mặt già nua trắng bệch tư vấn về việc nhập học nhưng không hề có cảm giác thông cảm khi nói chuyện trải nghiệm này thật buồn cười với kiểu nhập học này những học sinh muốn vào trường cuối cùng lại chọn trường khác,0
môi trường đào tạo tốt với nhiều giáo sư giỏikinh nghiệm lâu năm trong ngànhtrang thiết bị hiện đạicơ sở vật chất đầy đủhọc viên tốt nghiệp luôn đạt kết quả như mong đợi,2
học phí nghe nói tăng không quá 6 nhưng năm nay tăng 10 quá nhiều đừng tiêu tiền như vậy,0
cô giáo dạy rất tốt sách giáo khoa hơi tệ sách thư viện không đa dạng lắm,0
nhà trường không lắng nghe sinh viên cơ sở vật chất tệ nhìn chung chất lượng giảng viên ổn mọi thứ khác đều quá tệ,0
học phí đắt kinh khủng nhưng chúng tôi không bao giờ thấy bất kỳ ca sĩ giỏi nào được mời tất cả học sinh đều tự sáng tác các tiết mục của mình,0
cơ sở vật chất đẹp tiền nào của nấy học phí rẻ nhất là hơn 20 triệu cho 1 học kỳ tổng cộng 8 học kỳ là 160 triệu cộng thêm chi phí ăn uống khoảng 200 triệu sinh viên ra trường có mức lương cao nhất là khoảng 10 triệu,1
nhà trường không lắng nghe ý kiến của sinh viên dịch kiểu này không giảm học phí vẫn thu tiền tài liệu rồi lại trả tiền cho uef để qua hutech học,0
ngôi trường có quang cảnh đẹp,2
ngôi trường này có cơ sở vật chất hiện đại đạt chuẩn quốc tế học sinh cực kỳ sành điệu ý kiến cá nhân nhưng lại rất giỏi tiếng anh nghe nói là nhờ chương trình tiếng anh đặc biệt của trường,2
chất lượng đào tạo và dịch vụ đạt chuẩn quốc tế,2
trường có thế mạnh về đào tạo kinh tế tài chính chất lượng và uy tín sinh viên tốt nghiệp giỏi tiếng anh và được nhiều công ty săn đón,2
trường đẹp cơ sở vật chất đầy đủ giáo viên nhiệt tình cơ sở chính hơi nhỏ có cơ sở mới mở và học phí quá đắt,0
tầng 21 có tầm nhìn rất mát mẻ,2
đọc hàng trăm triệu để chi tiêu mà không có chỗ đậu xe,0
tôi muốn đi học nhưng tôi không có chỗ đậu xe,0
bãi đậu xe tuyệt vời,2
chương trình đào tạo được xây dựng theo chuẩn quốc tế đào tạo bạn trở thành người dẫn đầu trong lĩnh vực nghề nghiệp mà bạn lựa chọn chúng tôi mang đến cho bạn mô hình đào tạo thực tế đào tạo gắn liền với thực hành thông qua quá trình đưa,2
cơ sở vật chất hiện đại giảng dạy và học tập chủ yếu bằng tiếng anh tuy nhiên học phí hơi cao bạn cần cân nhắc trước khi nộp đơn nhé,0
trường đại học khá tốt đội ngũ nhân viên ổn giảng viên nhiệt tình chuyên ngành đa dạnglà môi trường đáng để học tập và trải nghiệm,2
mọi thứ đều tệ trường học thứ tư dễ sụp đổ bãi đậu xe không hoạt động,0
uef là trường đại học uy tín về chất lượng đào tạo tại thành phố hồ chí minh,2
ngoài ra con đường này có đủ mọi thứ còn có cả xe buýt có tựa lưng hoàn hảo,2
nhà trường không lắng nghe học sinh dịch bệnh khó khăn không giảm học phí như một số trường khác,0
một số hình ảnh trong giờ học thể hình và thẩm mỹ tại uef huấn luyện viên dương thanh sang là một trong những người hướng dẫn,2
phòng ăn khá đẹp giá cả cũng ổn,2
có sân rộng vị trí mát mẻ atm ở cổng trường rất tiện lợi và có một số lớp học buổi tối,2
âm nhạc lớn ở trường ảnh hưởng đến môi trường xung quanh và làm phiền người khác,0
rất tốt rất thân thiện,2
tại sao ngươi dám đuổi ngài đi,1
thư viện,1
dịch vụ tuyệt vời nơi lý tưởng để làm việc và học tập cho mọi người,2
ngôi trường sạch đẹp thầy cô và bạn bè hòa đồng cơ sở vật chất cực kỳ tốt,2
tiện ích tốt thế mạnh là tài chính và kinh doanh ngay mặt tiền đường điện biên phủ giao thông rất thuận tiện,2
học phí quá cao số lượng học sinh quá tải so với diện tích của trường,0
một từ tệ đừng đến trường này,0
ngôi trường này thật tuyệt vời có cả một tầng dành cho phòng tập thể dục wifi của thành phố rất tuyệt nhanh câu,2
5 cái đó mmm,1
cơ sở vật chất tốt và sạch sẽ giáo viên thân thiện tuy nhiên học phí hơi cao,0
cơ sở vật chất tốt lịch sự trang thiết bị hiện đại giảng viên giỏi rất tốt cho sinh viên học tập,2
trường đào tạo tốt av là ngôn ngữ chính cs tài liệu ra khỏi bảng,2
nhà trường luôn giữ liên lạc tốt với phụ huynh điều này phần nào giúp phụ huynh cảm thấy an tâm,2
cơ sở vật chất rất đẹp trông cực kỳ đẹp các lớp học gọn gàng và sạch sẽ phòng tắm rất đẹp và sạch sẽ rất tốt,2
trường đại học danh tiếng hàng đầu cả nước nơi đào tạo nên những nhà quản lý chất lượng tương lai,2
ngôi trường xanh đẹp quá hoàn hảo quá ahihi,2
giống như các trường đại học khác giáo viên cũng có người xấu người tốt người khốn khổ và người ít khốn khổ hơn,1
tôi cảm thấy rất hài lòng với chất lượng đào tạo của trường,2
cả nước lo chống dịch nhà trường lo thu học phí học sinh lo cả hai,0
góc nhìn rất đẹp,2
tôi nghe nói có chuyện rắc rối doanh nghiệp sẽ tồn tại,0
sẽ không có chỗ đậu xe nếu bạn đến muộn,0
môi trường tốt mùa đông quanh năm và máy lạnh bị đóng băng,2
đừng chuẩn bị chờ đợi quá lâu,0
hướng đi tốt cho tương lai và nền kinh tế quốc gia,2
minh rất thích đi học năm nay ngôi sao đi học rồi hi hi,2
tôi đến thăm họ hàng gần đó nhưng không bao giờ ghé qua,0
đây sẽ là một trong những điều ước của tôi,1
cô giáo siêu siêu dễ thương và nhiệt tình 3,2
là giáo viên chuyên ngành kế toán tài chính học tập tốt,2
trường có nhiều tiện nghi và môi trường thân thiện,2
dành cho những người có khả năng chi trả vì học phí cao,2
thoáng mát sạch sẽ,2
hp cao,2
thật tệ từ nhà trường đến nhân viên bảo vệ,0
mọi người hãy đến trường đại học kinh tế nhé,0
ngôi trường nhỏ nhưng đông học sinh,2
chào đón nồng nhiệt trường học rộng rãi,2
top 10 trường đại học có học phí cao nhất việt nam,2
một trường đại học lớn hiện đại,1
trường lớn tôi đang nói về sự nghiệp của tôi,1
view cực đẹp từ 4 phía nhìn ra thắng cảnh,2
umm trở ngại là gì vâng tôi là,0
học phí đắt các môn pd2 thì tệ,0
có khá nhiều đồ ăn nhẹ trước cổng,2
276 dien bien phu ward 17 binh thanh ho chi minh,1
bố trí không gian hợp lý kiến trúc đẹp và hiện đại,2
địa điểm học tập chất lượng cao,2
truong top,2
chất lượng tốt nhưng học phí rất cao,0
ngôi trường sạch sẽ đẹp và hiện đại,2
học sinh miền đông,1
đáng học hỏi,2
ngôi trường rất lớn và hiện đại,2
trường học hiện đại nhưng hơi xa,0
được rồi đẹp quá,2
cơ sở quy mô lớn,2
uef đã chuyển đến 141 điện biên phủ,1
nhiều giáo viên dạy theo cách vui vẻ và dễ dàng,2
mặt tiền thoáng mát và rộng rãi,2
xin chào sinh viên k2016 3,1
rất lịch sự,2
với,1
đại học kinh tế tài chính,2
quá khứ huy hoàng,0
ngôi trường khá lớn,0
trường học lớn,0
nhỏ nhưng sạch sẽ hầu hết các phòng đều có máy lạnh rất mát v nhưng bạn phải trả thêm phí để sử dụng trừ các lớp học tiêu chuẩn cao,0
một nơi nhỏ nhưng đáng yêu bạn có thể quan sát các hoạt động của học sinh và cả bài học trực tiếp,2
trường luật tốt nhất tại thành phố hồ chí minh tòa nhà cũ,2
một trường đại học tuyệt vời cho những người yêu thích tìm hiểu về luật và những vấn đề liên quan đến luật,2
hội nghị tại đại học luật tphcm,1
luật đại học rất tốt tại thành phố hồ chí minh,2
các tòa nhà thực sự đẹp và được thiết kế tốt,2
nơi lý tưởng để ngắm hoàng hôn sài gòn,1
được cho là trường luật tốt nhất ở miền nam việt nam,2
nơi tất cả các luật sư tương lai chuẩn bị cho sự nghiệp của mình,2
nơi đào tạo ra nhiều luật sư tài năng,2
trường luật tốt nhất ở miền nam việt nam,2
dẫn đầu trong lĩnh vực đào tạo luật pháp tại việt nam,2
trường luật có lịch sử lâu đời,2
trường học của tôi tình yêu của tôi,2
gg,1
tôi yêu hcmulaw,2
dịch vụ tệ,0
đó là luật của mọi người,1
đợi tôi với,1
tôi thích nơi này,2
hàng hóa trường học,1
trường đại học luật thành phố hồ chí minh là một trong những trường đại học đào tạo luật hàng đầu tại việt nam nơi chất lượng đào tạo môi trường học tập và cơ hội nghề nghiệp luôn được đặt lên hàng đầu,2
ngày cuối cùng của lễ tốt nghiệp mất rất nhiều thời gian để đóng tiền nhận bằng tốt nghiệp có rất nhiều sinh viên nhưng chỉ có 1 người làm việc biên lai vẫn viết tay chỉ có 1 người có thể hoàn thành trong 10 phút siêu rùa bò,0
bộ phận đào tạo rất thiếu giáo dục một người ảnh hưởng đến cả nhóm tự động tắt điện thoại trong khi gọi mặc dù tôi rất lịch sự xứng đáng 1 sao kiến thức sáng suốt công lý vững chắc và dữ liệu,0
phòng học rộng rãi và hiện đại đội ngũ nhân viên và giảng viên tận tụy và nhiệt tình cảnh quan thật đẹp,2
trường học hiện đại khuôn viên nhỏ ít không gian cho học sinh tụ tập đang được xây dựng tại cơ sở quận 9 chất lượng giảng dạy tốt nhiều hoạt động khuyến khích học tập và nghiên cứu,2
hiện tại cơ sở vật chất của trường không phù hợp để tăng học phí lên 30 triệu đặc biệt là đối với học sinh bình triệu trường sắp mở tại cơ sở quận 9 cơ sở vật chất hiện đại đều tập trung tại đó và không có,0
nơi đào tạo học sinh ưu tú tôi là k46 của trường,2
cơ sở vật chất hạn chế nhưng xin tăng học phí tôi hy vọng nhà trường sẽ xem xét lại việc tăng học phí có thể áp dụng cho khóa 49 không nếu tăng học phí cho các khóa hiện tại là không hợp lý,0
trường bth không có nhiều diện tích chỉ có góc nhìn phía trước thôi,0
trường nằm ngay trung tâm thành phố có tầm nhìn tuyệt đẹp và đội ngũ giáo viên nhiệt tình,2
cảnh đẹp thực sự đã thu hút tôi quay lại nơi này sau đó là những người hướng dẫn siêu giỏi,2
đơn vị đào tạo luật hàng đầu miền nam,1
trường luật hàng đầu khu vực phía nam tôi đã là sinh viên năm thứ 2 rồi mà vẫn cảm thấy như ngày đầu mới vào trường,0
nhìn chung thì tốt chỉ có điều không có bãi đậu xe cho sinh viên bạn phải đậu xe ở bến nhà rồng và ở đó không có mái che,0
ngôi trường này thật tuyệt vời,2
4 sao cho chất lượng giảng dạy,2
vị trí của trường đại học luật thuận tiện cho sinh viên gần thư viện tổng hợp các trung tâm lớn của thành phố hồ chí minh để trải nghiệm và nghiên cứu các lĩnh vực chuyên môn phục vụ cho việc học tập,2
đội ngũ luật sư uy tín hiện đang học tập và phát triển sự nghiệp,2
nơi soi sáng công lý,2
cảm ơn khoa luật đã có một người thầy như thầy người không im lặng và ngoảnh mặt trước sự tiêu cực của xã hội một giảng viên không chỉ chịu trách nhiệm cho bục giảng mà còn chịu trách nhiệm cho cộng đồng những người như tôi tự hỏi nếu,2
trường luật đã dung túng cho anh ta lên mạng để lăng mạ và làm nhục người khác cựu hiệu trưởng đã thoái thác trách nhiệm và bỏ qua những hành vi sai trái của giảng viên thật quá đáng xấu hổ đối với một trường danh giá hạng nhì trong thành phố,0
không ai thuê tôi để đánh giá 5 sao nhưng khi đi làm tôi thấy trường chúng tôi vẫn là trường có chất lượng đào tạo tốt nhất trong các trường luật,1
cơ sở vật chất không tương xứng với học phí,0
một trường đại học công lập bình thường cho một giảng viên lên mạng xã hội chửi trẻ em bằng ngôn ngữ thông thường ban giám hiệu nhà trường nên xem xét lại cách sử dụng con người và trở thành nơi đào tạo kiến thức điều đó không tốt cho thế hệ sinh viên tương lai sẽ ra sao,0
một trong những ngôi trường nổi tiếng tại thành phố hồ chí minh với hàng ngàn sinh viên theo học và với hơn hàng trăm chuyên ngành khác nhau trường đại học luật thành phố hồ chí minh có khuôn viên rộng và kiến trúc đẹp không giống như các trường khác,2
trường nằm ở vị trí rất đẹp các giáo viên giảng dạy tận tâm và có tầm nhìn nhưng mạng lưới của trường hơi yếu có thể là do trường có tường dày,0
trường này dung túng cho bác sĩ quân xã hội xấu hổ trẻ em không nên nghe lời dạy của bác sĩ này,0
hối hận khi vào trường này mệt mỏi lắm không đi học phí cao mà chất lượng còn tệ hơn các trường dưới ai muốn vào thì cố gắng đừng trượt lớp rồi đăng ký lại đỡ tốn tiền học lại hơn là phải đóng tiền học lại ok tiền không phải vấn đề vấn đề là đăng ký,0
trong một ngôi trường có một người đàn ông tên là giáo viên bác sĩ lăng mạ phụ nữ và làm nhục trẻ em sau đó hiệu trưởng nói thêm rằng nói chuyện trên không gian mạng không ảnh hưởng đến đạo đức nghề giáo tôi không hiểu vị hiệu trưởng này học ở đâu vậy ngôi trường này đào tạo cái gì,0
thầy giáo đặng anh quân có biểu hiện vi phạm pháp luật nhưng nhà trường không có biện pháp khắc phục thậm chí còn chối bỏ trách nhiệm,0
đây là trường đại học có đội ngũ giảng viên và hiệu trưởng tốt nhất việt nam những ai có con em muốn theo học trường này cần cân nhắc lại,2
cơ sở vật chất và trang thiết bị đầy đủ và chuyên nghiệp,2
trường đại học luật thành phố hồ chí minh là trường đại học luật hàng đầu khu vực phía nam đạt chất lượng cao trong giảng dạy và nghiên cứu khoa học góp phần xây dựng cộng đồng phát triển đất nước hội nhập quốc tế và,2
khuôn viên trường hơi nhỏ nhưng thoáng mát xanh mát thái độ của nhân viên căng tin không tốt lớp học có máy lạnh có thang máy mỗi tháng một thang máy cho học sinh và mỗi tháng một thang máy cho giáo viên nên khá,0
trường đại học luật quận 4 tọa lạc ngay dưới chân cầu khánh hội quận 4 ngôi trường này nổi tiếng với tháp chuông không thể phá hủy trước đây ngôi trường này là một nhà thờ công giáo sau này thành lập nên trường đại học luật,0
trường đại học luật thành phố hồ chí minh là nơi tôi theo học từ năm 2011 đến năm 2015 nội dung chương trình đào tạo rất chất lượng ngoài ra sinh viên khoa luật còn được rèn luyện nhiều kỹ năng quan trọng thông qua các hoạt động do đoàn thanh niên tổ chức,2
trường học chất lượng cao uy tín,2
trả cho tôi 200k bạn có thể nói chuyện với giảng viên luật môi trường để cân nhắc hơn không nói chung trả 200k trước tôi mệt rồi,0
không có chỗ đậu xe rất bất tiện khi liên lạc ví dụ như ngày lễ ngày nghỉ nếu không có người trông xe nhân viên bảo vệ sẽ trông xe và hướng dẫn mọi người đỗ xe ở đâu đó cho gọn gàng có quá nhiều nhân viên bảo vệ họ chỉ ngồi một chỗ và ngáp không làm gì khác,0
trung tâm đào tạo và nghiên cứu pháp luật hàng đầu miền nam đào tạo đội ngũ cán bộ pháp lý chuyên nghiệp có đạo đức chuyên môn cao đáp ứng nhu cầu của cả nước,2
cơ sở nguyễn tất thành có thể được coi là trụ sở chính của trường vì các khoa và phòng ban đều nằm ở đây cơ sở vật chất đã được cải thiện rất nhiều kể từ năm 2012 năm tôi tốt nghiệp cay đắng chất lượng,2
an ninh tốt bảo vệ làm việc nghiêm túc môi trường sạch sẽ vệ sinh trường trồng nhiều cây xanh tươi mát,2
một trường luật mà quyền hiệu trưởng và giảng viên đặng anh quân không biết gì về luật thật đáng xấu hổ,0
một ngôi trường đáng tin cậy để học tập và nâng cao kiến thức giảng viên nhiệt tình trợ giảng hiệu quả lớp học được trang bị đầy đủ thoải mái và sạch sẽ,2
ngôi trường đẹp và sang trọng quá,2
tên trường và khẩu hiệu trí tuệ sáng ngời công lý vững mạnh gắn trên website của trường đã khẳng định chất lượng giáo dục của một trong những trường đại học danh tiếng hàng đầu việt nam trân trọng,2
trường đại học luật thành phố hồ chí minh là trường đại học luật hàng đầu khu vực phía nam đạt chất lượng cao trong giảng dạy và nghiên cứu khoa học góp phần xây dựng cộng đồng phát triển đất nước và hội nhập hợp tác quốc tế với các nước trên thế giới và các nước trong khu vực,2
tham dự hội nghị đào tạo pháp luật về giáo dục của bộ tư pháp tại đây tôi thấy ban tổ chức rất chu đáo và tận tình các bạn sinh viên lễ tân rất lịch sự và nhã nhặn,2
dịch vụ hôm nay tốt giá cả hợp lý,2
đội ngũ giảng viên rất tận tâm và vô cùng nhiệt tình luôn giảng dạy với tinh thần truyền đạt kiến thức là trên hết phong cách làm việc rất chuyên nghiệp,2
đại học luật tphcm che đậy livestream của tiến sĩ quân hồng daq để bôi nhọ phụ nữ,0
trường có khuôn viên rộng ngay trung tâm thành phố nên rất dễ tìm,2
trường đại học luật thành phố hồ chí minh tên tiếng anh ho chi minh city university of law có trụ sở chính đặt tại số 24 nguyễn tất thành quận 4 thành phố hồ chí minh cơ sở thứ hai đặt tại số 123 quốc lộ 13 bình triệu quận thủ đức thành phố hồ chí minh,1
là nơi đào tạo cử nhân luật hàng đầu miền nam chất lượng giảng đường gần như tốt nhất trong các trường đại học tại tphcm,2
tôi là người bình thường chưa từng học đại học tôi muốn học luật để nâng cao kiến thức liệu có được không,2
đánh giá trường này 5 sao vì phòng cách âm khá tốt hôm trước mình thi toeic ở đây không có vấn đề gì may quá,1
nằm ở vị trí khá đẹp và là cơ sở chính của trường đại học luật tphcm nơi đào tạo các chuyên gia luật và luật sư,2
đây là trường đại học luật thành phố hồ chí minh tọa lạc ngay dưới chân cầu khánh hội quận 4 đối diện bảo tàng hồ chí minh,2
có ai đã học hoặc đang học tại trường này có thể cho tôi biết thêm thông tin về trường này không tôi đang có kế hoạch thi tuyển sinh để học ngành quản lý luật,1
số điện thoại liên lạc làm việc không bao giờ có thể liên lạc được 1 là không nhấc máy 2 là nhấc máy và không trả lời đúng với phong cách của tiểu bang,0
an ninh khá tốt để ra vào trường bạn cần thẻ sinh viên khuôn viên trường hơi nhỏ học sinh tốt,2
trả ngay 200k không còn lý do gì nữa chỉ cần trả tiền giảm giá cho kỳ tiếp theo,0
sân trường nhỏ không có chỗ để xe nên phải đỗ xe cạnh nhà rồng,0
nhà trường cần xem xét lại tư cách của giảng viên đặng anh quân,0
học phí một năm gần 15000000 đồng nhưng nhà vệ sinh lúc nào cũng hết giấy,0
20112016 khoảng thời gian có nhiều kỷ niệm với bạn bè với nhiều người thân dù không cùng huyết thống 3,2
đẹp vào ban đêm,2
sân thượng của trường đại học có tầm nhìn tuyệt đẹp để các nhiếp ảnh gia chụp ảnh vào mỗi buổi chiều,2
trường đại học luật tphcm là trường luật hàng đầu khu vực phía nam một ngôi trường đẹp,2
khi trường trả 200k tôi sẽ lại đánh giá 5 sao,0
trường đào tạo uy tín đào tạo con người tốt cho tương lai,2
đây là trường chuyên đào tạo về luật và có chất lượng giảng dạy cao,2
cơ sở vật chất rộng rãi chất lượng đào tạo tốt học phí không hề rẻ,2
trường đại học luật hàng đầu khu vực phía nam nơi đào tạo ra những luật sư giỏi,2
trường có 2 cơ sở đây là cơ sở chính giáo viên nhiệt tình trong giảng dạy,2
ngôi trường rất đẹp rộng rãi sạch sẽ và ở vị trí thuận tiện cho việc đi lại,2
chất lượng giảng dạy múa rối tốt tuy nhiên không gian xanh cho học sinh còn thiếu,0
nhà trường rất tốt trong việc phòng chống dịch covid học sinh thực hiện đúng quy định,2
tôi mơ ước con tôi có đủ điểm để có thể học ở trường nay,2
ngôi trường đẹp các giáo viên rất chu đáo và tận tâm học sinh năng động,2
nhà trường nên xem xét lại cô giáo tên đặng anh quân,0
trường đại học lớn tại tphcm chất lượng đào tạo tốt,2
chuyên đào tạo công tố viên và luật sư tương lai cho xã hội,2
khoa luật dân sự khoa luật hình sự khoa luật hành chính,1
trường học gần trung tâm giáp ranh quận 1 và quận 7 cơ sở hạ tầng tốt,0
trường có khuôn viên đẹp gần bờ sông,2
xin hãy chỉ cho tôi cách đăng ký bảng điểm,0
tôi có bạn đang học ở đây trường rất đẹp mọi người,2
ngôi trường đào tạo ra những con người rất tài năng,2
trường luật chính quy uy tín và chất lượng nhất việt nam,2
đây là cơ sở 1 của trường cơ sở 2 nằm trên đường cao tốc 13,1
cơ sở thứ hai mới xây dựng trên đường cao tốc 13 khá lớn và đẹp,0
các bạn sinh viên luật có thường xuyên được kèm cặp không,0
lên tầng cao nhất và ngắm nhìn cầu khánh hội tuyệt đẹp về đêm,2
trường học chất lượng và vị trí có tầm nhìn đẹp,2
trường luật nổi tiếng tại việt nam,2
trường có chất lượng đào tạo tốt đội ngũ giáo viên tận tâm và hiểu biết,2
trường học rất thân thiện,2
trường lớn vị trí thuận lợi cho học sinh,2
một trong những ngôi trường nổi tiếng của thành phố hồ chí minh,2
mọi thứ đều tốt nhưng phí gửi xe quá đắt,0
cơ sở đào tạo luật hàng đầu tại việt nam,2
thang máy không có máy lạnh,0
sinh viên luật học một việc tốt nghiệp rồi làm một việc khác,0
đại học luật cung cấp đào tạo pháp lý cho toàn bộ miền nam,0
cơ sở chính của trường đại học luật,1
trường của tôi có dạy trình độ trung cấp không,0
hạn chế đỗ xe cho sinh viên,0
là một trong những trường đại học lớn và uy tín tại thành phố hồ chí minh,2
trường đại học luật hàng đầu ở miền nam,2
từ này tạo ra những người hoạt động trong nghề luật,2
khi nào thì tôi có thể tốt nghiệp,1
trông khá hoài niệm giống như một tòa án,0
đào tạo tiêu chuẩn cơ sở vật chất tốt,2
giáo viên giàu kinh nghiệm và tận tâm,2
trường đào tạo ra những học sinh giỏi,2
ngôi trường lớn ở quận 4 khá cũ,0
trường học vui vẻ chất lượng tốt,2
trường đại học luật ngay cầu khánh hội,2
nơi đào tạo luật sư lớn nhất miền nam,2
nơi đào tạo luật sư tương lai,2
học sinh vui vẻ nhiệt tình trai gái đẹp trai,2
ngôi trường rất hiện đại và đẹp,2
cái nôi đào tạo luật năng động và sáng tạo,2
nơi luật sư cần có cơ chế mới,0
bên cạnh cầu khánh hội bắc qua quận 1,1
trường luật cho luật sư tương lai,2
chất lượng học tập cực kỳ tốt,2
trường có chất lượng đào tạo tốt và uy tín,2
cơ sở vật chất mới xây dựng rất tốt,2
phong cách chuyên nghiệp đào tạo tốt,2
ngôi trường tốt và thơm tho,2
ôi ngôi trường tuyệt vời quá,2
ngôi trường đó thật thú vị,2
một môi trường tuyệt vời,2
ngôi trường rất đẹp và rộng lớn,2
nằm đối diện bến nhà rồng,0
sạch sẽ đông đúc sinh viên,2
sg 12821,1
cung cấp cho 5s một vị trí tốt,2
trường có vị trí đẹp,2
đào tạo chất lượng,2
đã đến đây để trải nghiệm nó,1
khuôn viên nhỏ,0
đẹp và rộng rãi,2
lịch sự,1
đại học luật thành phố hồ chí minh,2
trường luật hồ chí minh,2
môi trường tốt,2
trường luật tốt,2
yêu cầu một cuộc kéo co,0
2 nguyen tat thanh ward 12 district 4 ho chi minh city vietnam,2
llll,0
gia đình,1
tôi muốn khiếu nại một bác sĩ tên là võ duy long ông ta được biết là bác sĩ đã điều trị cho nsut vũ linh trong những năm qua tuy nhiên với tư cách là một bác sĩ ông ta đã thiếu chuyên nghiệp khi đưa ra những tuyên bố sai lệch về adn của vũ linh,0
tuyệt vời đây là niềm vui của tôi khi được học ở trường đại học này,2
khuôn viên trường đại học đẹp,2
nằm ngay trung tâm quận 5 từ đây bạn có thể dễ dàng đi đến trung tâm thương mại parkson rạp chiếu phim cgv hoặc các bệnh viện chất lượng cao như bệnh viện đại học y bệnh viện chợ rẫy bệnh viện phụ sản hùng vương đây cũng là trường đại học của tôi nên tôi không thể không đánh giá 5 sao lol,1
đại học y dược tphcm,1
cơ sở vật chất tốt khuôn viên sạch sẽ tuy nhiên có quá nhiều muỗi ở căng tin 247 hồng bàng mang theo thuốc chống côn trùng khi bạn đến đó,0
kiến trúc tuyệt vời tòa nhà yêu thích của tôi ở sài gòn,2
ồ vâng,1
môi trường tuyệt vời để học tập nhưng vẫn còn khó khăn,0
tốt tốt rất tốt tôi yêu trường đại học của tôi tôi yêu giáo viên của tôi,2
một trong những trường đào tạo y dược được đánh giá cao nhất tại việt nam,2
phải đi từ rất sớm vào buổi sáng cần nhiều bệnh viện như thế hơn,0
chuyên nghiệp,2
đây là một trường y khoa nổi tiếng ở việt nam,2
trường đào tạo y dược tốt nhất tại tphcm,2
trường đại học tuyệt vời với những giáo sư tuyệt vời,2
tốt quá cảm ơn admin,2
trường đại học tuyệt vời ở việt nam,2
nơi tốt để chữa lành,2
trường đại học đáng yêu của tôi,2
alexdao,2
trời ơi,2
hàng hóa,1
bệnh viện nằm trên đường hồng bàng cạnh đại học y dược tphcm vì là bệnh viện tuyến cuối cùng cũng là bệnh viện lớn của thành phố nên lúc nào cũng đông đúc phòng khám,0
tại bệnh viện các bác sĩ chu đáo tận tâm và khám rất cẩn thận các trợ lý điều dưỡng lịch sự chuyên nghiệp và nhẹ nhàng với bệnh nhân giải thích rất cẩn thận khi họ có thắc mắc khi bệnh nhân gọi điện anh ấy,2
lâu lắm rồi tôi không đến bệnh viện công cảm giác khá lạ lẫm và mới mẻ nhưng cũng là một sự thay đổi tốt tôi đã đặt lịch khám bệnh trực tuyến trên umc care chọn khoa và giờ khám sau đó chuyển 150k thế là xong,1
nếu không thì tôi sẽ quay lại long châu mua thuốc chờ mua thuốc còn lâu hơn cả chờ bác sĩ bác sĩ tốt và niềm nở các nhân viên bảo vệ chịu áp lực nên họ hơi lớn tiếng nhưng họ chỉ nói chuyện rất nhiệt tình,0
tôi đã đến đây với chồng tôi để nhổ răng tôi có bảo hiểm pvi nhưng thời gian chờ đợi rất lâu chi phí khá cao nếu tôi đến bệnh viện tư trải nghiệm sẽ tốt hơn,0
cuộc trò chuyện của cô gái này khó nghe đến nỗi bệnh nhân không hỏi mà trả lời bằng giọng của mẹ cô ấy,0
bác sĩ anh tuấn khoa bệnh lý cột sống có thể nói chuyện nhẹ nhàng với bệnh nhân không nói như quát tháo bệnh nhân vậy chưa bao giờ trải nghiệm của tôi ở dyd tệ đến vậy chỉ vì người bệnh cần tôi không có nghĩa là tôi có quyền tử tế với người già được không vì bác sĩ tôi không muốn quay lại khám nữa,0
trong cuộc đời mình tôi đã đi khám bác sĩ và được chỉ định nội soi dạ dày đường tiêu hóa 400 sáng lên xe buýt,0
đánh giá bệnh viện y dược dh và cách khám nhanh nhất 1 đặt lịch hẹn qua ứng dụng,0
1 sao khi tôi đi khám bác sĩ tôi cảm thấy rất tệ bác sĩ cho tôi lời khuyên 1 phút các giai đoạn khác trong quá trình khám thì ổn nhưng bước nhận kết quả và tư vấn với bác sĩ thì tệ bệnh nhân hỏi,0
đến 11h30 tôi đưa mẹ đi khám tại bệnh viện cơ sở 1 hướng dẫn viên và bác sĩ rất nhiệt tình tư vấn nhưng đến lúc xét nghiệm máu thì nhân viên xét nghiệm hơi quanh co và có thái độ thiếu tôn trọng và,0
mặc dù mới 2h chiều để tái khám nhưng bác sĩ không cho siêu âm lần nữa và nói bệnh nhân bình thường nếu không làm xét nghiệm tiền lâm sàng không dám khẳng định khối u lành tính thì chuyển đến hoa,0
tôi đã phẫu thuật vai đôi ở bệnh viện này dịch vụ ổn nhưng vết mổ mà bác sĩ khâu thì tệ kinh khủng tôi là con gái sợ sẹo và tôi không biết cách chữa sẹo bác sĩ phẫu thuật cho tôi trông rất trẻ mọi người đặc biệt là con gái nên cân nhắc không nên phẫu thuật bên này,0
do bị bệnh nên dịch vụ quá tệ tôi đã đăng ký lịch hẹn trực tuyến và vẫn chờ đợi và thậm chí còn đi sớm để lấy máu chụp xquang đã 3 giờ siêu âm được lên lịch từ gần 800 sáng nhưng cuộc hẹn không phải đến 300 chiều vì vậy không thể biết được tôi chỉ muốn hủy và không muốn được khám,0
chờ đợi lâu đến 5 giờ sáng và xếp hàng chờ đợi như đi trại tị nạn để xin số rồi chiều lại bảo đến khám dân trong tỉnh chờ đợi thế nào nếu không sắp xếp được nhân sự quy mô rồi dẹp bệnh viện đi thì còn ý nghĩa gì,0
chất lượng chăm sóc quá tệ từ bác sĩ đến y tá thái độ rất khó chịu bệnh viện nổi tiếng ở sài gòn nhưng dịch vụ chăm sóc bệnh nhân thực sự thất vọng giá tất cả các loại thuốc đều cao hơn các nơi khác,0
thái độ của nhân viên bảo vệ chỉ đạo thang máy không chuyên nghiệp tôi là bệnh nhân nhưng tôi không thể đi thang máy dành cho bệnh nhân tôi được thông báo rằng thang máy chỉ dành cho bệnh nhân ngồi xe lăn hoặc nằm giường vì vậy khi không có bệnh nhân nào ngồi xe lăn hoặc,0
hôm nay tôi đi khám bác sĩ và có một số trải nghiệm như sau lúc 13 giờ sáng đã có rất nhiều người xếp hàng để lấy số 2 đừng nghe những người cố gắng thao túng bệnh nhân,0
tôi viết những dòng này từ trái tim và góc nhìn cá nhân của mình về thực trạng người dân phải đến bệnh viện để khám và điều trị khi bị bệnh,1
bệnh viện đông đúc quy trình khá chuẩn nên thời gian chờ đợi cũng được rút ngắn đầu tiên tôi lấy số khám bệnh theo khoa chuyên khoa trên medpro đóng phí khám và có số điện thoại,0
không biết chất lượng có tốt không nhung là y tá và thái độ rất tệ bạn bị điếc hay sao vậy nhân vật nào mà dễ thương thế,0
hôm nay là lần đầu tiên tôi đến bệnh viện và tôi cảm thấy rất hài lòng các hướng dẫn viên vui vẻ và rất nhiệt tình các bác sĩ cũng chẩn đoán theo đúng quy trình không cần phải làm gì tùy tiện nhưng vì thế,2
sáu năm đã trôi qua tại trường y này tuy không dài nhưng cũng không ngắn một đội ngũ giảng viên tận tụy và nhiệt tình luôn đam mê với,2
trường đào tạo ra những dược sĩ và bác sĩ tài năng nhất cả nước tự hào là một phần của trường,2
trường đại học y dược tọa lạc tại số 217 hồng bàng cổng trường có tên trường nhưng nhiều người nhầm là bệnh viện đại học y dược 215 hồng bàng khi vận chuyển nhớ để lại,0
nhân viên bảo vệ nói chuyện như đang hét vào mặt bệnh nhân người ta đến để khám và điều trị chứ không phải để van xin thái độ bảo vệ tệ,0
bệnh viện đông nghẹt bệnh nhân hệ thống đầy rẫy lỗi bác sĩ và nhân viên đối xử với bệnh nhân như thể đó là điều hiển nhiên thu tiền của bệnh nhân cũng hy vọng các bạn có chút lương tâm với công việc của mình,0
trường đại học y dược tphcm có khuôn viên rộng rãi thoáng mát nhiều cây xanh các tòa nhà của trường được chia thành nhiều khối nhà với kiến trúc cổ kính xen lẫn hiện đại đây là nơi làm việc của hàng ngàn cán bộ y tế,2
bệnh viện bị bỏ qua sáng thứ ba ngày 20 tháng 6 tại phòng 66 tầng 1 khu b khoa dị ứng lâm sàng bệnh viện liên tục đưa bệnh nhân bên ngoài vào để,0
cơ sở vật chất rất tốt sạch sẽ và rộng rãi ra vào dễ dàng tôi thấy nhiều cựu sinh viên đã tốt nghiệp từ lâu vẫn có thể vào chụp ảnh,2
khi tôi đi khám tôi không biết phải hỏi gì nhưng nhân viên nói chuyện vô nghĩa không có sự hướng dẫn nhiệt tình chi tiền để được khám nhưng đừng yêu cầu,0
trường iem xin lưu ý đây là trường học chứ không phải bệnh viện ở đây chỉ có khoa răng hàm mặt bệnh viện đại học y dược nằm đối diện đường tản đà,0
khi tôi đến lấy thuốc tôi bị ngắt lời và được thông báo là tôi không thể lấy thuốc theo thứ tự ưu tiên ai đến trước được phục vụ trước nhân viên làm việc hời hợt,0
các giáo viên rất chuyên nghiệp và tận tụy với y khoa và sinh viên,2
đang chờ trường mở lớp đào tạo tiến sĩ vật lý trị liệu,2
căn tin bệnh viện không có cháo vào buổi tối mất mãi mãi,0
bác sĩ và y tá không có đạo đức hành nghề theo đúng câu nói bác sĩ như mẹ,0
tại sao mọi người lại nhầm lẫn giữa trường học và bệnh viện đây là trường đại học không phải bệnh viện đại học,0
tiến sĩ phạm thanh giang là người hiểu biết có đạo đức và nhiệt tình trong việc hướng dẫn,2
thái độ với khách hàng không tôn trọng đi khám phải mang tiền chứ không xin không biết gì thì hỏi và nói to dịch vụ như không có dịch vụ bác sĩ khám bệnh thì chậm chạp,0
khu vực đỗ xe ở dưới tầng hầm nhân viên trông xe tức giận với mọi người,0
nhân viên trợ lý của bác sĩ hoàng định rất thô lỗ với bệnh nhân vứt giấy tờ một cách khinh thường,0
rất thích dịch vụ khám chữa bệnh tại y dược hầu như không có gì để phàn nàn,2
trường học của bạn có cung cấp lớp đào tạo về chăm sóc bà mẹ và trẻ em cho giáo viên không,0
bây giờ tôi sẽ trả tiền cho học sinh mới tôi rất phấn khích và phấn khích mặc dù rất đông đúc nhưng không sao,1
người bảo vệ rất vô văn hóa hay chỉ biết đến quyền lợi và có thành tích không tốt khi anh ta vào dự lễ kết nghĩa anh ta bị đuổi ra với lý do là hội đồng quản trị sắp đến và đây là hoạt động của sinh viên,0
bà tôi vào khám từ 6 giờ chiều đến giờ trong lúc chờ chụp mri y tá cứ bảo tôi đợi bà ấy sang đó sắp xếp nhưng bà tôi khoảng 92 tuổi và biết rằng chụp mri không phải là,0
cơ sở vật chất tốt giống như dịch vụ chưa đạt tiêu chuẩn cơ bản,0
hội chữ thập xã xuân thới thượng đã liên hệ để đăng ký hiến xác nhưng không liên lạc được qua điện thoại thông tin gọi đến số nội bộ nhưng cuộc gọi liên tục bị từ chối tôi đã liên hệ nhiều lần nhưng không liên lạc được,0
trường nằm trên một con đường rộng đẹp tuy diện tích không nhỏ nhưng về mặt cơ sở vật chất và chuyên môn thì khó có trường y nào trong cả nước có thể so sánh được,1
trường tuyệt vời đi 45 cổng mới vào trường kk,2
ngôi trường hot nhất trong mùa tuyển sinh với chất lượng giảng dạy tốt và đội ngũ giáo viên xuất sắc,2
đây là một trong những trường đại học lâu đời và nổi tiếng tại sài gòn đây là ngôi trường mơ ước của những bạn trẻ muốn thăng tiến trong ngành y nhưng đây cũng là nơi đào tạo ra những bác sĩ có sự nghiệp nhưng không có trái tim,0
1 sao là ủng hộ bạn nhưng nhân viên bệnh viện và y tá đều có thái độ khó chịu và bắt nạt người khám tôi cũng đã tốn tiền khám bệnh thay vì khám ở chùa và tức giận như vậy nếu mọi người không biết họ sẽ hỏi và họ sẽ tức giận với họ cứ như vậy,0
nói về việc chạy kpi dịch vụ toàn đưa ra mức phí khám bệnh cao ngất ngưởng cho những người không có bảo hiểm đúng là bệnh viện,0
đại học y dược tphcm là trường đào tạo y khoa tốt nhất miền nam cơ sở vật chất hiện đại đội ngũ giảng viên có trình độ chuyên môn cao giảng dạy tốt,2
một lần tôi đến thăm trường quang cảnh từ trên cao trông rất đẹp,2
học phí hơn 70 triệu khá đắt đỏnhưng đổi lại sau khi ra trường có nhiều chuyên ngành có thể giúp chúng ta tiếp cận tốt hơn với những trường hợp được coi là lựa chọn cuối cùnggiúp phục vụ mối quan hệ dịch vụ khách hàng được mở rộng hơn,2
đừng nói dịch vụ tệ y tá giống như những người nói chuyện mà không có chủ ngữ và vị ngữ vì vậy các câu hỏi bị bỏ qua không bao giờ quay lại,0
bạn tôi đã không gặp tôi trong 1 tháng rồi,0
tệ quá bác sĩ phụ khoa trần thị nhật vy khám lấy tiền mà không nhiệt tình chỉ khám đơn giản tự chẩn đoán bệnh rồi cho thuốc không làm xét nghiệm hay siêu âm thất vọng vô cùng,0
khoa siêu âm khu b trường đại học y dược y tá giấu giấy khám nội soi đại tràng và trả cho mình 900k để ăn sau khi mình làm ầm lên y tá sang phòng khác lấy giấy khám và bảo mình quên đi,0
gần bệnh viện trường học chung cư vv thường xuyên tổ chức các sự kiện âm nhạc lớn ý thức cộng đồng quá kém cần xem xét lại,0
tôi đã tái khám sau 3 ngày xuất viện vào chiều ngày 8 tháng 5 năm 2023 tại phòng khám của bác sĩ lê châu hoàng quốc chương tôi đã khóc ngay trên bàn khám và phải nằm xuống khóc tại chỗ trong,0
chỉ gửi 6 ngàn mà nhận được 10 ngàn giờ thì bạn đã nổi tiếng rồi,0
nhân viên có thái độ chửi bới bệnh nhân ở nơi đông người ngay cả trên bàn mổ nếu không làm được thì về nhà để người khác làm,0
ngày 17 tháng 5 lần đầu tiên tôi đưa mẹ đến khoa thần kinh vào khoảng 9 giờ sáng ở khu a có một hướng dẫn viên đưa cho tôi một tờ giấy để tôi điền thông tin sau khi điền xong tôi mang tờ giấy về cho chị ở,1
bác sĩ ở đây tệ lắm khi tôi đi khám ông ấy không giải thích đầy đủ về bệnh của tôi sau đó chẩn đoán là phát ban và kê đơn thuốc rồi bảo tôi xét nghiệm máu và xét nghiệm dương tính với giun chó bình thường thì ai cũng biết chúng tôi có,0
cảm ơn nhà trường đã luôn hỗ trợ sinh viên trong suốt năm qua mặc dù có nhiều lúc nhà trường không lắng nghe kịp thời 1 học và thi chính thức tại khoa y 217 hồng bàng phường,0
không còn lời nào để chê sau phẫu thuật tôi phải đợi cả ngày mà vẫn không được vào phòng sau đó tôi không biết kết quả sẽ thế nào hỏi bác sĩ thì bác sĩ sẽ nói là ổn bảng thông báo có những con số nhảy lên nhảy xuống,0
tôi cũng không hiểu tại sao một phòng có giá 1800kngày nhưng máy lạnh lại không hoạt động tôi đã đề cập rất nhiều lần nhưng không ai ủng hộ tôi tôi đã vào để kiểm tra rồi lại bỏ đi tôi rất thất vọng về cơ sở vật chất,0
hồ bảo tử nằm trong khuôn viên trường đại học y dược thành phố hồ chí minh,2
rất đông đúc nhiều bác sĩ giỏi khu vực cấp cứu chuyên dụng,2
đại học y dược tp hồ chí minh chuyên nghiệp chất lượng năng động sáng tạo,2
trường học có nhiều muỗi quá,0
đây là lần thứ hai tôi đến bệnh viện này lần đầu tiên tôi đến khám vì tôi còn trẻ và nhanh nhẹn nên không có vấn đề gì đáng nói lần thứ hai tôi đưa mẹ đi khám mẹ tôi bị rối loạn tiền đình,1
nhiều cây xanh thư viện rộng lớn có nhiều y tá xinh đẹp ở gần đó,2
ngôi trường đẹp quá thật tuyệt vời,2
ngôi trường cũ được xây dựng trước năm 1975 thoáng mát tòa nhà 15 tầng mới xây có cả mặt trước và mặt sau hướng đông và tây nhưng không có lan can chắn nắng nên rất nóng và sáng khi học,0
bạn tôi là người mỹ năm nay 70 tuổi cũng đã cao tuổi trong 3 tháng tìm kiếm vắcxin để tiêm khi có buổi tiêm chủng tại phường tân phú nhân viên y tế nói rằng vì tuổi cao nên phải đi,1
bệnh viện tệ quá thái độ phục vụ sau khi dịch bệnh đi xuống y tá và nhân viên nói chuyện thì thầm siêu âm tim của mẹ tôi ở chợ rẫy gia định cho thấy thiếu máu cục bộ và hở van hai lá 14 nhưng siêu âm tim ở đây thì bình thường,0
phân hiệu của đại học y hà nội đã được đổi tên thành đại học y dược thành phố hồ chí minh chất lượng đào tạo rất tốt,0
không có gì tệ hơn việc đến gặp chuyên gia dinh dưỡng ở đây già đi lãng phí tiền bạc lãng phí thời gian và gây bực bội,0
ngôi trường nằm cạnh một số bệnh viện lớn,0
bác sĩ chửi bệnh nhân,0
thi thì ổn đông nhưng bạn nên cẩn thận khi thi bạn có thể dễ bị đá lên đá xuống và chuyển sang các khoa khác nhau một cách tùy tiện hoặc phải thi thêm mất tiền nhất là khi đăng ký,0
bác sĩ chẩn đoán bệnh một cách vô trách nhiệm chẩn đoán một cách gây hoang mang tại phòng khám 507 ảnh hưởng đến bệnh nhân rất nhiều nói thẳng ra là bác sĩ nguyễn hồng ngọc bị bệnh dạ dày nhưng sao lại chẩn đoán được bệnh tim trời ơi sao lại thế,0
bệnh viện sạch đẹp mọi người phải chờ đợi lâu khó tìm chỗ đậu xe,2
sàn giao dịch bất động sản gm holdings mở khóa hạnh phúc,0
các giáo viên của mọi chương trình đều giỏi nhưng bài kiểm tra quá khó nên tôi đã trượt lớp đó,0
bệnh viện thì quá tệ và chi phí khám bệnh thì rất đắt tôi khuyên những ai ở bình dương hay đồng nai có ý định đi khám thì nên từ bỏ ý định đó nếu khám bệnh đắt thì cố gắng chi trả,0
bệnh viện mới nên rất thoải mái nhưng vấn đề lớn nhất là các quý ông quý bà bao gồm cả nhân viên chính xác là một vài cá nhân có thái độ cực kỳ tệ và thô lỗ với người nhà và bệnh nhân,0
chúng ta hãy đến singapore một lần nữa,0
góc chiều tại trường đại học y dược tphcm,1
bị ép phải ở trong một căn phòng có giá 24 triệuđêm những người nghèo quyết tâm chết trong bệnh viện này một lũ vô nhân đạo,0
tôi đã được đưa vào bệnh viện y khoa 215 năm tuổi này trong khoảng 78 giờ cách nhau 1 năm năm nay là 2016 sau khi tôi rời đi bệnh viện sạch sẽ rộng rãi và được điều trị nhanh chóng chúc mừng mỗi lần tôi đến phòng khám và kiểm tra,2
trường đào tạo ra những dược sĩ và bác sĩ tài năng nhất cả nước,2
chất lượng đào tạo tuyệt vời,2
điều dưỡng thiếu đạo đức y khoa khu b phòng 70 có thái độ coi thường bệnh nhân không khám bệnh nhân theo thứ tự nào ai muốn khám thì khám trước không hướng dẫn bệnh nhân tôi nghĩ trong y khoa,0
trường đẹp trang thiết bị tốt thiết kế tòa nhà 15 tầng mới đẹp và tiện nghi học sinh chăm chỉ năng động thông minh và lịch sự hy vọng chất lượng đào tạo và đội ngũ giảng viên sẽ tiếp tục được cải thiện,2
bệnh viện nên cân nhắc quy trình phát hành thẻ bệnh nhân hợp tác với viettinbank về chuyên môn của bệnh viện thì rất tốt 1 sao là do sự hợp tác của bệnh viện với đối tác chưa rõ ràng khiến chủ thẻ,0
6 năm học thi cử vất vả quá lương bác sĩ mới ra trường còn thấp hơn nhiều ngành nghề khác,0
kiểm tra công ty bị ép vào nhiều công ty khác cùng lúc đến từ 7 giờ sáng đợi đến 11 giờ sáng và không được khám ngoài ra sàng lọc ung thư cái này cái kia cộng thêm tiền trong khi việc công khai là bình thường,0
nơi lý tưởng để học y khoa tại việt nam,2
bệnh viện rộng rãi sạch sẽ trình độ chuyên môn thuộc hàng đầu cả nước tuy giá hơi cao nhưng chất lượng rất xứng đáng,2
quá bệnh chất lượng không còn nữa thái độ lạnh lùng phối hợp nội bộ kém gây mất lòng tin nói chuyện vô cảm,0
ngôi trường thật đẹp và tuyệt vời,2
đây là ngôi trường tôi đang theo học tôi rất thích ngôi trường này có rất nhiều học sinh đạt điểm cao nhưng tôi hơi ghét nó 1 không có khu vực tự học riêng không gian tự học chỉ có ở,0
rộng rãi trang nghiêm thoáng mát,2
trường chuyên đào tạo nguồn nhân lực cho ngành y là trường có chất lượng đào tạo hàng đầu điểm chuẩn đầu vào cao nhất việt nam,2
đây là một trong những bệnh viện uy tín nhất tại thành phố hồ chí minh tập trung nhiều giáo sư bác sĩ đầu ngành trang thiết bị vô cùng hiện đại nhược điểm duy nhất là chi phí khám chữa bệnh khá cao so với các bệnh viện công khác,0
nơi đây chuyên khám chữa bệnh cho mọi tầng lớp nhân dân thái độ phục vụ chu đáo với bệnh nhân giải thích cho bệnh nhân hiểu về bệnh lý và luôn đông bệnh nhân đến khám chữa bệnh ngay tại cửa bệnh viện luôn mở cửa phục vụ mọi bệnh nhân,2
hiệu trưởng trường đại học y dược trường đào tạo nhiều giáo sư tiến sĩ bác sĩ giỏi trong nước và quốc tế,2
một trường đại học y khoa toàn diện tại thành phố hồ chí minh trường có khoa y khoa nha và khoa dược,2
khuyến cáo mạnh mẽ không nên đến đây để khám khám sơ bổ bán thuốc nhưng không chữa khỏi,0
ưu điểm trường tạo điều kiện cho sinh viên thực hành tại các bệnh viện lớn uy tín để sinh viên có cơ hội thực hành và tương tác trực tiếp,2
một trong những ngôi trường danh giá nhất việt nam với đội ngũ bác sĩ uy tín,2
khi tôi đi khám bác sĩ tôi gặp bà cố của tôi tôi được đưa đến phòng cấp cứu nhưng không làm gì cả tôi đo huyết áp và bảo tôi nằm đó chờ đợi tôi không hiểu bây giờ bệnh viện đó như thế nào nữa nó,0
việc điều trị rất chu đáo và đội ngũ y bác sĩ chăm sóc bệnh nhân như người thân của mình cơ sở hạ tầng sạch sẽ có chỗ cho người thân chăm sóc bệnh nhân chi phí thuốc men không cao chút nào,2
tôi là học sinh của trường hôm nay tôi có cơ hội đi thuyền đến trường muốn vào trường và chụp ảnh phong cảnh ngay tại trường một nhân viên bảo vệ đã tiếp cận tôi và không cho tôi vào trường vì tôi không có giày đi học mới bạn muốn đi học và cũng cần giày đi học mới,0
cơ sở vật chất hiện đại nhưng có lần tôi đi khám đốt sống cổ tôi muốn chụp xquang để xác nhận nhưng bác sĩ không cho tôi hỏi vài câu chỉ khoảng 35 phút rồi lấy đơn thuốc đi kết quả không hề kém,0
trước hết tôi xin cảm ơn bệnh viện phong cách làm việc khá chuyên nghiệp bệnh viện sạch sẽ nhân viên ân cần và xin cảm ơn bác sĩ nguyễn văn hậu khoa hậu môn trực tràng 5 năm trước tôi đã,2
cơ sở vật chất kỹ thuật hiện đại rất thuận lợi cho sinh viên học tập và trải nghiệm thực hành thực tập,2
trường rộng rãi thoáng mát nằm ngay trung tâm quận 5 có 4 cổng khu nhà mới xây 15 tầng luôn sạch sẽ trong trường cũng có một số chỗ đang được sửa chữa sắp tới sẽ có vườn thuốc mong chờ lắm,2
hầu hết các giao dịch từ bác sĩ đến toàn thể nhân viên ở mọi cấp độ đều phục vụ bệnh nhân kê đơn nhanh chóng và dễ dàng thu được nhiều tiền nhất và điều quan trọng nhất là các bác sĩ thạc sĩ tiến sĩ không có mặt để,2
trung tâm tiền phong cần hợp tác với sinh viên y khoa để gia sư toán lý hóa cấp 2 cấp 3 học phí 30 bảo hành lớp học 1 tháng,0
giá cả cao nhân viên không phải bác sĩ vô cùng vụng về chất lượng tùy thuộc vào khả năng kinh tế của bệnh nhân nếu bạn giàu có bạn có thể theo phác đồ điều trị trong thời gian dài nếu bạn nghèo đừng đi,0
đây là một trong những trường đại học lâu đời và nổi tiếng tại sài gòn đây là ngôi trường mơ ước của những bạn trẻ muốn thăng tiến trong ngành y nhưng đây cũng là nơi đào tạo ra những bác sĩ có sự nghiệp nhưng không có trái tim người ta dành nhiều thời gian,0
bệnh viện sách đẹp và thoáng mát giá cả không đúng lắmtập trung nhưng bác sĩck tôi cũng đã phẫu thuật một lần hôm nay tôi đang điều trị bệnh lao,0
ngôi trường rất đẹp và hiện đại,2
hãy tiêm vắcxin và hành động như một công dân giống như cha của thế giới bản dịch có nghĩa là bảo vệ lẫn nhau tất cả trẻ em,0
tôi nghe nói bệnh viện có chất lượng tốt nhưng vừa bước vào cổng nhân viên bảo vệ lại có thái độ với người già,0
đây là một trong những trường y khoa hàng đầu tại việt nam với bề dày lịch sử và sự đổi mới liên tục đại học y dược thành phố hồ chí minh luôn tiên tiến và đi đầu trong mọi lĩnh vực y khoa trong khu vực,2
ngôi trường đẹp sạch sẽ thoải mái tạo cảm giác mát mẻ và hiện đại khi đến thăm,2
bệnh viện chuyên khoa cao tuy nhiên bãi đỗ xe không đáp ứng được nhu cầu có khá nhiều người được đưa đi khám bệnh,0
nhân viên không ưu tiên người già cách họ nói chuyện không dễ nghe,0
ngôi trường rộng đẹp hiện đại với nhiều giáo sư tiến sĩ giỏi nhất việt nam nơi mơ ước của nhiều người muốn học tập,2
trường học thân thiện học sinh năng động hoạt động câu lạc bộ và nhóm năng động hoạt động công đoàn nhiều chương trình bổ ích không phải mỗi lần đến đây là học được nhiều điều nhưng mỗi lần đến đây phải cố gắng hết mình vì nhiều thứ,2
trường đại học lớn này cũng là một bệnh viện có đầy đủ các khoa khám chữa bệnh với trang thiết bị hiện đại đạt tiêu chuẩn cao,2
cơ sở hạ tầng được đầu tư chất lượng đào tạo tốt trường đại học y dược tphcm là một trong những trường đại học y khoa hàng đầu cả nước,2
đăng ký khám răng nhưng đợi 2 tiếng mà không được khám và không có nhiều khách hàng,0
tôi đến trường dhyd tại thành phố hồ chí minh như tất cả mọi người ở đây những lời đã tạo nên con người sợ hãi đôi bàn tay tuổi già trí tuệ của tất cả mọi người trẻ em trẻ em sẽ tiếp tục chia sẻ suy nghĩ của mình,1
cảm ơn các thầy cô đã dìu dắt và giảng dạy qua nhiều thế hệ tôi cũng đã được đào tạo từ ngôi trường này và cho đến hôm nay khi đánh giá về ngôi trường này tôi chỉ có thể thốt lên 2 từ tuyệt vời và nếu được chọn lại ngôi trường mình đã học tôi vẫn sẽ chọn đại học y dược tp hồ chí minh,2
trường đại học hàng đầu về đào tạo y dược tại khu vực phía nam,2
một trong những trường đại học hàng đầu đào tạo nguồn nhân lực y tế tại khu vực phía nam việt nam nói riêng và cả nước nói chung,2
tôi không biết việc phải chờ từ 7 giờ sáng đến 5 giờ chiều để vào phòng siêu âm có tốt hay không,0
vẫn vậy gần như không thay đổi,0
chất lượng đã được xác nhận,1
đi học cho tôi nhưng đông quá,0
trường đại học hàng đầu việt nam nơi đào tạo ra nhiều bác sĩ nổi tiếng trong và ngoài nước,2
y tá ở khoa tâm thần đối xử tệ với khách,0
trường đào tạo cán bộ y tế bác sĩ dược sĩ hàng đầu việt nam,2
xin vui lòng cho tôi biết chi phí phẫu thuật nội soi để cấy ghép và tổng chi phí phẫu thuật là bao nhiêu,1
khám đông xếp hàng chờ lâu không cần nhờ giúp đỡ nên đi sớm,0
tôi đã gọi 3 ngày nay rồi không có ai nghe máy đó là bệnh viện nào tôi không biết đã gọi 3 số điện thoại cố định không ai trả lời,0
các bác sĩ ở đây rất tận tâm và chu đáo,2
gia đình tôi thường đến khám ở đây và thấy tốt nhưng phải chờ hơi lâu,0
nuôi dưỡng tài năng y khoa có đạo đức,2
sự kết hợp giữa cổ điển và hiện đại,1
ngôi trường này khá cổ kính một số địa điểm đang được xây dựng lại rất đẹp,0
trường đại học y dược tphcm là một trong những nơi đào tạo ra đội ngũ bác sĩ ưu tú,2
thật đáng kinh ngạc khi thấy một số tòa nhà đã cũ như thế nào,0
nơi đào tạo ra các bác sĩ đã cứu sống rất nhiều người,2
nơi đào tạo bác sĩ và y tá cho nhà nước,2
trường rất đẹp các giáo viên rất dễ thương học sinh rất giỏi,2
quốc gia tốt nhất để đào tạo bác sĩ giỏi,2
một trong 2 trường y khoa hàng đầu cả nước,2
trung tâm khám chữa bệnh tốt nhất tại tphcm,2
tôi cảm thấy mình thực sự nổi tiếng nhưng tôi vẫn chưa thấy điều đó haha,0
sau đại dịch ảm đạm nhưng đáng nhớ,2
trường đại học danh tiếng chm city,2
nơi đào tạo y dược hàng đầu việt nam,2
thậm chí còn có một bệnh viện ở đây,2
nơi đào tạo bác sĩ giỏi ở miền nam,2
thật tuyệt vời đến nỗi tôi phải đợi một lúc,2
trường tốt để học y khoa,2
cởi mở thân thiện,2
bangladesh là quê hương của tôi tôi đồng ý vận chuyển và giao tiếp stady bởi vì hệ thống giao tiếp quan trọng nhất là một quốc gia đang phát triển nên tôi muốn có kiến thức về vận chuyển và giao tiếp,0
thư giãn nào 3,0
thưởng thức,2
một trong những trường đại học nổi tiếng nhất tại hà nội,2
con đường dẫn tới thành công,1
lừa đảo 2023,0
100 thật tuyệt vời,2
đây là trường đại học tôi đã theo học vào năm 2009,1
khuôn viên trường2023,1
nơi rộng rãi và dễ tìm,2
khu vực đậu xe đẹp,2
tôi đã ở đây vào một ngày chủ nhật yên tĩnh,2
utc,2
nhà của tôi tình yêu của tôi,1
trường đại học của tôi 3,1
hãy có sự thay đổi mới nhé,0
trường đại học giao thông vận tải tại hà nội,1
chúc mừng đại hội đoàn thanh niên cộng sản hồ chí minh trường đại học giao thông vận tải cơ sở tại thành phố hồ chí minh nhiệm kỳ 2024 2027,2
ngôi trường mơ ước của học sinh nơi đào tạo nhiều nhân tài cho đất nước,2
môi trường học tập tuyệt vời giáo viên nhiệt tình bạn bè hòa đồng câu lạc bộ rất ý nghĩa,2
môi trường học tập rất tốt giáo viên nhiệt tình và học sinh năng động trường có cơ sở vật chất hiện đại với công nghệ tiên tiến các phòng học được trang bị đầy đủ máy lạnh và máy chiếu các phòng học được,2
đề nghị nhà trường làm rõ học viên quản lý dịch vụ du lịch và lữ hành k62 vũ nhật hà có những phát biểu thiếu chuẩn mực,0
ngôi trường này rất tốt đào tạo ra nhiều thế hệ người giỏi cho ngành,2
trường có vị trí rất thuận tiện cho việc đi lại vì nằm ngay tại điểm trung chuyển xe buýt cầu giấy và bến xe cầu giấy hơn nữa trường nằm đối diện với công viên thủ lệ vườn thú thủ lệ là nơi vui chơi giải trí đa dạng và phong phú nhất tại hà nội,2
trường có chất lượng tốt đội ngũ giáo viên tuyệt vời khuôn viên trường rộng rãi và nằm ngay trung tâm thủ đô khu vực sinh hoạt thực hành và học tập của sinh viên rất đầy đủ đội ngũ giáo viên,2
khuôn viên trường rộng rãi cơ sở vật chất đầy đủ nhưng nhiều thứ cần phải nâng cấp có nhiều máy móc và thiết bị phục vụ cho các thí nghiệm giáo viên nhiệt tình giúp đỡ học sinh,0
mọi người thường đọc những nơi có 1 sao nên tôi để lại bình luận ở phần 1 sao để đánh giá học phí của trường thuộc loại rẻ nhất hà nội nhưng gần đây đã,0
trở thành trường đại học đa ngành định hướng nghiên cứu khẳng định vị thế hàng đầu của việt nam trong lĩnh vực giao thông vận tải có uy tín và chất lượng ngang tầm châu á,2
ngôi trường rất đẹp vào mùa hè và những bông hoa bồ đề nở rộ,2
đây là ngôi trường tôi đang theo học tôi rất vui và may mắn khi được nhận vào trường đại học giao thông vận tải ngôi trường rộng và khuôn viên khá đẹp phòng học hiện đại mới và đẹp,2
tuy nhiên trong những năm gần đây kho chuối phía bắc đã dần bị xâm chiếm bởi một loài mới có tên gọi là cô gái,0
việc chấm điểm của giáo viên không có cơ sở người đi học không bằng người vắng học không cho học sinh hỏi bài khóa toàn bộ zalo không cho ai hỏi bài,0
tôi xin giới thiệu về trường đại học giao thông vận tải utc hiện nay hiệu trưởng là thầy nguyễn ngọc long 2019 tôi là sinh viên trường đại học giao thông vận tải tôi cảm thấy trường đã thay đổi rất nhiều trong 4 năm qua phát triển,1
trường có cơ sở vật chất tốt và học phí rẻ so với chất lượng đào tạo tốt hơn nhiều so với utt,2
tôi có thể đăng ký ký túc xá trực tuyến hay phải đến trực tiếp để đăng ký,0
một trường đại học có khuôn viên khá rộng,0
view suối mát mẻ chủ nhà thân thiện phòng sạch sẽ và yên tĩnh,2
nhà trường ôn tập công tác tư tưởng cho học sinh vũ nhật hà,2
nhà trường không cung cấp hướng dẫn chi tiết cho sinh viên mới,0
môi trường tốt mọi người ở đây đều thân thiện và giáo viên nhiệt tình giàu kinh nghiệm,2
kỷ niệm ngày họp lớp khoa kinh tế vận tải và du lịch sau 20 năm rời xa trường đại học giao thông vận tải hà nội 2000 2020,1
các trường beta đóng học phí trễ sẽ bị trừ điểm đào tạo,0
trường rất lớn và có cơ sở vật chất bình thường học sinh không có nhận thức cao như các trường xung quanh như ftu và luật,0
trường đại học giao thông vận tải rất đẹp và rộng lớn nằm ngay trên phố,2
trường học của tôi số 3 cầu giấy thành phố hà nội,0
đây là một ngôi trường tuyệt vời đây là nơi tôi đang học đội ngũ giảng viên và cơ sở vật chất chất lượng đáp ứng nhu cầu học tập của sinh viên,2
cảnh đẹp mùa lá rụng nơi đây rất đông đúc và dễ dàng bắt xe buýt để di chuyển quanh hà nội trường giao thông vận tải luôn nằm trong top đầu về đào tạo sinh viên trên toàn quốc,2
khi đến trường tôi rất yêu ngôi trường và các thầy cô giáo cảm ơn trường đã đào tạo tôi ngày hôm nay,2
không có sơ đồ các tòa nhà nên việc tìm chúng hơi khó khăn,0
đây là một ngôi trường lớn chất lượng cao,0
trường đại học đáng để đi học mọi người nói rằng trả tiền để vượt qua các khóa học là lãng phí tiền bạc,2
đây là một trong những trường kỹ thuật hàng đầu cả nước môi trường học tập rất tốt giáo viên nhiệt tình sinh viên năng động trường có cơ sở vật chất hiện đại với công nghệ tiên tiến phòng học đầy đủ,2
100 điểm,1
tôi yêu trường này các giảng viên có trái tim vô cùng yêu thương trường cũng rất quan tâm đến sinh viên và học phí lại rẻ,2
khi tôi cảm thấy mình bị đẩy ra xa tôi tuân theo các quy tắc và tập trung vào bài tập về nhà nhưng có những người cố gắng áp bức tôi dùng lời nói để ra lệnh và thao túng tôi vì vậy mục tiêu cuối cùng vẫn là giúp tôi thực hiện mong muốn,0
nhà trường không cần giáo viên nhưng thay vào đó là một nhóm người chạy quanh và xin tiền để đào tạo giáo viên với mục đích gì bạn phải mang kiến thức học tập thực sự để có giá trị và ý nghĩa của bằng thạc sĩ,0
trường có nhiều nam nữ sinh đẹp ảnh ban công tòa nhà a2 biểu tượng của trường nha khoa mn,2
chương trình của trường rất vui có nhiều quà tặng mọi người đều nhiệt tình,2
khi giảng dạy có một số môn học bị bỏ lỡ và không có bài tập bù nào được thực hiện các lớp học bắt đầu muộn và kết thúc sớm khi họ trở về nhà khi đăng ký cho mỗi học kỳ mới môn học không được viết rõ ràng và,0
mỗi học kỳ chúng tôi đều thu thập ý kiến đánh giá giảng viên nhưng chất lượng giảng dạy vẫn chưa được cải thiện một số giảng viên chưa thực sự nhiệt tình với công tác giảng dạy chưa đạt chuẩn,0
mọi thứ đều khó chỉ có đăng ký lại là dễ,0
cổng trường cần được thiết kế lại đẹp hơn phù hợp với trường lớn như trường giao thông,0
nó làm tăng hp quá nhiều,0
ngôi trường này rất đáng để học,2
môi trường học tập rất tốt giáo viên nhiệt tình học sinh năng động trường có cơ sở vật chất hiện đại với công nghệ tiên tiến tất cả các phòng học đều được trang bị máy lạnh máy chiếu phòng học rộng rãi,2
ngôi trường tôi yêu thích đại học giao thông vận tải,2
cảnh quan từ ga tàu điện ngầm số 8 rất đẹp nhưng vẫn chưa vào,0
ngôi trường được xây dựng rộng rãi hơn,0
cơ sở vật chất tốt khoảng 8 tòa nhà cho sinh viên và giáo viên học tập và làm việc chưa kể htl còn có một số tòa nhà lớn để sinh viên thực hành và cho giáo viên trực,2
là trường đại học giao thông vận tải phía trước là bến trung chuyển cầu giấy,0
đây là một nơi khá tốt để học đại học tuy nhiên vẫn còn nhiều vấn đề về giảng dạy chưa đáp ứng được nhu cầu của sinh viên khiến nhiều sinh viên cảm thấy chán nản và từ bỏ việc học một phần là do vấn đề cá nhân của bạn nhưng giáo viên phải truyền lửa nhiều hơn nữa trong công tác giảng dạy,0
trường đại học đang hoạt động,2
sắp xếp lịch học năm cuối theo kiểu nửa sáng nửa chiều không tạo điều kiện cho sinh viên đi làm và thực hành,0
trường đại học giao thông vận tải được xây dựng trên khuôn viên có tổng diện tích gần 21 ha bao gồm các giảng đường phòng học phòng thí nghiệm văn phòng hội trường thư viện nhà văn hóa sân vận động tất cả đều được xây dựng hiện đại,1
trường đào tạo giao thông hàng đầu việt nam cơ sở vật chất ngày càng khang trang hiện đại đáp ứng nhu cầu mới,2
chương trình s điện thoại di động hấp dẫn và thú vị,2
ở trường đã có khá nhiều đổi mới,1
trường đẹp cơ sở vật chất tốt chất lượng đào tạo cao,2
trường đại học giao thông vận tải tên tiếng anh university of transport and communications viết tắt utc hoặc uct là trường đại học công lập đào tạo chuyên ngành kỹ thuật giao thông kinh tế tại việt nam trường,1
nơi lý tưởng để học tập và vui chơi,2
trường đại học giao thông vận tải ngày nay trước đây có tên là trường cao đẳng công chính trước khi đất nước giành được độc lập vào ngày 2 tháng 9 năm 1945 và được mở lại dưới chế độ việt nam dân chủ cộng hòa vào ngày 15 tháng 11 năm 1945 3,1
mặc dù mình rất yêu trường trường thì hoàn hảo nhưng mình cũng yêu đất nước này nên mình đánh giá 1 sao đánh giá 5 sao thì thành cờ trung quốc,0
trường đại học giao thông vận tải là trường đại học công lập đào tạo chuyên ngành kỹ thuật giao thông và kinh tế giao thông tại việt nam trường được thành lập năm 1960 trực thuộc bộ giáo dục và đào tạo,1
nó ổn lắm,1
nhận một máy tính xách tay miễn phí,1
có công trình xây dựng trước cổng trường gây bụi bẩn và vào mùa hè cống ngầm sẽ bốc mùi hôi thối khi vào gần cổng trường thư viện trường hiện đại phục vụ mọi người và khuôn viên trường rất đẹp,0
trường chuyên về giao thông vận tải nhưng cần tập trung nhiều hơn vào tiếng anh ứng dụng nếu bạn học tại trường này học chuyên ngành bao gồm du học tại cannon cơ hội sẽ rộng mở,0
trường có nhiều giáo viên giỏi tận tụy với công việc đặc biệt là môn kỹ thuật tuy nhiên cơ sở vật chất chưa đáp ứng được nhu cầu của sinh viên,0
trường đại học giao thông vận tải tên tiếng anh university of transport and communications viết tắt utc hoặc uct là trường đại học công lập đào tạo chuyên ngành kỹ thuật kinh tế vận tải,1
trường đại học giao thông vận tải tên tiếng anh là university of transport and communications viết tắt là utc là một trong những trường đại học hàng đầu về đào tạo kỹ thuật giao thông vận tải gần đây trường đã mở một số,1
nhà trường đang nỗ lực cải thiện cơ sở vật chất và sân thể thao để học sinh có thể đạt được kết quả không chỉ về sức khỏe mà còn về kiến thức,2
ngôi trường hơi khó tìm nhưng nhìn chung cảnh quan rất đẹp và được chăm sóc cẩn thận,2
nhỏ nhưng đầy đủ khu vực luyện tập thể thao và hội họp được trang bị đầy đủ máy chiếu chất lượng và máy lạnh học phí rất phải chăng khoảng 6 đến 7 triệu một học kỳ,0
tôi yêu trường của bạn,2
kiến thức kỹ thuật đáng sợ đang phát triển chậm lỗi thời nghiêm trọng xứng đáng được đặt cạnh cầu giấy đào tạo tất cả các kỹ sư cầu giấy,2
phát triển ngày càng tốt đào tạo đa ngành nghề cung cấp nguồn nhân lực chất lượng cao cho các doanh nghiệp cơ sở kinh doanh phát triển kinh tế đất nước tạo nguồn con người công nghiệp 40,2
chương trình tuyệt vời,2
chất lượng đào tạo đã được cải thiện đáng kể nhưng đầu ra vẫn là bài toán khó đối với ngôi trường có lịch sử lâu đời này,0
khuôn viên trường đang được hoàn thiện khuôn viên trường rộng có sân bóng đá sân bóng chuyền khuôn viên trường khá đẹp phòng học đang được sửa chữa một số bàn ghế đã cũ đội ngũ giáo viên tận tâm chất lượng đầu ra khá tốt,2
tôi biết 2 người bạn học ở đây và biết đến trường từ năm 2000 trường ngày càng phát triển lớn mạnh chất lượng đào tạo ngày càng được nâng cao và sinh viên tốt nghiệp đều tự hào khi có bằng cấp của trường,2
ngôi trường tôi theo học 8 năm vẫn đang học thạc sĩ có chất lượng đào tạo tốt tuy nhiên do cơ cấu lại ngành và nhu cầu xã hội nên chất lượng sinh viên đầu vào ngày một giảm sút,0
tôi có một người bạn học ở đây và anh ấy tự hào nói với tôi rằng đây là một trường trong cụm trường kỹ thuật tại hà nội hàng năm có rất nhiều sinh viên kỹ thuật tốt nghiệp từ đây,2
điểm như tên gọi giao thông thuận lợi với các trạm xe buýt tiêm chủng và đăng ký gần đó,2
bảo vệ đồ án tốt nghiệp của bạn tại đại học giao thông vận tải,2
hiện nay công tác giảng dạy và đào tạo tại trường đang dần được cải thiện đội ngũ giảng viên đã chú trọng hơn đến kỹ năng thực hành không chỉ là lý thuyết suông chúng tôi hy vọng rằng sinh viên tốt nghiệp từ môi trường này sẽ năng động hơn tự tin hơn và được trang bị kiến thức,0
cực kỳ tuyệt vời nơi đào tạo chuyên nghiệp cơ sở vật chất rộng rãi hiện đại nói chung không có gì để chê ở một nơi tuyệt vời như thế này,2
khoa kỹ thuậtsắp rời đi,0
ngôi trường này rất nổi tiếng trường đã đào tạo ra nhiều kỹ sư cầu đường đóng góp vào cơ sở hạ tầng giao thông ngày càng phát triển của đất nước,2
khuôn viên trường rộng rãi cơ sở vật chất đầy đủ nhưng nhiều thứ cần phải nâng cấp,0
v,1
trường cung cấp các bằng cấp đại học và sau đại học danh giá,1
đây là trường công lập có truyền thống lâu đời và đào tạo nhiều kỹ sư chất lượng cho xã hội,2
trường có truyền thống dạy và học tốt đào tạo ra những học sinh xuất sắc như tôi,2
dù điểm xuất phát những năm sau thấp trong tâm trí tôi cầu đường giao thông sẽ mãi là huyền thoại người sáng lập ngành cầu đường việt nam,0
trường đại học giao thông vận tải là trường đại học hàng đầu việt nam trong lĩnh vực đào tạo kỹ sư xây dựng cầu đường,2
trường nằm gần bến xe buýt đi các thành phố của hà nội,2
các hoạt động của cellphones tại trường rất thú vị và bổ ích,2
tôi rất yêu trường tôi,2
nơi đầu tiên tôi tham dự một sự kiện và gặp thần tượng của mình,1
nó chỉ là tạm thời,0
nơi này thật tuyệt vời một nơi đào tạo và sản sinh ra những kỹ sư cầu đường tương lai của đất nước chúng tôi hy vọng rằng nhà trường và ban quản lý sẽ giúp nhà trường mở rộng cơ cấu để phát triển hơn nữa,2
đây là nơi tôi đã học ở trường đại học,1
một trong bốn trường kỹ thuật hàng đầu miền bắc trường cung cấp chương trình đào tạo đa ngành nhưng mạnh nhất là kỹ thuật giao thông,2
đồ ăn ngon nhân viên nhiệt tình,2
ngôi trường tôi đang theo học các bạn sinh viên ở đây rất thân thiện hài hước đội ngũ giảng viên chuyên nghiệp trình độ cao và học phí cũng rẻ,2
chương trình rất hay và tôi nhận được nhiều quà tặng,2
cho em hỏi ngành kế toán của trường có tốt không,1
khuôn viên trường không rộng lắm giáo viên thân thiện chỗ để xe hơi chật,0
đại học dành cho người có học thức v,2
tôi đã đi qua,1
môi trường học tập khá thoải mái và tự do chúng tôi không nói về chất lượng sinh viên ở đây,2
trường đại học giao thông vận tải được xây dựng trên khuôn viên có tổng diện tích gần 21 ha bao gồm các giảng đường phòng học phòng thí nghiệm văn phòng hội trường thư viện nhà văn hóa sân vận động tất cả đều được thiết kế hiện đại và,1
ngôi trường đã đồng hành cùng chúng ta trong suốt 5 năm dài với rất nhiều kỷ niệm tuyệt vời,2
cho em hỏi ngành kinh tế vận tải của trường có chuyên ngành kinh tế vận tải biển không,1
ngôi trường mơ ước của nhiều bạn trẻ,2
trường đại học giao thông vận tải tiếng anh university of transport and communications viết tắt utc hoặc uct là trường đại học công lập đào tạo chuyên ngành kỹ thuật kinh tế giao thông vận tải của hoa kỳ việt nam,2
okem,0
đào tạo nhiều kỹ sư giao thông có mặt trên khắp các vùng miền của đất nước,2
khá giống trang này em trai tôi học ở đây nói rằng học và thi ở đây khá căng thẳng nếu không học thì không thể thi được khó,0
free fire thì tốt,2
đây là một trường nằm trong cụm trường kỹ thuật tại hà nội hàng năm có rất nhiều sinh viên kỹ thuật tốt nghiệp từ đây,2
trường đại học giao thông vận tải là một trung tâm đào tạo chất lượng nơi tôi đã theo học,2
trường chuyên về phương tiện đi lại rất dễ tìm có xe đưa đón trước cổng,2
ngôi trường rộng rãi và hiện đại có nhiều tiện nghi cho học sinh và nhân viên,2
trường này ở đâu tôi không biết trường này dạy thế nào,1
vị trí thuận tiện đi lại tại hà nội nơi đào tạo nhân tài cho đất nước,2
vệ sinh lốp xe miễn phí tại 353 cầu giấy,1
đại học kỹ thuật,2
trường đào tạo chuyên ngành kỹ thuật giao thông tại việt nam tuyệt vời d,2
trường đại học hàng đầu việt nam trong lĩnh vực giao thông vận tải,2
quá khứ đại học của tôi ở đây xen lẫn niềm vui và nỗi buồn,1
5 năm bên nhau,1
rộng rãi sạch sẽ,2
khuôn viên trường thể dục cũ hơi chật chội đối với nhiều môn học,0
ngôi trường nổi bật ngay ngã tư cầu giấy là ngôi trường hàng đầu trong lĩnh vực giao thông,0
chương trình vệ sinh laptop miễn phí,0
trường đào tạo kỹ sư uy tín nhất việt nam,2
ngôi trường tuyệt vời mà tôi đang theo học d,2
ngôi trường rộng lớn nhưng điều kiện vật chất không thực sự tốt,0
đây là một trung tâm đào tạo tuyệt vời,2
ngôi trường lúc nào cũng sáng đèn với lễ hội đêm,2
thật tuyệt một ngôi trường đẹp cả về mặt vật chất lẫn trí tuệ,2
bây giờ tôi mới biết trường này có nhiều cô gái xinh đẹp như vậy,2
trường đào tạo nhiều kỹ sư cầu đường và giao thông,2
trường đại học giao thông vận tải là trường đại học hàng đầu trong lĩnh vực giao thông vận tải tại việt nam,2
cô gái tuổi đôi mươi hát về tình yêu và nỗi nhớ,1
đi qua nơi này,1
không gian nhỏ so với một trường đại học,0
đây là một ngôi trường tạo ra nguồn lực nơi con trai tôi đang theo học,2
ngôi trường rộng rãi đẹp đẽ tọa lạc tại số 3 cầu giấy hà nội,2
đã học 2 bằng ở đây nhìn chung là ổn,1
đây là một trường đại học khá nổi tiếng ở hà nội,2
chuyến tham quan trường rất có ý nghĩa yêu điện thoại di động,2
ha dinh primary school thanh xuan hanoi,2
tốt có chỗ đậu xe rộng rãi cho sinh viên,2
tôi không biết ngày hôm đó sẽ như thế nào nhưng tôi không biết bên trong có gì,0
nơi đào tạo cử nhân giao thông cầu đường,1
nhiều học sinh rất giỏi chế tạo ô tô và rôbốt,2
ngôi trường rộng rãi và thoải mái,2
sự kiện hữu ích,2
địa điểm chụp ảnh lý tưởng,0
dịch vụ của nest asia travel rất tuyệt vời hướng dẫn chúng tôi rất nhiệt tình cảm ơn các bạn,2
nơi đây nằm chung địa điểm với khoa hóa của trường đại học khoa học tự nhiên hà nội tòa nhà được khởi công xây dựng cách đây hơn 100 năm kiến trúc theo phong cách pháp và rất hấp dẫn ngoài ra tòa nhà này rất gần trung tâm hà nội,0
trường đại học tốt với kiến trúc đặc biệt ở một vị trí rất đẹp,2
đại học dược hà nội trường đại học hàng đầu việt nam,2
kiến trúc pháp không bao giờ lỗi thời một trong những trường đại học lâu đời nhất tại hà nội,0
vùng cao được rồi,1
một trong những công trình kiến trúc đông dương đẹp nhất ở việt nam,2
vào tháng 4 năm 2011 chúng tôi đã đến thăm nơi này cùng với nhóm quốc tế của chúng tôi,2
trường đại học cũ cây cổ thụ bài giảng tuyệt vời sinh viên chăm chỉ và hạnh phúc,2
được rồi được rồi,1
húp,1
nơi tốt để học,2
trường đại học hà nội nổi tiếng,2
xây dựng tốt,2
đại học cũ,0
chương trình chào mừng sinh viên mới năm 2024 tại trường đại học dược hà nội hòa mình vào không khí rộn ràng chuẩn bị cho ngày lễ lớn kỷ niệm 110 năm,0
trường đại học dược hà nội hup là một trong những trường đại học hàng đầu tại việt nam về đào tạo dược sĩ và nghiên cứu khoa học trong lĩnh vực y dược với bề dày lịch sử hơn 100 năm trường có truyền thống tiêu biểu về,2
một trong những ngôi trường lâu đời nhất đào tạo ngành y dược tại việt nam các giảng đường là những tòa nhà được xây dựng theo kiến trúc pháp ấm áp vào mùa đông mát mẻ vào mùa hè nằm ngay gần nhà hát lớn hà nội có chung sân,2
nằm trong chuỗi các trường đại học kiến trúc cổ luôn mang lại cảm giác rất cổ kính dễ chịu và nói chung là đẹp trường nằm trong khu vực cổ kính đường phố thoáng đãng rộng rãi nhiều cây xanh thích hợp để sống ảo,2
là một học sinh trường d không có gì tuyệt vời hơn tình yêu trường học nồng nhiệt và mãnh liệt vì vậy em hy vọng kỳ thi học kỳ sắp tới sẽ nuôi dưỡng tình yêu của em hơn nữa bằng những câu hỏi thi dễ điểm cao và khả năng,0
trường đại học dược hà nội tọa lạc tại trung tâm thủ đô thơ mộng không chỉ là nơi truyền đạt kiến thức y khoa hàng đầu mà còn là bảo tàng sống về vẻ đẹp cổ kính sự kết hợp hoàn hảo giữa kiến trúc cổ điển và,0
đẹp cổ kính từ thời pháp xây dựng và đào tạo khoa dược thành lập năm 1914 cũng khá lâu đời chất lượng đào tạo hiện nay là số 1 việt nam về dược,2
trường đại học dược hà nội là một trong những nơi đào tạo nguồn nhân lực dược cho ngành y tế việt nam trường cũng là một trong những trung tâm nghiên cứu ứng dụng khoa học công nghệ vào sản xuất mới đây trường đã công bố phương án tuyển sinh năm 2019 cụ thể như sau,2
trường học khó quá nên tôi không thể theo kịp được,0
sai lầm lớn nhất trong cuộc đời tôi là đã học ở ngôi trường này,0
bão lũ tràn về khắp nơi buộc học sinh phải đến trường,0
kỷ niệm,1
dấu tích từ thời pháp thuộc hầu như toàn bộ cấu trúc vẫn còn nguyên vẹn trường mở cửa trong giờ hành chính du khách bên ngoài có thể tự do tham quan cẩn thận tránh những người mặc áo xanh vì có thể họ đang làm việc với,0
trường đại học dược hà nội là trường đi đầu trong đào tạo nguồn nhân lực dược cho ngành y tế việt nam đặc biệt đào tạo đội ngũ chuyên gia có trình độ ngang tầm khu vực và thế giới,2
sự cổ xưa gợi lên nỗi nhớ về quá khứ,0
trường đại học sư phạm hà nội được xây dựng vào năm 1902 đây là một trong những trường đại học lâu đời nhất ở việt nam bác sĩ alexandre yersin là hiệu trưởng đầu tiên của trường,2
với lịch sử lâu đời từ khi tiền thân là một trường đại học tổng hợp ngôi trường này vẫn giữ được những nét cổ kính trong khuôn viên trường,1
một trong những trường đại học tương lai của tôi vị trí đẹp thuận tiện kiến trúc pháp cổ đẹp nhất tôi sẽ cố gắng hết sức để được chấp nhận,2
tôi đang học ở trường này,1
gặp gỡ nhà thực vật học prof tiến sĩ phan là lộc,2
đầu không đẹp vào thời buổi này,0
ngôi trường cổ kính giữa lòng hà nội sầm uất,2
trường tôi phòng thí nghiệm thực vật không có máy lạnh nên rất nóng,0
kiến trúc cổ góp phần tạo nên vẻ đẹp của hà nội xưa tôi rất thích điều đó,2
trường đại học cũ ở hà nội,1
con tôi đang học ở trường này,1
ngôi trường hàng đầu đào tạo dược sĩ chuyên khoa,2
gọi đến phòng tổ chức và trả lời điện thoại,0
ngôi trường cổ kính bước vào trường bạn sẽ có cảm giác đặc biệt về thời gian và hoài niệm màu sắc của thời gian và lịch sử sẽ được lưu giữ trong bạn kiến trúc pháp và cây cối trong trường cũng đã sống hàng trăm năm,0
không gian yên tĩnh thanh bình giữa lòng hà nội,2
ký ức về những ngày tôi đã trải qua,1
ngôi trường cổ kính đẹp đẽ,2
kiến trúc cổ đẹp và tuyệt đẹp,2
trường đại học cổ được xây dựng trong thời kỳ thực dân pháp,2
đây là ngôi trường luôn tự nhận mình là ngôi trường hàng đầu mặc dù ngoài ngôi trường hàng đầu trước đây hầu hết các bảng xếp hạng quốc gia và quốc tế đều chỉ ở mức trung bình,0
trường tọa lạc trên đường lê thánh tông trường có một bối cảnh đẹp và độc đáo kết hợp giữa nét hoài cổ bên ngoài với không gian học tập hiện đại bên trong phần lớn học sinh là những cô gái trẻ năng động và rất xinh đẹp,2
đây là ngôi trường có lịch sử lâu đời vẻ đẹp cổ kính và đặc biệt là các thầy cô giáo ở trường vô cùng hiền lành và dễ mến,2
ngôi trường toát lên vẻ uy nghiêm,2
ngôi trường này rất cổ kính,0
thay vì cải thiện hình ảnh và chất lượng đào tạo để ngang bằng với các trường top ở đây chúng ta lại chọn cách hạ thấp trình độ của sinh viên chuẩn bị tốt nghiệp xuống ngang bằng với trình độ xuất sắc của các trường top làm như vậy để chúng ta được ưa chuộng để chúng ta có thể trông giống như một trường top,0
nơi tuyệt đẹp nhiều kỷ niệm,2
có quá nhiều trường học,0
cổ kính và đẹp đẽ mặc dù phần lớn là trường khoa học tự nhiên,2
chất lượng chuyên môn cao trong ngành chất lượng quản lý và cơ sở hạ tầng vẫn còn kém đặc biệt là phòng học ký túc xá,0
tự hào là sinh viên của trường đại học dược hà nội ngôi trường này có lịch sử hơn 100 năm,1
bên cạnh trường là trường đại học y dược cũng nằm trên đường lê thánh tông tòa nhà được xây dựng vào đầu thế kỷ 20 rất đẹp và cổ kính,2
ngôi trường cổ kính với kiến trúc pháp nằm giữa lòng hà nội là điểm đến vô cùng tuyệt đẹp không chỉ dành cho học sinh mà còn dành cho khách du lịch và các cặp đôi chụp ảnh cưới,2
trường đào tạo chuyên gia dược sĩ hàng đầu việt nam hiện nay nhiều dược sĩ tại trường đang tham gia nghiên cứu và phát triển sản phẩm tỏi đen tỏi kim cương đông á trân trọng cảm ơn,2
trong tình hình dịch bệnh căng thẳng đã có nhiều trường hợp f1 và f0 trong trường chúng tôi hy vọng nhà trường sẽ cân nhắc việc tạm dừng lịch thực tập cho đến khi tình hình ổn định hơn để đảm bảo sức khỏe và tinh thần cho sinh viên,0
ngôi trường gắn liền với tuổi thơ của tôi từ xa xưa tôi không biết dược là gì nhưng tôi luôn thấy mọi người nói rằng học chỉ là học dù có may mắn đến đâu tôi vẫn quyết định,0
trường đại học dược hà nội là một trong những trường đào tạo dược sĩ hàng đầu tại việt nam trong khuôn viên trường có nhiều tòa nhà cổ kính từ thế kỷ trước,2
107 năm truyền thống đào tạo dược sĩ 60 năm xây dựng và phát triển,2
trường đại học dược hà nội trước đây có tên gọi là trường đại học y đông dương được thành lập năm 1902 năm 1961 trường tách ra từ trường đại học y dược thành trường đại học dược và hiện nay là trường đại học y hà nội,1
hãy đưa con cháu đi xem hà nội chuẩn bị đón tết trung thu 2020 như thế nào hãy đến quán cà phê và ngắm tượng đài ôsê mácti,0
ngôi trường đẹp và cổ kính ấn tượng hơn so với ngôi nhà truyền thống của bộ y tế giảng đường giả và sàn hình bát giác,0
19 lê thánh tông là địa chỉ của trường đại học cũ nay là khoa hóa trường đại học khoa học tự nhiên đhqghn đây không phải là trường đại học dược sai rồi mọi người ạ bức ảnh chỉ có một phần nhỏ biển hiệu của trường dược,0
luôn tự nhận mình là nghệ sĩ rap hàng đầu nhưng chất lượng ngày càng giảm sút luôn đưa ra những quyết định khó hiểu và bất ngờ,0
tiền thân của trường là trường y dược đông dương được thành lập cách đây hơn 100 năm theo kiến trúc pháp,1
đại học dược hà nội có sứ mệnh tiên phong trong đào tạo dược sĩ cho ngành y tế việt nam,2
hội trường ngụy như kon tum của trường thường được thuê để tổ chức các buổi hòa nhạc chất lượng cao,0
một trong những trường đại học có khuôn viên cổ kính và đẹp tại hà nội,2
trường có không gian cổ kính rất đẹp bạn có thể chụp ảnh lưu niệm ở đây khi mặc áo dài,2
kiến trúc cổ kính có nhiều sảnh đường đẹp toàn là gái đẹp,2
trường cũ quá cũ cơ sở vật chất kém ký túc xá xa trường cũ,0
đẹp thoáng mát cổ xưa,2
trường học danh giá và điểm đầu vào rất cao có một người bạn đã tốt nghiệp và hiện đang làm sai nghề,0
mồi câu trường học,0
chất lượng đào tạo tuyệt vời kiến trúc cổ kính đẹp tọa lạc tại trung tâm đô thị sầm uất,2
đầu vào cao dạy tốt tốt nghiệp với mức lương và thưởng hấp dẫn hàng năm chỉ có khoảng 200 mục tiêu hệ thống giáo dục,2
trường đào tạo dược sĩ uy tín nhất,2
trường ngon là đơn vị đi đầu trong đào tạo dược sĩ chất lượng cao,2
trường đại học y dược hà nội được thành lập đầu tiên vào năm 1930 tại số 19 lê thánh tông hoàn kiếm,1
đến trường oanh gửi xe rồi ra bờ hồ chơi vui thật x,2
ghét trường học,0
không gian của trường rộng rãi và rất đẹp để chụp ảnh,2
đầu tiên là y thứ hai là dược ngôi trường cổ kính và đẹp đẽ giao lưu với khoa hóa học đh khtn,2
một trong những trường đào tạo dược sĩ tốt nhất tại việt nam,2
các giáo viên và học sinh cực kỳ thân thiện tôi đã từng đến đây một lần,2
ngôi trường lâu đời dẫn đầu ngành dược tại việt nam,2
có ai có thể cho tôi biết có chương trình đào tạo chuyển tiếp từ tccd không,1
suỵt tuyệt vời,2
nơi đào tạo chuyên sâu về ngành dược phẩm với cảnh quan cổ kính,2
bạn có thể cho tôi biết hệ thống đại học của trường có nằm trong trường không,1
một trong những trường đại học có chỉ tiêu tuyển sinh cao nhất việt nam,2
không khí trong lành kiến trúc pháp cổ điển,0
trường này đang xin bia trường này có một phó giám đốc tên là thu,1
các giáo viên và nhân viên nhà trường khá thân thiện,2
trường đại học duy nhất tại hà nội đào tạo ngành dược,2
trường có 10 điểm nên bạn nên học nhé,0
trường đại học dược hàng đầu việt nam,2
điểm tuyển sinh của trường có cao không,1
một bộ phận nhỏ giáo viên có nhận thức kém trong giảng dạy,0
ngày 1 tháng 3 năm 2024,1
tương lai của tôi bây giờ là hiện tại he he,1
đại học dược hà nội là trường đại học hàng đầu tại việt nam,2
trường đại học này có lịch sử hơn 100 năm tôi bị choáng ngợp bởi quy mô của tòa nhà,0
hơn một nửa số ảnh là từ trường đại học,1
ngôi trường trông đơn giản nhưng chất lượng tốt,2
trường đào tạo dược sĩ hàng đầu,2
một ngôi trường có truyền thống lâu đời,2
nhận một món quà đặc biệt tại một địa điểm đặc biệt vào một ngày đặc biệt,1
trường cổ đào tạo hàng đầu về dược,2
tôi rất vui vì mình là sinh viên ngành dược,2
khoa chính của trường đại học dược hà nội,1
không gian trường học yên tĩnh và thoáng mát,2
tôi đã từng trượt trường này,0
rất cổ xưa nhưng cũng rất mới mẻ,2
tôi sắp đi học ở đây,1
một ngôi trường rất chất lượng tại việt nam,2
trường này có nhiều con gái lắm mà cũng có nhiều bạn gái xinh nữa,2
không gian đẹp giảng dạy tốt trường học cổ kính,2
khuôn viên trường khá đẹp,2
cổ đại,0
một trường đại học cổ xưa,1
vị trí rất đẹp của hà nội,2
ngôi trường thật đẹp và rộng rãi,2
trường học màu vàng cổ xưa,0
đẹp thế thôi,2
trường đại học danh tiếng,2
đại học dược 1315 lê thánh tông d,1
trường đại học có chất lượng rất cao,2
đẹp đẹp đẹp đẹp,2
cổ xưa nhưng vẫn hiện đại,1
chất lượng tìm kiếm không đạt chuẩn,0
trường đại học đầu tiên,2
trường học của bệnh nhân,0
kiến trúc cổ kính tuyệt đẹp,2
học dễ làm giàu dễ,2
đẹp cổ xưa,2
sẽ ghé thăm,1
tôi ước gì tôi có thể đến đây,0
nơi tốt để đào tạo sinh viên,2
trường học danh giá,0
nỗi nhớ,1
ồ thuốc,1
nhiều giáo viên giỏi,2
trường ơi tôi đang học,1
đi 3,1
quả đào thì tốt,2
lòng tin,1
đại học dược hà nội,1
đẹp và cổ kính,2
trường học cổ đại,0
tốt đào tạo tốt,2
quá cao,0
hơn là,1
có tổng quan đẹp nhưng cơ sở vật chất kém không có điều hòa cho sinh viên có quá nhiều con gái ở nơi đó sinh viên làm việc cho văn hóa nghệ thuật và âm nhạc,0
chạy,2
có 2 cửa hàng bán đồ dùng mỹ thuật ngay cạnh trường,0
tôi đã học được rất nhiều về văn hóa việt nam,2
matt,2
ngôi nhà ngọt ngào của tôi,2
mb,1
thân thiện,2
trường đại học văn hóa hà nội,0
học sinh năm thứ 2 thấy trường rất đẹp chất lượng giáo dục tốt vị trí đắc địa mưa nhiều công viên nước rất mát,2
trường học có vẻ không xứng với tên gọi của nó chúng ta không cần một tuần nghe nhạc từ chiều đến tận đêm khuya nếu trường tổ chức sự kiện lễ hội liệu có thể tổ chức trong khuôn viên trường cách trường 5700m và âm thanh to hơn nhạc điện thoại trên tay bạn không,0
trường có khuôn viên đẹp học sinh nhiệt tình và vui vẻ giáo viên thân thiện và nhiệt tình bãi đậu xe quá nhỏ tôi phải lên tầng 2 và tầng 3 nhưng lên xuống cầu thang sắt hơi đáng sợ,0
trường được thành lập năm 1959 trực thuộc bộ văn hóa thể thao và du lịch do bộ giáo dục và đào tạo quản lý về đào tạo với bề dày kinh nghiệm trường là nơi đào tạo ra những lớp học sinh có trình độ có ích cho xã hội,2
trường đại học văn hóa hà nội được thành lập ngày 26 tháng 3 năm 1959 trụ sở chính của trường đặt tại số 418 phố la thành quận đống đa thành phố hà nội,1
trường học được xây dựng ở nơi giao thông thuận lợi nhiều ngõ ngách nhiều đường đi nằm dưới một con dốc dẫn từ đường vào cổng đây được gọi là vị trí phong thủy khi trời mưa ngập nước,0
điểm 10 cho trường mình đã học và tốt nghiệp ở đây trường thiết kế khá đẹp có nhiều khu vực để sinh viên sống ảo cô giáo vui tính nhất là môn cổ vũ của cô linh xinh đẹp trong,2
một trường đại học tuyệt vời có bề dày lịch sử là môi trường lý tưởng để sinh viên học tập và rèn luyện các thầy cô rất chu đáo và nhiệt tình,2
tôi hy vọng nhà trường sẽ cải thiện những điểm yếu cơ sở vật chất hoàn thành thẻ học sinh đúng hạn điểm chuẩn vv giáo viên sẽ giảng dạy nhiệt tình và tận tâm nhưng hãy khắc phục những vấn đề cơ bản cho học sinh,0
khuôn viên trường 10 điểm csvc 5 điểm không có máy lạnh quạt yếu máy chiếu thường xuyên hỏng bảng viết tệ phải nói là,0
đồ ăn ngon máy lạnh mát và đẹp 10 sao,2
ưu điểm nhà hàng rộng rãi và sạch sẽ các món ăn được thay đổi thường xuyên dạy,2
trường rất tuyệt vời không có lý do gì để phê bình nhưng 5 sao là cờ trung quốc và 1 sao vì 1 sao là cờ việt nam,2
trường thường xuyên tổ chức các sự kiện văn hóa rất độc đáo mà tôi đã từng tham dự chẳng hạn như tết của người hmông trên đường phố,2
là cựu học sinh của trường gần 1 năm rồi mình mới quay lại và thấy trường thay đổi nhiều quá đẹp hơn hiện đại hơn ký túc xá giờ có máy quét vân tay chỉ có người có vân tay mới được vào có cả máy bán nước tự động rất hiện đại,0
chương trình của sellphone s rất vui và thú vị thêm vào đó là nhận được nhiều quà tặng hơn,2
tôi đang học tại trường này bạn có thể cho tôi biết tôi nên tránh khoa nào không,1
trường đào tạo rất buồn tẻ các giảng viên thích nịnh hót và thậm chí quấy rối tình dục học viên không cần phải nói nhân viên quá tệ lớp học ngột ngạt và không có máy lạnh nhà vệ sinh rất kinh tởm không phải là nó,0
thông tin học phí cho sinh viên không rõ ràng,0
ngôi trường hơi nhỏ nhưng rất đẹp,2
bạn nên cân nhắc vào các khoa ít phổ biến hơn của trường thực ra tôi khuyên bạn môi trường cực kỳ quan trọng học ở đây là lựa chọn tệ nhất mà tôi từng đưa ra cơ sở vật chất chưa bao giờ được nhắc đến cho đến bây giờ,0
tôi nhận được sự hỗ trợ rất nhiệt tình từ các anh em ở dienthoaivui cảm ơn các anh em,2
rất phấn khích mọi người đều rất nhiệt tình không khí vui tươi,2
chut trai đẹp gái xinh cùng quảng bá văn hóa nhé,2
nếu bạn theo học các khoa thế mạnh của trường như du lịch nghệ thuật thư viện thì bạn vẫn có thể theo học được nhưng mình nghĩ bạn nên cân nhắc các khoa khác nữa nhé,0
tôi đến để tập thể dục khuôn viên trường thoáng mát có đủ sân thể thao cho sinh viên và phòng tập thể dục,2
môi trường đầy đủ tiện nghi chất lượng đẹp hơn các trường khác học sinh đầy phong cách,2
nhà trường đã nâng cao chất lượng đào tạo và nghiên cứu khoa học tạo môi trường học tập và làm việc thuận lợi cho sinh viên cán bộ và giảng viên,2
không có máy lạnh nhưng học phí quá rẻ so với các trường đại học tại hà nội các trường có máy lạnh hiện nay hầu hết đều có học phí từ 20 triệu trở lên nếu thích thì đi trường khác mà an tâm,0
ngôi trường tồi tệ nhất mà tôi từng theo học không có máy lạnh quạt thì thổi nhưng học phí thì tăng hằng năm chất lượng giảng dạy vẫn vậy xây dựng như vậy để làm gì,0
bất kỳ ai có ý định vào trường này nên vào các khoa thế mạnh của trường văn hóa du lịch nếu không thì đừng vào và để nó lãng phí tuổi trẻ của bạn,0
văn hóa là thứ còn thiếu và có thể học được trong suốt cuộc đời,2
vậy là khóa học đã hoàn thành,2
trường tuy nhỏ nhưng rộng rãi thoáng mát buổi tối rất mát lại còn được tiếp xúc với muỗi nữa đến trường là để học chứ không phải đi du lịch nên không có gì để nói,2
trường rộng rãi cơ sở vật chất khá buồn tẻ nhưng gần đây đã được cải tạo chỉ có một thang máy nếu bạn học ở tòa nhà b bạn phải đi cầu thang bộ không có căng tin và không có máy lạnh yên tĩnh trong,0
mình tốt nghiệp tháng 7 rồi nhưng mình vẫn rất thích huc cảm ơn huc đã cho mình 4 năm thanh xuân với nhiều bạn bè và nhiều kỷ niệm mình thích bún cá sau giờ học thích quán cơm chiên quán nước ép thỉnh thoảng mình vẫn ghé qua mua đồ ăn vào những ngày lười biếng trong bếp hy vọng huc sẽ ngày càng phát triển lớn mạnh hơn nữa,2
trường có diện tích vừa phải có bãi đỗ xe và phòng tập thể dục cổng trường có máy atm của bidv tuy trường không lớn nhưng khuôn viên trường khá đẹp trường đào tạo nhiều chuyên ngành về văn hóa và du lịch là một trong những trường đào tạo tốt nhất về lĩnh vực này tại việt nam,2
khuôn viên trường rất đẹp với nhiều cây xanh và hoa nhà tôi ở ngay gần đây rất tuyệt cho con tôi đi dạo trường là một trong những trường đại học nội thành đẹp cả về cảnh quan và tiện nghi,2
tôi có thể hỏi trường có còn quy trình tuyển sinh nào cho bảng điểm không tôi rất mong được trả lời,1
tôi hy vọng nhà trường sẽ cải thiện cơ sở vật chất và lắp đặt máy lạnh nhưng tầng 5 của tòa nhà a rất nóng,0
thật tuyệt vời cho 1000 điểm,2
trường nằm trong nhóm trung bình trong số các trường đại học tại việt nam trước đây có một số ngành chỉ dành riêng cho trường nhưng hiện nay vị trí đó đã mất,0
mong sớm được sử dụng thư viện đang xây dựng của trường,0
tuy trường nhỏ nhưng khuôn viên trường thoáng mát nhiều cây xanh giảng viên và sinh viên cực kỳ thân thiện và vui tính,2
không gian thoáng mát có khu vui chơi cạnh ký túc xá nhưng khá hẹp cuối tuần ở đây thường có hội chợ sách rất thường xuyên giống như hội chợ vậy,0
là một học sinh mới của trường k61 em đã tìm hiểu rất kỹ về trường và tin rằng mình đã đúng khi tin tưởng và yêu mến huc trong suốt 4 năm qua,2
tầng 5 khu a rất nóng có máy lạnh nhưng không sử dụng,0
tọa lạc trên một con phố đông đúc của thủ đô trường đại học văn hóa nằm trong khuôn viên nhỏ bé dưới chân đê bên phải nếu đi theo hướng hoàng cầu về cầu giấy,0
tôi đang nghĩ đến việc chọn trường nàytôi thấy trường rất đẹp và giàu truyền thống văn hóa trường có nhiều cô gái xinh đẹp các bạn ạ khuôn viên hơi chật chội,2
ngồi chờ một người việt nam,1
trường nằm gần bến xe buýt và atm mặt bằng trường thấp hơn mặt đường trường được xây dựng theo cảnh quan học sinh tốt nghiệp năng động,2
ngôi trường tôi đã theo học trong nhiều năm thời thơ ấu rất nhiều kỷ niệm ngôi trường có chất lượng đào tạo tốt và đội ngũ giảng viên tận tâm và có năng lực,2
ngôi trường có cảnh quan rất đặc biệt và đa dạng xứng đáng với tên gọi của nó khu vực duy nhất không thuận lợi cho phong thủy,0
trước đây tôi gần như đã thi văn hóa nhưng có một số chuyên ngành tôi thích ở đây vì vậy tôi đã chuyển sang trường khác tôi chưa bao giờ đến khoa văn hóa nhưng tôi nghe nói nó rất đẹp,0
khuôn viên trường rộng rãi có ký túc xá trong khuôn viên trường và phòng tập thể dục,2
không gian thoải mái tôi rất thích đến đây đây là nơi tập luyện tốt,2
đại học thương mại là lựa chọn khá tốt nếu bạn thực sự muốn tham gia kỳ thi năm 2017 đây là lựa chọn hợp lý cho kỳ thi đại học sắp tới,2
trường đại học văn hóa bị bao quanh bởi kiến trúc xấu xí không có văn hóa nào cả thật đau đớn tôi không đủ mạnh mẽ để phát hành kiến trúc phản văn hóa xấu xí,0
tôi làm việc gần đó và thấy trường chúng tôi có rất nhiều con gái cho 5,2
học sinh rất năng động đặc biệt là biết chơi nhiều loại nhạc cụ hoặc tổ chức các chương trình văn hóa,2
có ai có thể cho tôi biết đầu ra là gì không học phí có cao không có thể học chuyên ngành quản lý dịch vụ du lịch và lữ hành không,0
trường học tuyệt vời nhiều hoạt động để trải nghiệm,2
tôi đã từng học và ở trong ký túc xá của trường ngay phía sau nhưng tôi thực sự không thích nơi đó cho lắm,0
trường nằm sâu hơn mặt đường nên dễ đi qua mà không cần chú ý,2
cơ sở vật chất tốt và đầy đủ cho sinh viên học tập và rèn luyện thể chất,2
nơi này rất đẹp nhưng hiện đang trong quá trình xây dựng nên hơi bụi,0
khuôn viên trường rất đẹp có nhiều cảnh quan đa dạng,2
cổng trường rất đẹp các bạn nữ rất xinh xung quanh trường có nhiều nhà hàng với giá cả phải chăng,2
trường có nhiều học sinh nữ khá hiền lành và xinh đẹp khi nói đến việc học đây thường không phải là trường chuyên về học tập chơi là chìa khóa,0
50 càng làm càng thấy và càng cảm nhận nhiều thì người ta càng có thể làm được nhiều hơn và càng có thể thực sự trân trọng những điều cơ bản như gia đình tình yêu và sự thấu hiểu tình bạn,2
một ngôi trường đào tạo ra nhiều nghệ sĩ nổi tiếng,2
tôi cũng muốn vào trường này tôi nghe nói rằng ước mơ tương lai của tôi đang được công bố đó là quyết định của tôi,1
diện tích của trường khá nhỏ và có những chú cá con xinh đẹp từ công chúng,2
được rồi tôi phải đi xuống và thấy vị trí đó thật nhàm chán thêm nữa phố la thành thường xuyên tắc nghẽn,0
kính gửi trường học,1
trường đại học văn hóa tọa lạc tại phố la thành quận đống đa hà nội việt nam,0
một ngôi trường rộng rãi tuy nhiên tỷ lệ thất nghiệp khá cao,0
điểm trừ của trường là vấn đề vệ sinh chưa thực sự sạch sẽ,0
học phí rẻ giáo viên nhiệt tình,2
trường có nhiều giảng viên tận tâm với sinh viên trong một khuôn viên nhỏ xinh đẹp,2
tôi yêu trường này đến mức tôi đã bình chọn 5 sao v,2
đây xinkkkk,1
ngôi trường này đào tạo những sinh viên thất nghiệp hoặc làm việc không đúng chuyên ngành,0
vệ sinh máy tính xách tay và điện thoại miễn phí,0
phòng tập ở đây rộng rãi và sạch sẽ giá cũng rẻ nữa,2
văn hóa tình yêu,2
ngôi trường rộng rãi khá đẹp nằm trên đoạn đường đê la thành khá đông đúc,2
trường đại học văn hóa hà nội là một trong những trường đầu tiên tại hà nội,2
chất lượng đào tạo tốt gần atm và trạm xe buýt,2
trường đại học hàng đầu cả nước về văn hóa dân tộc việt nam,2
tôi xin lỗi vì đã không nộp đơn xin học lần 2,0
một trải nghiệm rất tuyệt vời,2
đào tạo nhiều nguồn nhân lực du lịch cho đất nước,2
xây dựng chính sách bảo hiểm xã hội mới chính sách bảo hiểm y tế mới luật lao động mới năm 2013,0
thật là một nơi tuyệt vời trường học chất lượng hàng đầu,2
ngôi trường này có nhiều tài năng đến ngạc nhiên,2
nhiều nghệ thuật dân gian được dạy cảm giác thật tuyệt,2
ngôi trường nơi tôi đã học tập và nuôi dưỡng tôi,2
trường l đầy những học sinh ngu ngốc và gian lận,0
nơi đào tạo nhân tài cho đất nước,2
trường có khuôn viên đẹp học sinh năng động,2
vào trường là một hành trình,1
đây là môi trường tốt cho sinh viên học luật,2
nơi đào tạo cử nhân văn hóa lịch sử tại hà nội,1
tôi rất vui,2
trường có nhiều giảng viên tận tâm với sinh viên,2
tôi nhớ những lúc vui vẻ cùng bạn bè,2
nhiều hoạt động thú vị cảnh đẹp,2
các giáo viên thì tử tế nhưng học sinh thì giống như l,0
tôi chỉ quan tâm đến những cô gái xinh đẹp v,2
trường có nhiều giáo viên có trình độ cao,2
khuôn viên trường đẹp và mát mẻ nhưng hơi thấp và dễ bị ngập lụt,0
ngôi trường này có rất nhiều chàng trai và cô gái xinh đẹp,2
cổng trường khá hẹp hoặc tắc nghẽn,0
ngôi trường hơi thiếu không gian chung,0
đường la thành thường xuyên kẹt xe,0
decus số 3 hoàng cầu giày da nữ,0
dịch vụ rất tốt,2
ngôi trường rất đẹp và có nhiều đồ vật đẹp,2
cũng vui lắm,1
một trong những trường học truyền thống nhất,2
gần trường có nhiều đồ ăn ngon,2
tôi đã từng đến đó rồi và nó rất đẹp,2
trường có chất lượng đào tạo tốt,2
đánh giá trướcsẽ đến sau,0
tôi đã thi ở đây nhưng trượt,0
chất lượng của các cơ sở rất tốt,2
tốt nhiều cô gái,2
ngôi trường khá đẹp và hiện đại,2
cả một bầu trời ký ức,0
nhiều cô gái xinh đẹp và dịu dàng,2
có rất nhiều cô gái xinh đẹp d,2
trường học nổi tiếng của hà nội,2
trường đại học lớn của việt nam,2
dịch vụ tốt chăm sóc tốt,2
chất lượng sinh viên tốt,2
nhiều cô gái,1
khuôn viên trường rộng và sạch sẽ,0
trường đại học văn hóa hàng đầu,0
tôi nhớ bạn nhiều lắm,2
thầy giỏi trò giỏi,2
trường tốt nổi tiếng,2
nhìn chung là tệ và tệ,0
có một phòng tập thể dục,2
đài phát thanh th,0
menly,2
đại học văn hóa hà nội,1
van hoa,0
điểm đến yêu thích,2
trường đại học văn hóa,0
này lam,1
20192023,1
hte,2
từ uneti với tình yêu,1
thời điểm tốt nhất sắp tới,2
hazzz,1
ngày đến,1
nó khá tốt,2
gần nhà tôi,2
đây,1
một đơn vị đào tạo đại học vô đạo đức thông báo tuyển sinh năm 2024 đã đánh cắp ý tưởng của trường khác từ phụ kiện đến màu sắc chỉ thay đổi tên đơn vị và vị trí của một số hạng mục,0
nếu bạn có điểm 24 trở lên hãy tránh xa trang web này nó chẳng là gì cả tôi khuyên bạn nên chạy nhanh nhất có thể để kịp giờ,0
đi thi dgtd ở đây mình thấy trường rất rộng rãi sạch sẽ thầy cô nhiệt tình nữa,2
trường có sân rộng tôi thích nhất câu lạc bộ truyền thông của trường học sinh lịch sự đẹp trai và xinh đẹp giáo viên tốt bụng và luôn quan tâm đến học sinh,2
trời lạnh mát bật điều hòa là lạnh thấu xương trời nóng sao không bật lên các bạn sinh viên làm việc cũng giống như bao người khác thái độ của họ đối với những người vào làm thủ tục nhận phòng họ,0
trường dạy oce và csvc rất tốt và trường đang cải thiện rất nhiều,2
trường như c mình khuyên những bạn nào đang có ý định tham gia thì nên từ bỏ ý định đi nhân viên sẽ nhận hối lộ lấy quá nhiều rồi chê có khi còn trả lại vì phong bì chỉ có 5l1m thủ tục thì phức tạp,0
chất lượng ổn trường đang dần cải thiện,2
ngôi trường rất đẹp rất tuyệt vời học sinh nên học,2
sinh viên năm nhất chạy ngay bây giờ,0
trường đại học kinh tế kỹ thuật công nghiệp hà nội bạn nghĩ nó giống bãi phế liệu hay giống trường đại học hôm nay tôi đi nộp hồ sơ và thấy chán,0
học kỳ 1 tại trường cs hà nội học kỳ 2 tại nam định trong khi học quân sự 3 tuần tôi không hiểu tại sao lại chia như vậy 1 tuần học và 1 tuần nghỉ khiến sinh viên bối rối và thường làm,0
chất lượng tốt so với điểm số,2
môi trường học tập tốt cơ sở vật chất 100đ xd học sinh ở đây thân thiện và năng động thầy cô luôn quan tâm đến học sinh trường có nhiều hoạt động và câu lạc bộ,2
dịch vụ rất tốt các anh rất nhiệt tình,2
điện thoại vui vẻ vệ sinh miễn phí,2
dienthienvui vệ sinh điện thoại miễn phí,2
vệ sinh điện thoại miễn phí,2
tr cũng ổn,1
điện thoại vui vẻ vệ sinh điện thoại và máy tính xách tay miễn phí,2
khách tham dự cuộc thi chung kết nhưng không tặng đồ ăn trong khi thư mời có thông báo tặng đồ ăn nhẹ khiến khách đói khách ngất khách tức giận khách về sớm và khách vote 1 sao,0
trường to và đẹp ngày em đi nhập học em gặp một bạn lớp trên tên là quách ngọc anh hướng dẫn em bạn ấy dễ thương và xinh xắn lắm em hy vọng sẽ tìm được bạn trong,2
trường này có điểm thấp và giá tín dụng cũng rẻ hơn mức trung bình nên bạn không thể mong đợi nhiều các hoạt động vận động nghệ thuật và câu lạc bộ chỉ để giải trí phù hợp với những bạn lười học không muốn làm thêm nhưng vẫn có thể ăn,0
nếu trường cũng tổ chức dạy học trực tuyến thì chất lượng sẽ không tốt bằng dạy học trực tiếp,0
trường học thật tệ học sinh tốt nghiệp đến dự lễ nhận bằng tốt nghiệp nhưng không trao bằng vì chưa ký xác nhận bằng tốt nghiệp lên khán đài sẽ không được trao giải chỉ có một lần trong đời trường học mới làm được như vậy,0
trường học như một trường học bộ phận đào tạo không tôn trọng sinh viên thủ tục hành chính mang tính hành chính giảng dạy khó hiểu cơ sở vật chất nghèo nàn nhưng ưu điểm là học phí cao thi cử khó để,0
trường đại học kinh tế kỹ thuật công nghiệp là trường đại học công lập định hướng nghề nghiệp ứng dụng đào tạo cử nhân kỹ sư hệ chính quy 4 năm trực thuộc bộ công thương việt nam được thành lập vào năm,2
trường học kiểu gì mà toàn những kẻ vô văn hóa vô văn minh mất hết lịch sử không có học vấn gì cả tôi khuyên những người không vào được đại học thì đi làm công nhân thay vì học ở cái trường ngu ngốc này,0
trường đại học kinh tế và công nghệ công nghiệp được thành lập theo quyết định số 1206qđttg ngày 11 tháng 9 năm 2007 của thủ tướng chính phủ trên cơ sở nâng cấp trường cao đẳng kinh tế và công nghệ công nghiệp i tiền thân là,1
đại học kinh tế công nghệ là ngôi trường tốt nhất và là sự lựa chọn tốt nhất mà tôi đã chọn,2
nếu bạn có ý định học ngành kỹ thuật tại trường theo tôi bạn nên học một khóa học nghề trước khoảng 6 tháng để chuẩn bị kiến thức cũng như cơ hội khi đi học vì trường thực hành rất ít tôi là một,0
tuy nằm trong một con hẻm hơi hẹp nhưng khuôn viên trường rộng rãi thoáng mát đây là ngôi trường có bề dày lịch sử với nhiều đóng góp cho đất nước một môi trường giáo dục lành mạnh thân thiện phù hợp cho học sinh và để học sinh phát triển,2
chuyên viên tư vấn không nhiệt tình thậm chí còn tỏ thái độ khó chịu tôi mất hết thiện cảm cụ thể là cuộc trò chuyện tôi xin chào bạn có thể cho tôi biết đây có phải là số điện thoại của đại học hà nội không,0
đại dịch khiến mọi người đều khó khăn học sinh học trực tuyến không được hưởng bất kỳ tiện ích nào nhưng học phí vẫn tăng và thu đúng quy định nhà trường đang bóc lột học sinh,0
phòng tuyển sinh nói chuyện với thái độ và giọng điệu khinh thường đối với người khác tôi không hiểu họ đang tuyển sinh viên hay đang trục xuất mọi người,0
giáo viên thân thiện học sinh tích cực môi trường tuyệt vời 1000 điểm,2
lớp học vui vẻ môi trường sạch sẽ giáo viên nhiệt tình đặc biệt là cô bùi thùy linh rất vui tính,2
trường nào cũng vậy các lớp tín chỉ chủ yếu là tự học học phí ở trường này không quá cao cơ sở vật chất tốt nhiều trường có nhiều cô gái xinh đẹp,1
người dân có trách nhiệm và nhiệt tình nhưng thủ tục hành chính quá phức tạp làm cho sinh viên khổ sở ai là người tạo ra mớ thủ tục hành chính hỗn độn này,0
dienthoai vui vẻ vệ sinh laptop,2
đã nghỉ học 5 năm mong muốn nhà trường phát triển và đào tạo thêm nhiều học sinh tài năng ở mọi lứa tuổi,0
trường học lớn hơi mệt khi đi bộ nhưng vẫn ổn,1
trường đang được đầu tư và xây dựng rất khang trang từng bước trở thành trường đại học danh tiếng của thủ đô,2
trường đào tạo tôn giáo nguồn lực kinh tế tốt cho sự phát triển của đất nước,2
vệ sinh cả điện thoại và máy tính xách tay tại ui cellphones,2
vệ sinh máy tính xách tay và điện thoại miễn phí từ phone fun,0
mọi môi trường đại học đều coi trọng tinh thần độc lập ý thức vận động trong suy nghĩ và mong muốn khởi nghiệp biết chấp nhận những gì mình đang có và cố gắng cải thiện với tôi bất kỳ môi trường nào cũng là môi trường tốt có quá khứ thì mới có ngày hôm nay có hôm nay thì mới có ngày mai đóng,2
đội ngũ giáo viên được đào tạo bài bản có trình độ chuyên môn cao nhưng chất lượng đào tạo vẫn còn hạn chế,0
mặc dù ngôi trường rất đẹp nhưng khá hẹp nhưng đang dần được cải thiện,1
tôi đã được vệ sinh điện thoại miễn phí tại buồng điện thoại vui vẻ,2
ngôi trường này có tương lai tốt đẹp vài năm nữa điểm sẽ cao hơn quan trọng vẫn là bản thân bạn,2
trường học nằm trong hẻm nhỏ thường xuyên kẹt xe việc để xe ngoài trời vừa làm hỏng xe vừa tốn tiền,0
trường khá mới nhiều học sinh chất lượng đầu ra chỉ là tạm thời,0
điện thoại đẹp trải nghiệm thực sự thú vị với chiến dịch này,2
nó đã xuống cấp rất nhiều và nơi này đã được times city mua lại khi cơ sở linh nam hoàn thành times sẽ tiếp quản,0
nhiều gái đẹp ít trai xấu giáo viên hơi kém chất lượng nhưng chân dài nên cũng ổn phù hợp với tiêu chuẩn của mọi gia đình,2
sinh viên năm thứ nhất,1
ngôi trường mà tôi đã hối hận cả đời khi bước vào,0
năm nay tôi là học sinh mới của trường này tôi không biết cơ sở vật chất và giáo viên ở đó như thế nào,0
trường dạy rất vô nghĩa phần lớn giáo viên thờ ơ cơ sở vật chất cũ kỹ và các kỳ thi thường trừ điểm của học sinh,0
em là học sinh mới của trường em chưa học nhưng em rất thích trường ngay từ cái tên em rất thích trường,2
năm nay tôi 12 tuổi và dự định sẽ thi ở đây vào năm sau bất kỳ ai đã học ở trường này vẫn sẽ cho tôi biết,1
trường đại học kinh tế công nghiệp đang thu hút được sự quan tâm của rất nhiều bạn trẻ,2
một ngôi trường có nhiều ngành nghề khác nhau tôi thấy nơi này như một sự tổng hợp các ngành học,1
trường đại học kinh tế kỹ thuật công nghiệp còn gọi là trường đại học công thương hà nội là trường đại học định hướng nghề nghiệp ứng dụng,2
ngôi trường rất đẹp và có nhiều chàng trai cô gái xinh đẹp luôn yêu đời,2
em chuyển trường 218 lĩnh nam rồng rai một ngày đẹp trời các anh chị có lớp em muốn đến trường và xin việc,1
mặc dù cơ sở vật chất còn nghèo nàn nhưng đây là nơi giúp trẻ em trưởng thành,2
nhà trường hoàn thiện cơ sở vật chất và chất lượng đào tạo,2
luôn ở đỉnh cao,2
giáo viên tận tâm học sinh thân thiện và nhiệt tình,2
trường lớn nhưng dịch vụ kém nhân viên phòng công tác sinh viên khó tiếp cận khó khăn với sinh viên,0
năm nay tôi dự định sẽ thi vào trường này xin hãy cho tôi phản hồi,1
trường đại học có nhiều sinh viên theo học và tốt nghiệp với thành tích cao,2
lối vào hơi hẹp thường bị kẹt khi tan trường nhiều cửa hàng đồ ăn nhẹ tiệm photocopy tiệm sắc nét,0
điện thoại vui vẻ về sinh nở miễn phí,2
cơ sở vật chất đầy đủ giáo viên nhiệt tình,2
cũng ổn nhưng có vẻ như giáo viên có nhiều kinh nghiệm hơn trong việc dạy thi hơi bực mình,1
chương trình rất vui và hữu ích,2
thái độ của phòng tuyển sinh sự khinh thường nghe như đuổi học sinh,0
vệ sinh điện thoại và máy tính xách tay miễn phí vệ sinh điện thoại vui vẻ,2
trường này có nhiều cơ sở vật chất học ở hà nội là tốt nhất,2
wow ngôi trường này thật tuyệt vời,2
cho tôi hỏi trường này có nhận tuyển sinh bằng tốt nghiệp phổ thông trung học không,1
trường đại học kinh tế công nghiệp và kỹ thuật nơi bạn tôi đã từng học,2
không biết trường nào cơ sở vật chất có tốt không,0
sau khi học xong tôi cảm thấy mình thật ngu ngốc tôi hơi ngần ngại khi chuyển trường,0
đừng học trường này tốt nhất là nếu bạn học không giỏi thì nên học trường nghề,0
mặt đường mới được sửa chữa,0
tại sao ở đây lại có nhiều người bán điện thoại như mẹ của ly thế,2
khỏe,2
phòng tuyển sinh nói chuyện như mẹ của thế giới,0
rất okkkkkkk,2
khuôn viên trường trông khá đẹp và chất lượng phải được trải nghiệm thêm,0
vệ sinh điện thoại vs dịch vụ điện thoại di động,0
thật tuyệt vời ngày nay mọi người đều biết giá trị của trường học,2
miễn phí với điện thoại máy tính xách tay,0
môi trường tốt dịch vụ tốt,2
là một trường đại học có chất lượng giảng dạy tốt,2
học trên lớp giống như lò nướng quá nóng,0
một nơi bạn nên ghé thăm,0
có một chương trình đang diễn ra,1
giỏi trong việc đào tạo kiến thức cơ bản cho học sinh,2
đại diện trường học trực tuyến như ngoại tuyến,0
100 meniscus đúng nhưng,1
tôi không thể học trường này nữa 3,0
trời nóng quá nên không thể bật được máy điều hòa,0
trường học như c học trực tuyến cả năm,0
bảo vệ tốt không thu vé xe buýt,2
trường học bây giờ rất tốt,2
khá rộng rãi cách sắp xếp phòng chưa thực sự hợp lý,0
nhà trường tư vấn rất nhiệt tình,2
trường cung cấp nhiều chương trình đào tạo nghề thực tế,2
mãi mãi yêu thương,2
mọi thứ đều cần tiền để giải quyết,0
các thầy cô nhiệt tình ủng hộ,2
điện thoại vui vẻ,2
môi trường đào tạo tốt,2
trường có máy lạnh,0
cơ sở 2 đại học kỹ thuật công nghiệp đã được xác minh,2
ngôi trường vui nhộn nhất việt nam,2
đã học đại học ở đây,1
chưa tốt nghiệp mà,0
íuiihnbjnig hkjj hihiuu j ng j mnjh bb hk ybnonnn,2
cái này còn được gọi là kingkong 2,1
đường đến trường quá nhỏ,0
trường học của chị tôi đích thực,2
nhiều bạn bè tôi học ở đây,2
cơ sở hạ tầng được đảm bảo,2
nếu bạn chưa tham gia thì đừng tham gia,0
vớ rabe số,1
tôi đang có ý định học nhưng không biết,1
chất lượng đào tạo kém,0
kho trái tim,0
với tôi,1
rất tàn nhẫn,0
ngôi trường rất đẹp rất tốt,2
ngôi trường yêu dấu,2
tùy thuộc vào mẹ bạn,1
tuyệt vờittttttt,2
dienthoaivui is the best,2
học cách ngu ngốc,0
tiêu chuẩn,2
trường t,1
5 sao,1
ồ chìa khóa,0
có rất nhiều sinh viên xinh đẹp,2
www,1
sau khi nghe nhiều người phản ánh về ngôi trường này nói thật sau 1 tháng 2 tuần học tôi thấy đúng như mong đợi và đề xuất thầy cô lắp wifi để giúp học sinh đăng ký tín chỉ để học và thậm chí là đi học thêm,2
không có máy lạnh giáo viên trong phòng học rất im lặng học sinh có một số câu hỏi không hiểu nên hỏi nhưng mặt tỏ thái độ không muốn tiếp tục thông báo,0
tốt nhất là tránh xa nếu không bạn sẽ không hối hận đâu nhân viên rất tệ chất lượng đào tạo kém và các giảng viên không nhiệt tình nhất là các giáo viên trong phòng cộng đồng nếu bạn muốn,0
tôi là nam nên tôi không quan tâm nhiều đến cảnh sát nhưng khi tôi đến ký túc xá và gặp gỡ mọi người tôi phải nói rằng tôi rất vui tôi hài lòng với 4 năm ở đây,2
không có gì là tâm hồn cả từ cơ sở vật chất đến giảng viên các trường của bộ luôn gây áp lực cho sinh viên phải kiếm tiền học phí không hề rẻ thật tệ,0
ở trường học sinh trong lớp phần lớn là ham chơi lười học trong lớp có tới 4 5 người hút thuốc lá thực ra cơ sở vật chất tệ giảng viên lúc nào cũng cau có trang web của trường thường nói rằng,0
những nhu cầu thiết yếu như wifi trong ký túc xá không được đáp ứng nhắn tin hỏi thầy cô thì hình như không thấy hỏi thì lúc nào cũng bảo đợi lắp mạng ngoài thì không được wifi thời nào chẳng có,0
cơ sở vật chất rất tệ trường học nhỏ và bí mật đặc biệt là các giáo viên thể dục rất tuyệt vời những người kém hoàn hảo là 500 hoặc hơn một chút so với 700800 vẫn còn rất ít giáo viên cho họ kiểm tra năng lực nói chung hãy chạy trốn ngay bây giờ,0
trường mới được cải tạo và sạch sẽ học phí rẻ,2
phải nói là trang web của trường như c đăng ký tín chỉ nhưng online liên tục 10 tiếng mà không dùng được 1 lần 10 tab vẫn hỏng nói chung là tốt nhất là không ai học ở đây,0
tốt nghiệp loại giỏi tại trường nhưng sau khi hoàn thành 4 năm sự thật là đây không phải là nơi tốt để bạn đặt ra hoài bão của mình,0
tệ lắm tôi khuyên bạn không nên thi đăng ký của bạn sẽ bị sập bạn sẽ mất tiền khi đăng ký bạn sẽ phải thức trắng đêm cho đến ngày hôm sau khi hết giờ bạn vẫn không thể đăng ký được nói chung là,0
tôi không biết tại sao 1 sao vẫn được đánh giá 45 sao trường học rất tệ về mọi mặt tôi không hiểu làm sao các trường công lại có thể phát triển lùi về mọi mặt như vậy,0
đã 2 năm trôi qua và tôi vẫn chưa tốt nghiệp,0
trang web đăng ký của trường không được đảm bảo khiến sinh viên không thể đăng ký mất cả ngày mà trang web vẫn bị lỗi,0
chất lượng đào tạo kém sinh viên tốt nghiệp không biết mình có thể làm gì cơ sở vật chất kém không có phòng học sinh viên phải học trực tuyến mặc dù không phải trong thời gian covid,0
nhà trường ơi hãy lắp nước nóng và nước lạnh ở ký túc xá nhé mùa đông rồi,0
1 sao không đáng không giải quyết được vấn đề cho học sinh dù có giải quyết được thì cũng trì trệ,0
trường này chán quá tôi không nên đi học nữa tôi đã hối hận rồi vì vẫn còn một số học sinh được đào tạo kém,0
trang web trường đăng ký tín chỉ là trang web kinh tởm nhất mà tôi từng trải nghiệm sau 14 giờ tôi vẫn không thể đăng ký,0
đừng bước vào cơn ác mộng của cuộc sống sinh viên nếu không bạn sẽ phải hối hận,0
trường khá rộng và có mặt đường nên đi lại khá thuận tiện đây là bản tóm tắt ngắn gọn không bao gồm chất lượng chuyên nghiệp,1
một góc hẻm cạnh trường học đầy rẫy các cửa hàng như photocopy anh khoa bánh mì trứng chả giò bánh mì đủ loại trà đá rất thích hợp cho mọi người ngồi nói chuyện và ngắm người qua lại,2
trường học quá nóng không thể bật máy điều hòa,0
trường đại học lao động xã hội là trường đại học công lập được thành lập năm 2005 trường đào tạo 5 chuyên ngành chính bảo hiểm công tác xã hội kế toán quản trị nguồn nhân lực công tác xã hội quản trị kinh doanh với đội ngũ giảng viên nhiệt tình sáng tạo tạo hứng thú học tập cho sinh viên,2
là cựu sinh viên tôi không đánh giá thời gian học nhưng sau khi tốt nghiệp vì công việc khi tôi quay lại trường để xác minh bằng cấp tôi bị chỉ trích về mọi thứ khi tôi lên lịch thời gian khi tôi đến đó tôi nói rằng tôi quên tôi không nhớ tôi không biết thật đáng tiếc,0
vcl trường tệ trang web uy tín đã như vậy trong nhiều năm tệ hơn cả từ tệ,0
địa điểm số 43 trần duy hưng trung hà cầu giấy hà nội khuôn viên trường rộng rãi nhiều cây xanh,2
với truyền thống lâu đời về chất lượng giảng dạy cao trường có nhiều giảng viên giỏi học sinh trong trường rất lịch sự nhưng phần lớn là nữ tuy nhiên trường có đội ngũ quản lý tận tụy nên cơ sở vật chất khá tốt,2
trường học không có máy lạnh điều này làm tôi rất thất vọng,0
chỉ một từ thôi ne ai khen mình thì mình trân trọng,2
sân cỏ vị trí đẹp tốt nhất là phá đi xây trung tâm thương mại điện áp ổn định ông này nổi tiếng là người được bộ lao động thương binh và xã hội cưng chiều,2
huấn luyện quân sự không cho bạn sự tự do về đồ đạc và bạn vẫn kiểm tra và thu thập những thứ vô nghĩa nhưng tôi đã học được điều đó hai lần có rất nhiều tiền phải trả và có rất nhiều sinh viên phải học lại môn học phải học lại,0
trường không có máy lạnh nên mình đã đi nghĩa vụ quân sự 2 lần nghĩ trước khi vào khi đi học mình thậm chí không được phép mang theo đồ ăn hay quạt phải thuê của trường vcl business,0
lúc mình đến thăm trường thì trường đang sửa chữa quên chụp ảnh cho mọi người xem trường không lớn lắm nếu bạn hỏi thì hơn 500ktín chỉ,0
tự hiểu nhé,1
khi nào trường sẽ có kế hoạch lắp máy lạnh bộ đã lắp rồi nhưng vẫn để học sinh chịu nóng tiền chia hết hay sao,0
tôi rất thích trg nên tôi cho nó 1 sao tệ,2
tôi không thích trường lắm nhưng tôi vẫn cho 5 sao khi nào trường sẽ lắp máy lạnh mùa hè nóng và mỡ sẽ tan chảy,0
1 sao thì không đáng,0
đến 1 giờ sáng học sinh vẫn phải đăng ký với một trang web lỗi cho dù sáng mai cũng sẽ lại là lỗi tương tự như việc không được học hành,0
uh chạy ngay bây giờ,0
một con hẻm cạnh trường học rất nhiều cửa hàng như photocopie anh khoa bánh mì trứng chả giò bánh mì đủ loại trà đá rất thích hợp cho các bạn muốn ngồi chơi và p xem thêm,2
ngôi trường được xây dựng ngay trên phố xung quanh là các khu mua sắm ăn uống phù hợp cho học sinh quầy thu vé hiện đại đặc biệt dành cho các bạn nữ rất xinh và quan trọng hơn là có một con phố mang tên trần duy hưng,2
là sinh viên năm 13 khoa quản trị nhân sự em thấy trường tuy không lớn lắm nhưng là nơi đáng để học tập nhất là những bạn đam mê ngành quản trị nhân sự tọa lạc tại số 43 trần duy hưng,2
trường đại học lao động và xã hội là trường đại học được thành lập ngày 31 tháng 01 năm 2005 theo quyết định số 262005qđttg của chính phủ cơ sở chính của trường đặt tại quận cầu giấy thành phố hà nội,1
một trong những trường không thuộc sự quản lý của bộ giáo dục và đào tạo hầu hết học sinh đều được gia đình sắp xếp việc làm trước khi tốt nghiệp,0
phụ kiện bán buôn serenity đã từng học ở đây,1
diện tích trường nhỏ cổng trường và biển hiệu cũng hơi nhỏ nên nếu bạn là người địa phương khác đến đây nhập học và không quen đường thì sẽ hơi khó tìm,0
em có chị gái đang học ở trường này và em cũng đang cân nhắc cho con thi vào trường này vì chị ấy nói trường ở đây rất tốt cơ sở vật chất cũng rất mới trường sạch sẽ và tương đối rộng rãi,2
năm 2011 trường này xảy ra một vụ bê bối lớn hàng loạt giảng viên bị chuyển công tác gần nhà tôi có một anh chàng làm ở phòng đào tạo cũng bị đuổi việc sau vụ bê bối trên,0
sau cuộc tranh cãi cách đây vài năm khiến hàng loạt nhân sự cấp cao sa ngã hiện tại bộ máy tổ chức của trường đã hoạt động khá ổn định,1
mặc dù tôi không học ở trường này nhưng tôi luôn có ấn tượng không tốt về sinh viên lao động xã hội mỗi lần đi ngang qua tôi thấy sinh viên không lấn chiếm vỉa hè như các trường khác,0
phòng tập akc fitness 14 trung kính rất gần chúng tôi mời học viên đến học võ tự vệ để bảo vệ bản thân và nâng cao sức khỏe,2
đầu đường trần duy hưng hướng về nguyễn chí thanh,2
diện tích rộng xe cộ ra vào thuận tiện,2
từ một trường cao đẳng lao động thương binh và xã hội đến nay đã nâng cấp thành trường đại học nhà trường đã không ngừng nâng cao chất lượng đào tạo cung cấp nguồn nhân lực cho khu vực hành chính công và doanh nghiệp trong nước,2
trường đại học này được thành lập vào năm 2005 và vẫn có hàng ngàn sinh viên theo học mỗi năm,1
đăng ký tín chỉ với trường không đủ mệt mỏi,0
trường đại học lao động và xã hội là trường đại học được thành lập ngày 31 tháng 01 năm 2005 theo quyết định số 262005qđttg của chính phủ,1
hãy đến với nhà hàng sinh viên nổi tiếng vừa ngon bổ rẻ để thưởng thức và bạn sẽ biết vì sao mình lại giới thiệu nó,2
tránh xa trường này thật sự,0
trường này gần chung cư mini green thích hợp cho sinh viên thuê,2
chất lượng đào tạo kém nên sinh viên tốt nghiệp không thể xin được việc làm khi có bằng cấp tốt từ khoa mình làm việc,0
nhà trường cần nâng cao hơn nữa chất lượng đào tạo và quản lý sinh viên,0
trường đại học lao động và xã hội nằm trên phố trần duy hưng chất lượng đào tạo tốt,2
đại học lao động xã hội với tiêu chuẩn phù hợp,0
ngyeu chỉ trích nên anh ấy chỉ trích,0
nhiều sinh viên trở về quê hương làm việc tại các đoàn thể xã hội phụ nữ đoàn thanh niên đoàn thanh niên,2
ngày 28 tháng 6 năm 2023,1
trường đại học khoa học xã hội và nhân văn nằm trên đường nguyễn trãi rất thuận tiện cho việc đi lại,2
trường đại học lao động xã hội đang nhận được sự quan tâm khá lớn của sinh viên,2
trường học an toàn như cc,2
một ngôi trường tốt từ chất lượng học tập đến đội ngũ giáo viên,2
thích ứng nhanh với sự phát triển xã hội,2
ở trường tôi chất lượng đào tạo ở mức trung bình trường hơi nhỏ,0
là một trường đại học không có bê bối nào cả tốt,2
trường tốt giáo viên tốt cơ sở vật chất tốt rất đáng học,2
tôi ngay lập tức nhìn thấy mặt đường trống trải tuyệt đẹp,2
vị trí trung tâm thành phố ký túc xá thuận tiện,2
chất lượng đào tạo quá kém sinh viên thụ động kiến thức quá kém,0
nó từng rất phổ biến nhưng nó đang ngày càng kém phát triển,0
sau khi học nhiều chuyên ngành ở trường tôi không biết phải làm gì hoặc đi đâu,0
chất lượng đào tạo và chất lượng sinh viên chưa tốt,0
đào tạo công tác xã hội chất lượng hàng đầu tại việt nam,2
là một trong những khu vui chơi giải trí hàng đầu tại việt nam,2
sự lựa chọn lý tưởng cho định hướng tương lai của bạn,2
môi trường tốt cho sinh viên học tập,2
ngôi trường hơi nhỏ nhưng chất lượng giảng dạy khá tốt,2
đại học lao động xã hội trường đại học tầm trung đào tạo chuyên ngành xã hội học,2
trường nằm ngay trên đường trần duy hưng thuận tiện đi lại,2
học sinh ở đây có văn hóa giao thông rất tốt,2
trúc trúc trúc là lực lượng lao động xã và vùng sâu vùng xa,0
ngôi trường này có nhiều chàng trai đẹp trai tuấn tú,2
sinh viên lao động không thân thiện lắm,0
thường được gọi là trường anh ta lao đầu xuống hố,0
trước đây là trường trung học cơ sở,1
ngôi trường hơi nhỏ khuôn viên trường hiện đại,0
chất lượng đào tạo chưa được kiểm chứng,0
ngôi trường hơi nhỏ nhưng gần trung tâm,2
trường tốt đào tạo nhiều ngành nghề,2
nơi tài năng được tạo ra,2
bạn tôi đã học ở đây,1
trường đào tạo cán bộ hàng đầu,0
đi học đại học bây giờ thực sự dễ dàng,2
trường đại học hà nội,1
một trường đại học đáng học ở hà nội,2
đó là một ngôi trường chỉ là một ngôi trường,0
trường rất tốt tôi rất thích trường,2
dạy tốt học tốt,2
sân bóng rổ hơi tối,0
các cơ sở vật chất rất tốt,2
cố gắng vượt qua,2
tọa lạc tại trung hòa hà nội trường cao đẳng nhỏ,0
có chất lượng tương đối tốt,2
trường đại học khá tốt,2
môi trường xanh sạch đẹp,2
trường có nhiều bạn gái xinh đẹp,2
cố gắng học tập thật tốt,2
trường cũng có nhiều khoa,1
address 43 tran duy hung trung hoa cau giay hanoi,2
đẹp và rộng,2
trường học ở gần nhà tôi,2
tốt đào tạo xã hội,2
vậy dk,1
nhiều cây,0
dao sáng tạo chuyên nghiệp kv,2
chất lượng quá,0
nhiều gai,0
từ ghe,1
sự lựa chọn lý tưởng,2
đào tạo giáo dục tốt,2
tốt ở đây,2
trường học chất lượng,2
đại học lao động và xã hội,0
xấu xí tồi tàn,0
vị trí thuận tiện,2
tôi đã học ở đâu tại trường đại học,1
mục tiêu là bao nhiêu,1
trường trung cấp,0
địa chỉ tốt,2
n cô gái xinh đẹp,2
chất liệu tốt,2
3 tim,1
dep,2
trường đại học luật tốt nhất việt nam,2
hlu đại học luật hà nội,1
ngôi trường tốt nhất với tầm nhìn đẹp học sinh rất thân thiện,2
trường đại học tốt nhất để học luật tại hà nội có thể là trường tốt nhất việt nam,2
có thể trượt ván,1
trymybest hlu hy vọng k43,2
tên tiếng anh của trường đại học là luật,1
tôi thích nó rất tốt hoàn hảo,2
gần trạm xe buýt,0
một trường luật tốt,2
biểu trưng,1
đúng vậy,1
rất,2
tốt cho luật sư,2
giảng viên nhiệt tình đào tạo và giảng dạy luật chất lượng cao rất ấn tượng và yêu thích khóa học luật so sánh của cô đặng thị hồng tuyền tại hlu,2
trường đại học luật hà nội là trường đại học có quy mô đào tạo luật lớn nhất việt nam hiện nay thực hiện nhiệm vụ đào tạo nguồn nhân lực pháp lý chất lượng cao cho đất nước,2
điểm duy nhất đáng chê là dịch vụ hành chính của trường thực sự mang tính hành chính đúng là vào trường thì dễ ra trường khó thì khó nhưng khó không phải do năng lực học tập của học sinh,0
đại học luật hà nội nơi chúng tôi lớn lên,1
trường đại học luật đã đào tạo ra nhiều cử nhân luật cho đất nước góp phần củng cố nền tư pháp,2
ôi trường nth thân yêu của tôi trường nằm ở khu đắt đỏ nên hẹp cơ sở vật chất yếu kém từ trước giờ đang dần được cải thiện ở trường mình thích nhất là tầng 1 tòa nhà k căng tin ý mình là ngoài ra bạn,2
trường đang đầu tư xây dựng lại một số tòa nhà nên hơi bụi,0
điểm của trường quá cao và tôi không thể vào được,0
chỗ đậu xe của trường hơi chật,0
ngôi trường bây giờ đẹp hơn rất nhiều so với 10 năm trước,2
lớp học rộng rãi và đầy đủ tiện nghi,2
là một trường đại học nổi tiếng tại hà nội trường đào tạo về luật có đội ngũ giảng viên giỏi và nhiều hoạt động thực tế,2
trường đại học luật hà nội là một trong những trường đại học uy tín và nổi tiếng trong lĩnh vực luật tại việt nam với hơn 60 năm xây dựng và phát triển trường đã đào tạo nhiều thế hệ cán bộ chuyên gia lãnh đạo trong lĩnh vực,2
trường tọa lạc tại số 87 nguyễn chí thanh là trường đại học có quy mô đào tạo cử nhân luật lớn nhất cả nước ảnh chụp một góc thư viện của trường,2
trường đẹp rộng rãi thoáng mát mình đi ngang qua nhiều lần nhưng chưa bao giờ vào lớp để xem thực tế thế nào nhưng chị mình học ở đây trường đạt điểm rất cao,0
thật tuyệt vời kalhome rất vui khi được cung cấp máy lọc nước uống trực tiếp cho toàn trường,2
được rộng rãi có bãi đậu xe tốt,2
ngôi trường rất đẹp sạch sẽ và chất lượng đào tạo thuộc hàng đầu trong ngành tại việt nam,2
định nghĩa ròng,0
bên cạnh ký túc xá của trường đại học gt bên cạnh trường đại học công đoàn và trường đại học ngoại thương thật không may tôi vừa mới tốt nghiệp đại học và vẫn chưa vào trường,0
nơi đào tạo nguồn nhân lực chất lượng cao có kiến thức pháp lý và pháp luật,2
trường đẹp quá ước mơ của em là 3 năm nữa mik sẽ là học sinh của trường nhất định phải đỗ trường cố gắng từng ngày quyết tâm,2
trường có đội bảo vệ an ninh tốt nhất mà tôi từng thấy khi tôi vào chụp ảnh tôi hỏi đỗ xe ở đâu và không nói gì tôi chỉ phải lùi xe lại để đọc biển báo bên ngoài nhưng biển báo quá gần tường nên tôi không thể đọc được,2
hlu nơi chúng tôi lớn lên 3,1
hiện nay trường đại học luật hà nội có đủ các trình độ đào tạo tiến sĩ sau đại học đại học trung cấp đào tạo cán bộ tư pháp xã phường thị trấn theo nhu cầu của địa phương các lớp đào tạo nâng cao kiến thức và,2
trường đại học luật hà nội là nơi đào tạo ra đội ngũ luật sư hàng đầu việt nam và là một trong những trường đại học chất lượng cao hàng đầu tọa lạc ngay tại trung tâm thủ đô,2
trường đào tạo luật sư để giúp bảo vệ công lý,2
các trường đại học đào tạo ngành luật hàng đầu tại việt nam,2
trường học cũ hãy đến đây và yên tâm rằng bạn sẽ không phải tốn tiền vận động hành lang như các trường khác điểm mạnh,0
yêu trường mãi mãi tự hào là sinh viên khoa luật,2
đây là tương lai của tôi ck,1
trường đại học luật hà nội là một trong những nơi đào tạo nguồn nhân lực cho ngành luật của nước ta nhà trường ngày càng hoàn thiện cơ sở vật chất cũng như quy trình nội dung đào tạo để ngày càng đáp ứng được nhu cầu của xã hội,2
tôi yêu trường của tôi cố gắng cố gắng học cho kỳ thi tài chính này 10 tháng 12 năm 2017,2
hàng năm trường đào tạo hơn 1000 sinh viên tốt nghiệp nhưng tỷ lệ thất nghiệp vẫn rất cao mặt khác ngày càng có nhiều sinh viên luật làm việc không đúng chuyên ngành được đào tạo một tình trạng đáng để suy ngẫm,0
trường đại học luật hà nội hanoi law university là trường đại học công lập của việt nam trực thuộc bộ tư pháp chịu sự quản lý nhà nước về giáo dục của bộ giáo dục và đào tạo,1
tôi đã học tại đại học luật hà nội khóa 33 20082012 sau nhiều năm xa trường tôi vẫn còn rất nhiều tình cảm với nơi này quá nhiều kỷ niệm về những ngày tháng sinh viên khó khăn đây là một cơ sở đào tạo luật hàng đầu tại,0
trường đại học luật hà nội là trường trực thuộc bộ tư pháp chịu sự quản lý của bộ giáo dục và đào tạo trường được thành lập ngày 10 tháng 11 năm 1979 địa chỉ 87 nguyễn chí thanh quận đống đa hà nội,1
trường đại học luật hà nội được thành lập theo quyết định số 405cp ngày 10 tháng 11 năm 1979 của hội đồng chính phủ trên cơ sở sáp nhập khoa luật của trường đại học hà nội và trường cao đẳng luật việt nam là trường đại học danh tiếng hàng đầu cả nước là nơi mơ ước của nhiều sinh viên,1
trường đại học công lập này có lịch sử lâu đời nhất cả nước về đào tạo trình độ cử nhân thạc sĩ và tiến sĩ trong mọi chuyên ngành luật,2
trường rất nhỏ phòng học được thiết kế theo phong cách giảng đường khá tiện lợi có một tầng 7 ngoài trời rất đẹp,2
trường đại học luật hà nội được thành lập theo quyết định số 405cp ngày 10 tháng 11 năm 1979 của hội đồng chính phủ trên cơ sở sáp nhập khoa luật của trường đại học hà nội và trường cao đẳng luật việt nam vào thời điểm đó trường có tên gọi là trường đại học luật hà nội,1
nhà trường nhớ đã nhận tôi,2
thật buồn cười khi những sinh viên học luật nhưng không hiểu luật tôn trọng cư dân ngày nào cũng tụ tập từ 11 giờ đêm đến 5 giờ sáng để ca hát và bật nhạc ầm ĩ ảnh hưởng đến cư dân,0
87 nguyễn chí thanh thành công đống đa hà nội có thể nói đây là trường đào tạo luật hiến pháp tốt nhất cả nước với đội ngũ giáo viên giỏi và sinh viên chăm chỉ chủ yếu là sinh viên có chất lượng đầu vào tốt,2
trong khi học tôi đã tìm thấy một môi trường học tập và phong cách giảng dạy tốt,2
luật hồng đức là tên gọi chung của luật hình sự quốc triều hay luật hình sự lê triều bộ luật chính thức của nhà nước đại việt thời lê sơ vẫn còn được lưu giữ đầy đủ bởi vì luật pháp của các triều đại phong kiến việt nam đều là,1
khuôn viên trường rộng rãi thoáng mát chất lượng đào tạo tốt vị trí trường đẹp nhược điểm nhà ở cho sinh viên khó tìm giá cao sinh viên thường phải ở xa,2
khuôn viên rộng vị trí đẹp tọa lạc trên tuyến đường nguyễn chí thanh tuyến đường sầm uất nhất với nhiều tòa nhà cao tầng trên phố,2
tên tiếng anh hanoi law university hlu được thành lập vào năm 1979 tọa lạc trên con phố sầm uất nhất thủ đô gần các trường đại học lớn như ngoại thương ngoại giao hành chính thanh thiếu niên đào tạo phụ nữ đại học gtvt,1
siêu sang trọng,2
là một trường chuyên về luật sinh viên của trường đã và đang đóng góp cho một xã hội tốt đẹp hơn,2
một tuần thực tập ở đây thực sự rất hữu ích và giúp tôi rất nhiều trong việc tìm hiểu về lĩnh vực luật và hành chính công 3,2
các luật sư của trung tâm đang giúp chúng tôi kiện tổ chức phi chính phủ actionaid international vì vi phạm luật pháp việt nam,2
ngôi trường đại học mơ ước của nhiều sinh viên đam mê theo đuổi con đường công lý,2
việc đề cử các viên chức tại trường này luôn chịu áp lực lớn từ các nhà lãnh đạo nhà nước không giống như các trường khác đây là lĩnh vực nhạy cảm đối với đảng đương thời,0
ngôi trường mơ ước của tôi 3,2
đây là nơi đào tạo những người tài năng trong ngành luật người thân của tôi cũng học ở đây và họ nói rằng họ thực sự thích nơi này,2
chờ đèn đỏ trong mùa đông gió lớn,0
trường có hội trường lớn sức chứa khoảng 700 người đẹp hiện đại hệ thống điều hòa mát mẻ,2
view from vincom nguyen chi thanh,1
trường đại học này khá nổi tiếng ở việt nam nơi đào tạo ra nhiều luật sư thẩm phán và cán bộ thực thi pháp luật,2
ước mơ của bạn là gì,1
gọi đến số điện thoại của trường để hỏi một vài câu hỏi về việc tuyển sinh nhưng thái độ rất tệ cảm thấy rất khó chịu,0
trường đại học luật hà nội nằm cạnh bến xe buýt có nhiều tuyến xe buýt khác nhau,0
một môi trường tưởng chừng khó khăn và khô khan nhưng thực ra lại rất thú vị và có nhiều điều đáng để khám phá,2
nơi một người bạn thân có đức tính ăn nói lưu loát đi học sau khi học xong anh ta nói rằng anh ta khá thành công trong nghề nghiệp của mình và không còn thuận tiện nữa,2
đã mười năm trôi qua kể từ ngày tốt nghiệp tôi nhớ thời sinh viên của mình,2
một nơi dạy chúng ta cách làm người một nơi cho chúng ta đức tin và trí tuệ để nhận biết rõ ràng đen trắng phải trái vuông và tròn,1
nhân viên huy đẹp trai thân thiện và chu đáo,2
trường đại học luật hà nội là trường đại học công lập của việt nam trực thuộc bộ tư pháp chịu sự quản lý nhà nước về giáo dục của bộ giáo dục và đào tạo,1
trường mình yêu học phí siêu rẻ trừ những lớp chất lượng cao nhưng học thì siêu siêu khó sẽ không học lại nữa,0
khuôn viên trường rộng ký túc xá có đường dẫn vào trường thuận tiện cho việc đi lại,2
luật rất đẹp trường này cũng gần vincom nên có thể thoải mái đi xem phim,2
cơ sở vật chất khá tệ không có wifi có nhưng hầu như không sử dụng được,0
mơ ước cho em hỏi năm nay trường có tuyển sinh thêm môn địa lý không ạ,1
tôi muốn học ở đây tôi hy vọng mình có thể đậu chỉ cần vài ngày là bạn sẽ biết kết quả economiclawteam,2
mặc dù trường nhỏ nhưng đây là môi trường rất tốt cho sinh viên luật,2
trường tôi ổn căng tin đẹp đồ uống hơi tệ,0
trường khá đẹp cơ sở vật chất tốt nhưng thiếu sân trường đội ngũ giáo viên chất lượng,0
giảng viên số 1,1
ngôi trường đẹp quá hình như hà thảo linh đang học ở đó phải không,2
đây là môi trường đào tạo ra những cử nhân luật tương lai,2
các trường đại học đào tạo chuyên ngành luật hàng đầu,2
trường đào tạo tốt đúng như lời hứa của trường,2
thật tuyệt vời vì đó là ngôi trường tôi đã học,2
ngôi trường rất đẹp học sinh cũng rất ý thức,2
ngôi trường tôi yêu thích ngành học tôi yêu thích tôi muốn khám phá mặc dù nó quá khắc nghiệt đối với tôi,0
ngôi trường hơi tồi tàn,0
một vị trí tuyệt vời với chất lượng đào tạo tốt cùng cơ sở vật chất tốt,2
chất lượng đào tạo tốt tuy nhiên cần đầu tư vào cơ sở vật chất tốt hơn,0
thật lãng phí khi một học sinh không cho 5 sao,0
tôi hy vọng rằng trong vòng 4 tháng tôi sẽ vượt qua kỳ thi,2
một ngôi trường đẹp đầy đủ tiện nghi,2
tôi đã học thật thú vị khi là một sinh viên luật hà nội,2
trường đại học luật hà nội tên tiếng anh hanoi law university viết tắt là hlu là trường đại học công lập của việt nam trực thuộc bộ tư pháp chịu sự quản lý nhà nước về giáo dục của bộ giáo dục và đào tạo,1
trường đẹp vị trí dễ tìm cho phụ huynh và học sinh,2
đây là một trường đại học khá tốt trường đại học luật hà nội,2
nơi đây đã đào tạo nhiều thế hệ luật sư cho đất nước,2
mặt tiền đường nguyễn chí thanh gần các trường đại học như ngoại giao ngoại thương giao thông vận tải văn hóa,0
dạy tốt và học tốt đất nước rất cần những trường đại học như vậy,2
chỉ chờ để trở thành sinh viên trường luật thôi,1
đại học luật là cái nôi phát triển luật pháp việt nam,2
làm sạch và làm sạch giỏ lớn,0
trường luật nơi đào tạo ra những luật sư tương lai,2
bạn gái tôi đang học ở đây,1
cơ sở đào tạo luật việt nam hàng đầu thế giới,2
chứa chấp những người gian lận trong kỳ thi luậthahahahaa,0
chất lượng cao tạo ra giá trị bền vững,2
đó là nơi tôi đã trải qua tuổi thanh xuân hạnh phúc của mình,1
không yêu trường học,0
vị trí đẹp giao thông thuận tiện,2
giảng dạy rất tốt có thể đạt được nhiều hơn nữa,2
nơi sinh ra những luật sư vĩ đại nhất,2
tại sao trường tôi không có pokestop,1
sinh viên hlu là một cô gái xinh đẹp,2
tôi mơ ước được vào trường này,2
nơi đào tạo luật sư hàng đầu tại việt nam,2
hôm qua tôi vừa bắt xe buýt tới đây d,1
giáo viên chất lượng cao đẹp trai và đẹp trai,2
trung tâm tư vấn pháp luật thuộc đại học luật hà nội 87 nguyễn chí thanh láng hạ đống đa hà nội,2
thật đáng tiếc là tôi không thể học ở đây,0
một ngôi trường cực kỳ tuyệt vời,2
trường đại học đào tạo ngành luật tốt nhất,2
được rồi tốt lắm,2
tuyệt vời đào tạo luật nhiều phụ nữ,2
trường luật nhưng quá nhiều chuyên ngành,0
trường luật xứng đáng nhất miền bắc,2
tôi sẽ cố gắng vượt qua trường này,1
ngôi trường mới được xây dựng lại rất đẹp,2
trà đạo câu lạc bộ urasenke tankokai hà nội ngày 24 tháng 10 thứ bảy 13001600,1
tôi đang ở trường,1
ngôi trường có hình chữ l,0
tất cả các loại trái cây đều đẹp thật hoàn hảo,2
trường học uy tín chất lượng,2
xiên que ở cổng trường rất ngon,2
trường đại học số 1 tại việt nam,2
rất phù hợp với khách hàng,2
tôi có thể học nhưng khó vào được trường,0
trường luật hàng đầu tại việt nam,2
trường đẹp học sinh giỏi,2
trước đây tôi đã từng thi ở trường này,1
đại học chuyên ngành luật,1
cổng trường đẹp quá,2
chuyên đào tạo giáo viên tranh biện,2
những giáo viên gây tranh cãi đã ra đời,0
tận tâm uy tín chất lượng,2
address 87 nguyen chi thanh thanh cong dong da hanoi,2
cô gái xinh đẹp,2
không gian bị mất trật tự,1
đó là một trường đại học tuyệt vời,2
đào tạo pháp lý tốt,2
đào tạo kỹ lưỡng,2
nơi học thì ổn,1
nhiều cô gái xinh đẹp v,2
ngôi trường rất học thuật,2
cắt nó đi,0
rất nhiều cô gái tốt,2
đại học luật hà nội,1
ssccs,1
tôi yêu trường học sớm được gặp ajc một ngày nào đó,2
nhà báo xinh đẹp xuất thân từ đây,2
ờm,2
đứng đầu lớp,2
nơi thân thiện,2
trung tâm sự kiện số 1 xuân thủy sinh viên năng động đa tài với thế mạnh về tổ chức sự kiện đối ngoại kiến trúc mỹ thuật tâm lý sư phạm top trường không cần học trường quân sự xa xôi party school là trường tốt nhất,2
là một trong những trường trọng điểm quốc gia học viện báo chí và tuyên truyền hay còn gọi là trường đảng là cơ sở giáo dục hàng đầu cả nước về lĩnh vực truyền thông và báo chí trường,2
tôi yêu ngôi trường của mình với nhiều bạn bè thân thiết và những giáo viên tốt bụng giống như yêu quê hương mình vậy,2
trường l thi hba từ lớp 12 và đỗ toàn bộ chuyên ngành nhưng đến giờ năm nhất vẫn chưa nhận được thông báo trúng tuyển trang web tệ học với thầy,0
tổ chức sự kiện nhàm chán ý tôi là nếu không có chỗ trống để vào hội trường bạn có thể báo sớm cho tôi để tôi có thể về nhà không bắt tôi phải đợi 2 tiếng rồi bị đuổi về với thái độ như vậy,0
học viện báo chí và tuyên truyền ajc là một trong những cơ sở đào tạo hàng đầu tại việt nam trong lĩnh vực báo chí truyền thông và tuyên truyền được thành lập vào năm 1972 học viện không chỉ đào tạo các chuyên gia trong lĩnh vực,2
thay kính samsung a03 dịch vụ tốt nhân viên thân thiện,0
trường nhỏ cho đăng ký xét tuyển sớm từ tháng 4 rồi nuốt luôn hồ sơ của thí sinh đến giờ vẫn chưa có kết quả xét tuyển sớm mặc dù ngày công bố kết quả xts là 306,0
trải nghiệm đặc biệt tại trường báo chí ở trường báo ngồi ở cổng sau chào hỏi sẽ rất mệt,0
tôi yêu ngôi trường của mình với nhiều bạn bè thân thiết và những người thầy cô hiền hậu như tôi yêu quê hương mình và đến trường để trao đi thật nhiều tình yêu thương,2
đoàn phương trang theo học ngôi trường này thử thách thử thách và không biết xin lỗi ngôi trường tự học,0
học viện báo chí và tuyên truyền một trường đại học danh tiếng đào tạo các chuyên ngành truyền thông marketing media tọa lạc ngay trên phố xuân thủy sầm uất giao thông thuận tiện với tuyến đường trên cao sắp hoàn thành trong tương lai gần,2
3 năm kể từ ngày tốt nghiệp hôm nay cô giáo chủ nhiệm hỏi về công việc cô giáo hỏi về sức khỏe công việc và chúc cô mọi điều tôi ngạc nhiên đến nỗi không nói được gì chỉ có thể chúc cô sức khỏe và công việc tốt ahiii,2
học viện báo chí và tuyên truyền ajc là trường đại học trọng điểm quốc gia của việt nam trực thuộc học viện chính trị quốc gia hồ chí minh đơn vị trực thuộc ban chấp hành trung ương đảng cộng sản việt nam học viện có trụ sở tại thành phố hà nội việt nam,1
sức mạnh của ngòi bút nơi đào tạo con người sử dụng sức mạnh này để làm điều gì đó cho đất nước tùy thuộc vào chính họ,1
học viện báo chí và tuyên truyền nằm ngay trên tuyến đường xuân thủy cầu giấy qua ngã tư nguyễn khánh toàn một chút trường là nơi đào tạo cử nhân báo chí và marketing hàng đầu cả nước,2
đây là một ngôi trường năng động và cũng là trường đảng duy nhất trực thuộc học viện chính trị quốc gia thành phố hồ chí minh,2
trường đào tạo ra những nhà báo và biên tập viên tương lai rất có ích cho đất nước,2
học viện báo chí và tuyên truyền tên tiếng anh là academy of journalism and communication là trường đại học trọng điểm quốc gia của việt nam trực thuộc học viện chính trị quốc gia hồ chí minh một trường đóng tại thành phố hà nội trường chỉ có một cơ sở tại hà nội,1
trường có nhiều cây xanh và khuôn viên rộng rãi mát mẻ thân thiện với môi trường giúp bạn thư giãn sau những giờ học căng thẳng,2
khoa báo chí về cơ bản đào tạo ra những sinh viên rất năng động nhưng lại có nhiều điều tiêu cực đặc biệt là hạn chế quyền tự do ngôn luận của sinh viên thái độ của một số giảng viên rất thiếu chuẩn mực,0
mặc dù mình học trường khác nhưng mình vẫn thích ajc ajc 10đ,2
trung tâm đào tạo báo chí và giảng viên lý luận chính trị trên toàn quốc,2
hvbctt là nơi tôi đã học 4 năm tại việt nam các bạn cùng lớp luôn giúp đỡ tôi và các thầy cô luôn quan tâm đến tôi tôi sống ở đây rất hạnh phúc tôi đã dành cả sự nghiệp của mình ở lào và tôi sẽ nhớ về nơi này như là nơi đẹp nhất,2
học viện báo chí và tuyên truyền là trường đào tạo báo chí và truyền thông uy tín tại việt nam trường cung cấp các chương trình đào tạo chất lượng cao và đa dạng giúp sinh viên phát triển kỹ năng và kiến thức trong lĩnh vực,2
có bãi đậu xe rộng rãi bên ngoài sân trường,2
học viện bonsai từng được yêu thích thật đáng tiếc khi chính những người trẻ tuổi lại chọn cách chơi an toàn và không thử khi có cơ hội nhưng mọi thứ đều xảy ra đúng lúc,0
học viện báo chí tuyên truyền trên chặng đường phấn đấu xây dựng nhiều thế hệ thầy cô mang trong mình ngọn lửa yêu thương,2
đây là nơi đào tạo các sĩ quan tinh nhuệ,2
đến làm việc và bảo vệ trường học gây ra khó khăn hãy chỉ tay và đuổi anh ta ra ngoài,0
trường học có rất nhiều vấn đề,2
nhà trường báo 10 điểm nhưng lại không có,0
một nơi mà bạn khó có thể quên,1
học viện báo chí và tuyên truyền là trường đại học trọng điểm quốc gia của việt nam,2
nơi lấp đầy 4 năm tuổi trẻ đầy hoài bão,1
thái độ của nhân viên lễ tân rất thiếu học thức cô gái xinh nhưng thiếu học thức vì vậy hiệu sách nên xem xét lại nhân viên của mình,0
bay trong sự phong phú,2
ngày 10 tháng 2 năm 2023 tôi hy vọng mình có thể vào được ajc tôi xin lỗi vì các bạn đã vào đây vì điểm của trường quá cao nên tôi sợ mình sẽ không vào được,2
tôi đã đến trường mà không biết định hướng tương lai của mình nhưng các giáo viên đã giúp tôi tìm ra điều tôi thích các giáo viên thực sự tuyệt vời và yêu thích trường học,2
trường đào tạo ra những nhà báo có uy tín đóng góp to lớn cho sự nghiệp báo chí của đất nước nhiều nhà lãnh đạo đã từng học tập và công tác tại trường này,2
xin chào nếu tôi học tốt và đã xác nhận được ước mơ của mình cách đây 20 năm tôi chắc chắn có thể trở thành thành viên của,2
môi trường học tập chuyên nghiệp đội ngũ giáo viên trình độ cao nhiệt tình không gian trường học thoáng mát sạch sẽ,2
trường đào tạo nhiều tài năng trong lĩnh vực mc truyền hình báo chí môi trường năng động để sinh viên trải nghiệm tích lũy kiến thức và vốn sống,2
ngôi trường tôi đang học có không gian rất rộng rãi nhiều hoạt động sự kiện chất lượng giảng dạy tốt và gần đó có nhiều trường đại học khác như đại học thương mại đại học kinh tế đại học ngoại ngữ vv vì khu vực này có nhiều trường học nên thường xuyên xảy ra ùn tắc giao thông,2
đây là vị trí thành cổ hoài đức trước đây hình vuông với 4 pháo đài góc mở 3 cửa tây đông nam bao quanh là tường thành và hào nước thành có quy mô gần 200m trên,1
giáo viên và nhân viên tại trường rất hách dịch và cư xử như thành viên của đảng nhà nước nếu bạn muốn lãng phí 4 năm tuổi trẻ của mình hãy học ở đây,0
sáng ngày 138 học viện báo chí và tuyên truyền đã tổ chức hội thảo khoa học với chủ đề xây dựng cơ chế phòng ngừa đấu tranh chống lợi ích nhóm tham nhũng chính sách nhằm bảo đảm ổn định phát triển bền vững chế độ chính trị ở việt nam,2
học viện báo chí và tuyên truyền là môi trường thoải mái năng động phát huy thế mạnh của sinh viên và là nơi đào tạo nhiều nhân tài trong lĩnh vực báo chí,2
đào tạo cử nhân báo chí uy tín chất lượng khuôn viên nhiều cây xanh vị trí địa lý thuận lợi ngay trung tâm quận cầu giấy,2
môi trường giáo dục tuyệt vời,2
học viện chuyên đào tạo các ngành báo chí và chính trị ngoài ra còn có các khoa khác như xã hội học quan hệ quốc tế đội ngũ giảng viên nhiệt tình và rất giỏi chuyên ngành của mình,2
học sinh không được mang theo hình ảnh bản đồ việt nam với học sinh và tiến sĩ tối nay học sinh không được mang quốc kỳ vào trường tốt,0
học viện báo chí và truyền thông rất tuyệt lần đầu tiên bạn bước vào trường cảm giác như một công viên hoàn toàn khác biệt với sự ồn ào náo nhiệt bên ngoài hình ảnh đầu tiên bạn sẽ thấy là khối a1 với một cuốn sách mở bây giờ tôi đang học ở khối b9 là khối bên trong của khuôn viên trường,2
học viện báo chí và tuyên truyền là trường đại học trọng điểm quốc gia của việt nam trực thuộc học viện chính trị quốc gia hồ chí minh có trụ sở tại thành phố hà nội,2
một trong những lựa chọn của các thí sinh dự thi khối c thích viết lách làm việc ở báo đài truyền hình vv học viện có nhiều câu lạc bộ nổi tiếng một trong số đó là câu lạc bộ amc mà tôi muốn tham gia,2
là một sinh viên khoa phát thanh truyền hình của trường báo chí tôi rất tự hào khi nói với các bạn rằng các bạn sẽ không bao giờ hối hận khi bước vào ngôi trường này dù đi đâu các bạn cũng sẽ luôn ngẩng cao đầu khi được học ở một ngôi trường có những người chỉ cần cầm bút là gọi mưa gọi gió,2
học viện báo chí và tuyên truyền tên tiếng anh là academy of journalism and communication là trường đại học trọng điểm quốc gia của việt nam1 trực thuộc học viện chính trị quốc gia hồ chí minh trường đóng tại khu vực thành phố hà nội trường chỉ có một cơ sở tại hà nội,1
không gian trường học ngập tràn cây xanh tạo cảm giác thoải mái cho học sinh có nhiều góc sống ảo thần thánh,2
trường đào tạo ra những nhà báo nhà báo hàng đầu của cả nước tuy nhiên phương pháp giảng dạy của giáo viên không thân thiện với học sinh,0
đường đi hơi xa và nắng,0
kính gửi viện báo chí với những sự kiện liên tục với hello k với last minute với mọi thứ trong cuộc sống và các câu lạc bộ giàu có 3 và cả nghệ thuật gây sốc được yêu thích 3,2
ngôi trường có lịch sử là ngôi trường nổi tiếng nhất và đầu tiên đào tạo phóng viên nhà báo,2
tôi hy vọng năm nay tôi có thể thi vào học viện báo chí và tuyên truyền tôi có thể học ở đây ngồi trong giảng đường của học viện báo chí là có thật không phải mơ,0
chỉ cần đi ngang qua học viện là tôi đã ngửi thấy mùi tuyên truyền và thơ ca các sinh viên nuốt từng câu họ nói,1
lớn ngay đối diện thượng thủy không biết thế nào,0
học viện báo chí và tuyên truyền là trường đại học hàng đầu đào tạo báo chí tại việt nam,2
học viện báo chí cần trung thành với lý tưởng của đảng không trung thành với sự thật khách quan,0
học viện báo chí tuyên truyền là nơi đào tạo đội ngũ nhà báo biên tập viên cho các cơ quan báo chí việt nam,2
là một trường đại học trọng điểm,2
trường có nhiều truyền thống học tập hơn nữa khuôn viên trường cũng đẹp sạch sẽ,2
trường có quang cảnh rất đẹp tôi thực sự thích nó đặc biệt là bạn,2
trường có vị trí tốt và đội ngũ giảng viên chất lượng để đào tạo ra những phóng viên và nhà báo chất lượng,2
cho tôi hỏi trường có đào tạo chuyên ngành báo chí kết hợp văn học lịch sử và địa lý không,1
giảng viên rất thân thiện và gần gũi với sinh viên thật là một niềm vui khi được học ở đây trong 4 năm,2
ngôi trường rộng rãi thoáng mát nhưng quy hoạch chung không được đẹp mặc dù trường có vị trí khá đẹp,0
một nơi lý tưởng để theo đuổi ước mơ viết lách và hành trình tìm kiếm chân lý cuộc sống,2
trường rộng rãi là một trong những địa chỉ cấp chứng chỉ ngoại ngữ tiếng anh,2
trường tuyệt vời nhưng năm nay không có thang máy để đi,0
ngôi trường đào tạo ra những nhà báo uy tín nhất tại việt nam,2
bạn tôi đã học lấy bằng luật thứ hai để củng cố sự nghiệp viết lách của mình với tư cách là một nhà báo pháp lý,2
rất nhiều nhà văn sắc sảo xuất thân từ đây sinh viên báo chí nổi tiếng là sắc sảo,2
trường nhỏ thường xuyên tắc nghẽn nằm trên đường chính đi học vào giờ cao điểm rất khó khăn,0
nơi đào tạo ra những nhà báo chuyên nghiệp phục vụ cho nghề báo chí đất nước,2
tôi thực sự muốn tham gia kỳ thi tuyển sinh vào học viện báo chí và tuyên truyền,2
chất lượng đào tạo tốt khuôn viên đẹp và rất nhiều gái đẹp d,2
lễ tốt nghiệp ajc,2
kiến trúc rất đẹp sạch sẽ và thoáng mát với nhiều cây xanh,2
học báo chí và phát thanh là một lĩnh vực rất cần thiết và quan trọng với khoảng cách,0
chẳng trách chất lượng giáo dục cao nhưng khi tốt nghiệp chỉ có báo cáo,0
ajc là nơi đào tạo các biên tập viên và nhà báo tương lai,2
nơi đào tạo ngành xã hội học uy tín và chất lượng,2
ngôi trường giống như một công viên rất mát mẻ và yên tĩnh,2
có cơ sở vật chất tốt và công bằng trong kỳ thi,2
một ngôi trường đào tạo nhiều nhà báo và phóng viên,2
đây là nơi đào tạo những cây bút hàng đầu trong ngành báo chí,2
em hy vọng mình sẽ đỗ và học ngành truyền thông tại trường,2
một ngôi trường có học sinh viết rất tốt,2
nơi đây hội tụ nhiều người đẹp chất lượng đào tạo tốt,2
36 xuân thủy dịch vọng hậu cầu giấy hà nội trường có đội ngũ giáo viên chuyên nghiệp,2
chương trình đào tạo chính thức nâng cao cập nhật ứng dụng cao,0
trước cổng trường có một con robot giao thông hãy cẩn thận nhé,0
học viện báo chí và tuyên truyền trực thuộc học viện chính trị quốc gia hồ chí minh,2
môi trường học tập và nghiên cứu tốt giàu truyền thống,2
nơi đào tạo cử nhân cho ngành truyền thông việt nam,2
có rất nhiều đồ ăn ngon xung quanh trường 3,2
ngôi trường đào tạo ra những nhà báo tài năng,2
cơ sở đào tạo chất lượng và uy tín vị trí thuận tiện cho việc đi lại,2
là một trường đại học trọng điểm quốc gia,2
thực phẩm tươi ngon,2
tôi muốn hỏi xem có chính sách miễn giảm học phí không,0
tuyệt vời nơi này giống như ngôi nhà thứ hai của tôi,2
nhiều nhà báo đã được đào tạo quá mức ở đây,0
học viện báo chí tuyên truyền có trụ sở tại 36 xuân thủy cầu giấy,2
5 sao cho tờ báo v nghiên cứu về nấm so với mặt trời ở đây,2
trường hàng đầu về truyền thông và báo chí,2
hãy thử trở thành học viên của học viện,0
một ngôi trường tử tế và dịu dàng như vậy bạn chỉ có thể bước vào ngôi trường này,2
mk dg rất có thể là một học sinh của trường,2
ngôi trường trông khá đẹp có chương trình đào tạo tốt và thú vị,2
đào tạo những người viết giỏi và những người nói chuyện cực kỳ giỏi,2
sinh viên báo chí đang giết nhau như gió,0
bạn muốn đi đến com của ai,1
ngôi trường đào tạo ra những nhà báo nổi tiếng,2
trường báo chí tại hà nội,1
bạn tôi cũng học,1
trường học có thể dạy nhưng thường xuyên bị kẹt xe,0
tôi nghe các báo cáo và chương trình phát sóng ở việt nam,1
học viện báo chí và truyền thông,1
học viện bc và tt có nhiều cây xanh,2
woo woo kênh max vẽ râu học ở đây,0
trường đào tạo chất lượng cao,2
sớm,0
nơi đào tạo ra nhiều nhà báo giỏi,2
tôi sắp đi học rồi ajc cố lên,1
khu vực trường học có nhiều cây xanh và rất đẹp,2
tốt đẹp tốt,2
báo chí đẹp vì có bạn ở đó,2
nơi đào tạo các nhà báo và nhà văn,1
nhiều sinh viên ở đây rất xinh đẹp,2
đừng học,0
môi trường đẹp sạch sẽ và gọn gàng,2
ngôi trường mơ ước của tôi,2
học viện rất tốt bạn của tôi,2
các giảng viên và sinh viên giảng dạy tốt,2
học viện báo chí và tuyên truyền 36 xuân thủy dịch vọng hậu cầu giấy hà nội,2
trường đào tạo tốt,2
chỗ đậu xe ô tô rộng rãi,2
được rồi ước mơ trở thành một nhà báo,2
address 36 xuan thuy dich vong hau cau giay hanoi,2
nuôi dưỡng tài năng trẻ,2
bong học ở đây,0
vừa phải,2
trường đẹp quá thanh bình quá,2
truyền thống lâu đời,0
đã từng đến đây rồi,1
giảng dạy tốt,2
tôi đã ghé thăm,1
ngành công nghiệp tốt nóng,2
đào tạo báo chí,2
khuôn viên trường sạch sẽ và gọn gàng hy vọng sinh viên sẽ có thể đóng góp vào sự phát triển công nghiệp của việt nam,2
trường đại học công nghiệp hà nội từng bước đi đầu trong đào tạo kỹ sư kỹ thuật viên trình độ cao cung cấp nguồn nhân lực công nghệ cao cho các nước phát triển và nguồn lực cần thiết cho ngành công nghiệp trong nước,2
tôi yêu trường tôi,2
bắt đầu mới tại trung tâm tiếng hàn năm 2018 tất cả học viên đều rất đam mê học tập và rất tích cực thể hiện sự tò mò của mình,2
thích hợp để học tập hoặc lướt internet vì ở đây có wifi và bạn có thể truy cập miễn phí,2
sinh viên đại học rất lười biếng,0
hoc bạn chính là ngày bạn bị cấm,0
khu vực này hơi hẹp,0
co ban gai tui hoc o day ma,2
trường đào tạo kỹ sư thực hành tốt,2
khuôn viên sạch sẽkhu vực không hút thuốc,2
đây là một trường đại học tốt thoải mái,2
học sinh tốt,2
tuyệt vời d,2
thật tốt và đẹp,2
đại học công nghiệp hà nội là trường tốt,2
lào tốt,2
nơi tốt để ghé thăm,2
đại học công nghiệp hà nội,2
new zealand,1
tàu tốt,2
nơi để trưởng thành,1
trường học cũ,0
đánh giá về đại học công nghiệp hà nội sự lựa chọn tuyệt vời cho tương lai đại học công nghiệp hà nội tọa lạc tại số 298 phố cầu diễn bắc từ liêm,2
cô giáo tóc dài ngang vai mặc váyáo sơ mi màu hồng phòng 110 a2 khung giờ 930 sáng 1030 sáng thái độ không chuẩn mực trong việc xử lý cv với học sinh,0
bất kỳ ai có ý định học kinh tế tại một trường kỹ thuật như công nghiệp nên dừng lại,0
khuôn viên trường rộng rãi thoáng mát có giảng đường lớn được trang bị đầy đủ các thiết bị giảng dạy và nghiên cứu thư viện lớn với nhiều đầu sách là nơi lý tưởng để sinh viên học lý thuyết và học tập ký túc xá rộng rãi thoáng mát có nhiều phòng nhiều tiện nghi sinh hoạt học tập và giải trí,2
trường lol đào tạo sinh viên ồ ạt để lấy học phí khiến họ thất nghiệp,0
nói chung trường ổn như một số anh chị em nói có nhiều vụ bê bối ở đây và ở đó học ở đây giáo viên ổn nhưng học phí hơi đắt,1
cơ sở vật chất kém giảng viên trả tiền học phí học phí không đắt hơn trường tư,0
mặc dù tôi không thể học tiếng anh tôi vẫn phải đi học lớp tiếng anh tôi không thể yêu cầu quay lại lớp giáo dục phổ thông ne,0
tôi hy vọng lứa học sinh tiếp theo có thể đọc được bài này hoặc có thể bất kỳ cán bộ chức năng nào cũng có thể đọc được hiện nay ở trường học có một trường hợp sau khi học xong một lớp các em sẽ mua quà hoặc đưa tiền mừng tết để hối lộ giáo viên các em sẽ là,0
học phí tăng nhanh chóng năm 2015 chỉ khoảng 195k anh ấy đã từng phàn nàn về việc học phí tăng nhanh và bị xóa khỏi nhóm facebook của khoa,0
nhà trường luôn năng động trong việc đổi mới để theo kịp nhu cầu của doanh nghiệp từ đó tạo cơ hội cho sinh viên tốt nghiệp,2
phải công nhận là học sinh ở đây xinh thật,2
trường có nhiều thành tích trong lao động cạnh tranh và là trường đào tạo ngành cơ điện tử đáng mơ ước của sinh viên,2
nhà trường không có trách nhiệm với sức khỏe và tính mạng của học sinh thông tin về việc vệ sinh trường học và phun thuốc khử trùng là sai sự thật đây là hình ảnh lớp học sau khi được vệ sinh,0
trường tọa lạc tại đường 32 nằm cạnh trung tâm sát hạch giấy phép lái xe thuận tiện cho những người muốn lấy giấy phép lái xe,2
298 cầu diễn hà nội là ngôi trường có bề dày lịch sử các hoạt động dành cho học sinh được tổ chức thường xuyên giúp học sinh phát triển khả năng tư duy sáng tạo,2
trường đại học công nghiệp hà nội đào tạo nhiều ngành nghề đặc biệt là công nghiệp điện tử điện lạnh cơ điện tử hàn và các ngành kinh tế khácvv,2
tôi được đào tạo bài bản bạn tôi ở trường này chuyên trồng rau anh ấy học dốt và giả vờ dốt là giỏi,0
trường tôi trường đang phát triển nhanh chóng mặc dù vẫn còn một số điểm tiêu cực như,2
tôi đã từng học ở đây một số môn học cần học trước,0
tôi đã từng học ở trường này nhìn chung việc đào tạo sinh viên về các hoạt động ngoại khóa khá tốt học phí ở đây không quá cao so với mặt bằng chung có 3,2
trường đại học công nghiệp hà nội tên tiếng anh hanoi university of industry viết tắt haui là trường đào tạo đa cấp đa ngành định hướng thực hành trực thuộc bộ công thương được nâng cấp thành trường đại học vào năm 2005 trường đại học công nghiệp hà nội,1
học phí quá đắt so với chất lượng giảng viên,0
đại học công nghiệp hà nội haui môi trường học tập tốt đặc biệt là ngành cntt chuyên ngành của tôi thầy cô tận tâm và bạn bè thân thiện 1 góc sân tennis,2
cơ sở vật chất tốt hình ảnh từ nhiều năm trước,2
trường học như quả bưởi tôi khuyên bạn không nên học ở đây,0
đây là một trong những trường đại học có số lượng sinh viên đông nhất cả nước với nhiều cơ sở trên toàn quốc nhưng mình chỉ đến thăm cơ sở ở hà nội nhìn chung trường đẹp khuôn viên rộng và ký túc xá,0
trường đại học công nghiệp hà nội nơi chúng tôi khoa cơ khí lớp 2 khóa 7 đã học tập rèn luyện và trưởng thành yêu bạn mãi mãi 3,2
đông đúc sinh viên chợ sầm uất giá cả tốt hơn khu vực nội thành,2
trường đại học công nghiệp d học viện hoàng gia nhơn v tôi đã tốt nghiệp,2
trường đại học công nghiệp hà nội 河内工业大学 trường không ngừng đổi mới để phù hợp với thực tế luôn kết hợp lý thuyết với thực hành,2
tôi không biết phải chỉ trích điểm nào vì tôi không chỉ trích điểm nào cả,0
tôi có người thân đang học ở trường này phải gọi là quá tệ đáng lẽ phải học bách khoa uet thì tốt hơn trường này vừa thô lỗ vừa đắt đỏ giảng viên kiếm tiền công khai ngày càng có nhiều ngành nhỏ không trọng điểm mở ra,0
cũng khá ổn tòa nhà a1 không đánh số rõ ràng hơi khó tìm các phòng ban khu vực có vẻ ổn đường đi qua trường có nhiều xe lớn nên rất bụi,0
trường có cơ sở vật chất tốt và chất lượng giảng dạy khá tốt,2
nhà trường dành quá ít thời gian cho học sinh giáo viên không hỗ trợ học sinh khi cần học phí cao nhưng chương trình học không xứng đáng nhân viên bảo vệ trường có thái độ không tốt với học sinh bao gồm cả lời lẽ xúc phạm la hét và đôi khi ném xe của học sinh,0
ngôi trường này có truyền thống lâu đời ký túc xá rộng và đẹp nhà vệ sinh rất tốt tỷ lệ việc làm sau khi tốt nghiệp cao thật không may tôi không thể theo học toàn bộ khóa học,2
trường rất rộng và có bãi đỗ xe đây cũng là cơ sở chính của trường đại học công nghiệp nơi này có vẻ đẹp là xếp hàng khi vào thang máy,2
cơ sở vật chất tốtrất ấn tượng với ngôi trường này trường có những giáo viên rất nhiệt tình và những học sinh xuất sắc của trường thật đáng ngưỡng mộ,2
tuy còn nhiều thiếu sót nhưng 4 năm học ở đây đã mang lại cho tôi nhiều kỷ niệm đẹp với bạn bè thầy cô và cả người tôi yêu,2
mỗi trường đều có chất lượng học tập tốt và giảng dạy hiệu quả,2
trường học lớn đẹp và rộng rãi cơ sở vật chất đầy đủ các cô gái ở trường tôi rất xinh đẹp,2
trường có số lượng học sinh khá đông và trường có 3 cơ sở 2 cơ sở tại hà nội và 1 cơ sở tại hà nam,1
đầu tiên là đau khổ sau đó là hạnh phúc rồi mới giàu có,1
đại học công nghiệp chon bên ngoài cổng trường có rất nhiều người bán đồ ăn xiên que bẩn và nước ép đầy giờ học cực kỳ đông đúc và có nhiều xe công cộng chạy qua trên đường rất nguy hiểm,0
xin chào các bạn local guide tôi hy vọng các bạn không sao chép đánh giá của nhau và tài khoản của bạn sẽ bị xóa vui lòng đóng góp thay vì spam thông tin vô nghĩa cho cộng đồng,0
trường cung cấp đào tạo trong nhiều lĩnh vực,2
thiên nhiên việt nam,2
nhiều tòa nhà cao tầng nhưng thiếu không gian xanh trường có sân tennis và khu thể thao trong nhà,0
đại học công nghiệp chán ngắt cạnh tranh đăng ký lớp học 9 tháng giờ nhìn lại trường hủy 3 môn nhưng lấy lý do không đủ sinh viên,0
học viên các khóa đều nói rằng trong quá trình huấn luyện quân sự ăn cơm do nhà trường nấu không đủ no so với số tiền tương đương bỏ ra để ăn ngoài nếu đã đến tuổi đi học nếu ăn mà thấy đói thì lấy đâu ra sức học,0
trường học lành mạnh có nhiều học sinh,2
trường học thoáng mát sạch sẽ có khu phức hợp tiện nghi học tập thể thao thư viện giảng đường đều rất ổn,2
đại học bách khoa hà nội môi trường giảng dạy xanh sạch đẹp,2
trở thành sinh viên haui để tham gia câu lạc bộ nghệ thuật hac đây là nơi để bạn thể hiện tài năng của mình ca hát nhảy múa nhảy và khiêu vũ,2
ở trường trong phòng thí nghiệm,1
cơ sở vật chất tốt ngành cơ khí chiếm ưu thế và là nguồn cung cấp nhân lực lớn cho các khu công nghiệp nhật bản hàn quốc tại việt nam,2
ngôi trường có biết bao kỷ niệm tuổi thơ của tôi,2
một ngôi trường tuyệt vời mang đến cho học sinh nhiều trải nghiệm đáng nhớ trong suốt hành trình,2
nếu trường không dạy tốt tôi sẽ xếp trường xuống hạng và bêu xấu các giảng viên về tội hút máu học sinh trường đã đổ nát trong vài năm qua hiệu trưởng đã rút cạn,0
giảng viên thì ổn và bài học khá phù hợp với công việc của tôi cơ sở vật chất cũng khá ổn và thoáng mát thang máy hơi chậm tuy nhiên cho 2 sao vì trường tăng học phí cực kỳ chậm việc tăng,0
chất lượng giảng dạy kém khó khăn trong việc đăng ký môn học một số giáo viên gây khó khăn cần hối lộ,0
trường có môi trường tốt cho sinh viên thực hành và học tập,2
hiệu trưởng mới chắc chỉ ngồi đó nghĩ cách moi tiền học sinh thôi ngoài ra trường này nổi tiếng là học sinh lấy tiền giảng viên ngồi nói chuyện với 10 em học sinh năm 3 năm 4 cả 10 em đều nói phải chi tiền cho điểm đi đẹp lắm,0
ngôi trường này cũng khá lớn và học sinh rất năng động,2
ngôi trường lớn đẹp sạch sẽ và có những tình nguyện viên vui tính và nhiệt tình,2
trường có giáo viên tốt một số giáo viên không có tâm cơ sở vật chất tốt có máy lạnh học phí cao học hay không tùy bạn nên học,0
có nhiều cửa hàng bán đồ ăn nhẹ đa dạng ở cổng trường gần trạm xe buýt,2
trường xa quá nên học sinh phải học ở hà nam ghét lắm,0
nhà trường tăng học phí mà không có thông báo chỉ có 1 câu 1 chữ sinh viên đã nộp tiền nhưng vẫn trả lại để tăng học phí một trường kỹ thuật làm ăn như thế này thì tệ đến mức nào,0
nhà trường tự ý tăng học phí một năm tăng 2 lần không báo trước giờ lại tự ý hoàn trả học phí cho sinh viên đã đóng bắt họ phải đóng lại theo mức tăng học phí thật là rác rưởi,0
trường học rất tốt và có đầy đủ tiện nghi cho học sinh,2
cổng phụ của trường đại học công nghiệp hà nội cổng này là cổng ký túc xá,1
nếu bạn gọi đến số hotline bạn sẽ đăng ký nếu bạn có số có thể gọi được bạn có thể nói 2 câu rồi tắt máy sau đó gọi lại và bạn sẽ đăng ký thật là vô học tôi không biết phải làm gì với số hotline,0
trường học của tôi rất ổn,1
đại học công nghiệp,2
điểm thi ảo ma vc trong khi học và làm bài kiểm tra rất cẩn thận học phí đang tăng nhanh,0
trường học hiện đại sạch sẽ,2
các giáo viên trong trường rất nhiệt tình nhưng một số giáo viên lại khá kén chọn và thường kiếm tiền từ các cựu sinh viên,0
học phí ở đây khá cao nhưng điểm lại cao chất lượng kém bạn không nên học ở đây,0
đọc và xem mô tả chúng ta thấy đây là môi trường học tập rất tốt cho tất cả sinh viên đã chọn nghề nghiệp để học hỏi và phát triển bản thân,2
trường như c do một sinh viên năm 3 chia sẻ tôi dành tặng cho những sinh viên muốn vào học trong tương lai,1
điểm số cao ngang với học phí của trường các giáo viên luôn khoe khoang về số tiền của trường nhưng thang máy thì không thể xử lý được tòa nhà 56 tầng leo lên sml vào mùa hè và tôi là một chàng trai tôi cảm thấy tội nghiệp cho các cô gái luôn luôn năm nhất,0
khuôn viên rộng nhiều khoa đào tạo cạnh bên là trường dạy lái xe nên rất tiện lợi,2
cảm ơn đã cho em một môi trường để học tập và rèn luyện với một ngôi trường có đầy đủ tiện nghi với 3 cơ sở vật chất,2
học phí tiếng anh cao học 4 năm để lấy bằng thì cực kỳ khó để qua môn học phí cao nhưng học không hiệu quả học phí các môn khác cũng vậy tôi thực sự khuyên bạn không nên học trường này vì chỉ tốn tiền,0
trường cung cấp đào tạo nhiều lĩnh vực kỹ thuật,2
khu vực cs 3 max rộng đến mức làm chân tôi mỏi nên học phí cho sinh viên nên được giảm,0
khuôn viên trường rộng rãi giảng đường thoáng mát được trang bị đầy đủ các thiết bị giảng dạy và nghiên cứu thư viện rộng với nhiều đầu sách là nơi lý tưởng để sinh viên học lý thuyết và học tập,2
trường đại học công nghiệp mọi người những ai quan tâm đến việc học các lĩnh vực kỹ thuật nên cân nhắc nhưng hãy tránh các lĩnh vực khác,0
đội ngũ nhân viên của trường rất nhiệt tình trong công tác tư vấn tuy nhiên em mong muốn nhà trường tạo điều kiện thuận lợi hơn nữa cho các em học tập và thi tuyển sinh tại trường,2
môi trường này đáng giá bằng 4 năm đại học,1
ngôi trường đẹp và rộng rãi có khu vực a và b,2
ngôi trường tuyệt vời cho cuộc sống sinh viên,2
đừng vào trang này trang web của trường giống như cc lúc lên lúc xuống bạn có thể dạy ai,0
khuôn viên trường rộng thư viện lớn với nhiều đầu sách thuận tiện cho sinh viên nghiên cứu và học tập sinh viên được đào tạo bài bản hoàn thành nhiệm vụ ký túc xá rộng rãi thoáng mát có nhiều phòng nhiều tiện nghi sinh hoạt học tập và giải trí,2
nếu bạn mở khóa học và không báo cáo bạn sẽ trượt và không thể tốt nghiệp tôi chán ngấy cách làm việc của trường,0
dịch covid khó khăn chung khắp nơi nhà trường đã cho học sinh nghỉ học chỉ tập trung dạy học trực tuyến ít nhất là 4 tháng nay từ 304 nay,0
chán quá vote 1s,0
trường đại học công nghiệp có số lượng sinh viên lớn thứ 2 cả nước ký túc xá của trường như một căn hộ mini khuôn viên trường được chia thành nhiều khu vực rất thuận tiện cho việc tìm kiếm sinh viên mới,2
thật đáng tiếc khi nhà trường tự ý tăng học phí mà không thông báo cho sinh viên,0
nơi tốt để đào tạo kỹ thuật công nhân có tay nghề cao ticahanoicom,2
thay vì nâng cao chất lượng để đáp ứng chuẩn đầu ra tiếng anh theo quy định chặt chẽ của bộ giáo dục và đào tạo đại học công nghiệp hà nội lại tạo ra các kỳ thi chứng chỉ đầy rẫy sự gian dối,0
đánh giá trường 1 sao vì thành phố new york học rất kém nhưng vẫn chậm tiến và thường xuyên nói dối,0
một trong những trường lớn nhất khu vực phía bắc ngành nghề đào tạo đa dạng chuẩn mực sinh viên tốt nghiệp có cơ hội việc làm cao,2
cơ sở vật chất của trường tốt nhưng đầu vào và đầu ra của sinh viên không cao không có quản lý sinh viên tốt tình trạng học thay sinh viên thuê sinh viên rồi lấy bằng diễn ra thường xuyên đạo đức nhà giáo nhiều trường hợp chửi bới xúc phạm sinh viên đã diễn ra,0
trường đại học công nghiệp hà nội có 03 cơ sở đào tạo với tổng diện tích gần 50 ha cơ sở 1 chính tại số 298 phố cầu diễn quận bắc từ liêm thành phố hà nội cơ sở 2 tại phường tây tựu quận bắc từ liêm thành phố hà nội,1
trường đại học có rất nhiều tài năng trong mmo có thể chất lượng của trường này ở mức trung bình nên nhiều người làm mmo và kiếm được nhiều tiền,2
chỉ một từ sạch thôi trường rất sạch chỉ thiếu một chút cây xanh trang thiết bị tốt và học phí cũng chấp nhận được có lớp học riêng chất lượng cao dành cho những gia đình có điều kiện,2
trường đại học công nghiệp hà nội là trường đại học công lập đa cấp đa ngành thực hành trực thuộc bộ công thương nhiều kỹ sư của trường đã và đang hỗ trợ nghiên cứu sản xuất sản phẩm tỏi đen tỏi kim cương đông á,2
trường học hiện đại có nhiều máy tính phục vụ cho việc học tập và nghiên cứu của sinh viên đặc biệt ngành kỹ thuật cơ khí là ngành mũi nhọn của trường và được trang bị đầy đủ các thiết bị hiện đại giúp sinh viên ngành kỹ thuật cơ khí học tập và ứng dụng tốt hơn,2
trường dạy kèm không khác gì trường tư họ chỉ tuyển sinh ồ ạt mà không quan tâm đến chất lượng đào tạo,0
đây là khu a trường đã có khu c tại phủ lý hà nam rộng gấp 5 lần khu a rất đẹp và sạch sẽ tất nhiên là có rất nhiều cây xanh có một số khoa năm nhất sẽ học ở khu a rồi chuyển đến,1
đào tạo chưa tốt nhiều giáo viên dạy để lấy tiền của học sinh,0
đây là một trường đại học nổi tiếng tại hà nội không gian trường học thoáng mát khu vực để xe lộn xộn vào giờ cao điểm gây khó khăn cho việc di chuyển,0
trường có 2 cổng nhưng chỉ có một cổng mở đỗ xe bên ngoài trước cổng an ninh 5km bên trong bên trong xếp hàng để lấy xe mất nhiều thời gian bên ngoài thì nhanh hơn,0
trường có 3 cơ sở tôi nghe nói rằng những người bạn học kỹ thuật cơ khí chế tạo máy đang cố gắng xin học bổng để đi nhật bản thấy khá thú vị trường đã khôi phục lại thương hiệu robocon cũ của mình cho,2
địa điểm học tập trường rộng rãi rộng rãi cơ sở vật chất phục vụ cho việc học tập tốt nhưng không gian hạn chế vì thiếu nhiều cây xanh và sân chơi để thư giãn,0
điểm chuẩn xét tuyển vào trường đại học công nghiệp hà nội năm 2016 tiêu chuẩn xét tuyển vào trường đại học công nghiệp hà nội năm 2016 chính thức,1
trường đại học công nghiệp hà nội là trường đào tạo đa ngành đa lĩnh vực đa ứng dụng đa thực hành trực thuộc bộ công thương được nâng cấp thành trường đại học vào năm 2005 trên cơ sở trường cao đẳng công nghiệp hà nội,2
phát triển ngày càng mạnh mẽ bổ sung thêm nhiều chuyên ngành đào tạo nâng cao chất lượng và cơ sở vật chất hiện đại khang trang tuy nhiên số lượng sinh viên hơi đông nên chưa thực sự hiệu quả,0
đây là một ngôi trường rất phát triển trong thập kỷ qua ngôi trường này tập trung vào phát triển kỹ năng chứ không phải nghiên cứu chuyên sâu điều này hoàn toàn phù hợp trong bối cảnh đối thủ cạnh tranh của nó là đại học bách khoa hà nội quá mạnh về nghiên cứu và uy tín,2
mọi người và các anh chị đang học ở trường cho em hỏi học ở trường có ổn không khoa kế toán có ổn không em mong mọi người giúp đỡ em,1
một trong những trường tốt để học trường có 3 cơ sở a nhổn b tây tựu c phủ lý học sinh học tại trường sẽ được đào tạo 1 năm tại khu vực c,2
tốt nghiệp và nhận bằng đại học ở đây tôi vẫn nhớ lớp khoa học máy tính 3 và 4 cảm ơn đặc biệt đến giáo viên chủ nhiệm đã giúp đỡ tôi rất nhiều,2
mọi bình luận đều khen ngợi trường khi bạn vào bạn sẽ biết tại sao lại có tiền ở đó mẹ ơi hãy nghỉ ngơi và để nó lành lại cơ hội tìm được việc làm hay không là tùy thuộc vào bạn,2
một nơi đã dạy cho tôi nhiều bài học,1
trường có chất lượng tốt số lượng sinh viên đông và tỷ lệ sinh viên tốt nghiệp có việc làm cao,2
bãi đỗ xe quá chật chội thái độ của nhân viên bảo vệ không thân thiện tôi không dám quay lại lần thứ 2,0
đây là ngôi trường mà tôi sẽ theo học trong tương lai gần và tôi cũng rất hào hứng về cuộc sống tương lai của mình khi gắn bó với ngôi trường này,2
chất lượng đào tạo kém giảng viên thiếu chuyên nghiệp chấm bài mà không thèm đọc chỉ dựa vào đáp án dẫn đến chấm nhầm đáp án của bài khác,0
trường có cơ sở vật chất trang thiết bị hiện đại nhiều chuyên ngành phù hợp chất lượng đào tạo tốt,2
đại học công nghiệp đã có khoa tiếng anh từ năm 2014 sinh viên hiện có nhiều lựa chọn hơn,1
quy hoạch hiện tại của trường đại học thành đô rất đẹp khuôn viên trường thoáng mát đào tạo tất cả các chuyên ngành dễ xin việc,2
tôi đã từng đến trường này 10 năm trước tôi cảm thấy nơi này hơi xa nhưng bây giờ giao thông rất tốt nên tôi cảm thấy gần rồi,1
đã từng học tại trường đại học công nghiệp hà nội cơ sở vật chất tốt mỗi phòng học đều có máy chiếu loa mic đèn chất lượng đào tạo khá tốt,2
góc chụp từ tầng 14 của tòa nhà a1,1
ghét trường học nhiều tiện nghi làm phiền học sinh đi lại,0
trường học thực sự thiếu bãi đậu xe đỗ xe khắp trường đỗ xe ở đâu thì đỗ ở đó,0
học sinh ở đây được đào tạo rất tốt đặc biệt là ny của tôi,2
trường đào tạo quá kém thực hành chỉ dành cho chs,0
trong trường hợp như l nếu bạn trả tiền thì bạn có quyền trả nếu bạn không trả thì bạn cũng phải ghi công cho t,1
bạn muốn học đại học ở đây không biết chất lượng giảng dạy ở trường hiện tại thế nào,0
thiết kế và bố trí tòa nhà không khoa học mạng wifi phủ sóng rộng nhưng không sử dụng được,0
quy mô và đầu tư lớn rất khác so với thời tôi còn đi học,1
đây là một trong những trường đại học hiện đại sạch sẽ đẹp và thoải mái,2
nhiều bãi đậu xe giao thông thuận tiện nhưng hơi xa và có lẽ phải mất vài năm tình trạng tắc nghẽn giao thông mới giảm bớt,0
đây là cơ sở 1 của trường đại học công nghiệp hà nội rất nhiều sinh viên,2
tôi đã sống và học tập ở đây suốt 4 năm thời trẻ đã mất mát và đạt được,0
ngôi trường này đã nhận được khoản đầu tư xây dựng lớn nhất trong 5 năm qua,2
cho em hỏi học phí hiện tại của ngành cơ điện tử ở trường là bao nhiêu ạ,1
trường ngày càng khẳng định vị thế trên bản đồ các trường đại học tại việt nam,2
bạn có thể cho tôi biết tôi nên học may ở trường này hay ở trường đại học dệt may hà nội không,0
nhà trường đang có tốc độ tăng trưởng và tầm nhìn tốt,2
xin vui lòng cho tôi biết học phí 1 năm là bao nhiêu,1
học phí ngày càng đắt đỏ,0
có ai có thể cho tôi biết nên học ở đâu vào năm 2015 nếu tôi trúng tuyển nv1 năm đầu tiên không,0
học phí đắt đỏ nên bạn phải trả tiền cho giáo viên để vượt qua môn học,0
tôi xin cho biết trường đại học công nghiệp sản xuất bao nhiêu cây cao su ở cấp trung ương,2
trường có nhiều ngành nghề để sinh viên lựa chọn,2
tầm nhìn khá tốt,2
đây là ngôi trường đào tạo ra nhiều kỹ sư giỏi,2
tôi vừa đánh mất một thứ gì đó ở cổng trường và hiện lên dòng chữ 1,1
vì mink cũng là sinh viên trường chuyên nghiệp nên mink thích vì trên trang này không có ai mink thích mink chỉ thích người mà mink có và đang theo dõiok,2
khá tốt có nhiều thiết bị hiện đại đắt tiền để học tập,2
cơ sở vật chất tốt có ký túc xá và căng tin hiện đại,2
tôi đang học hóa học ở trường của tôi,1
cơ sở vật chất hiện đại nhiều khu vực đào tạo,2
bụi bặm bụi bặm hơi bừa bộn,0
nhiều khi gg chỉ đến ngõ cụt,0
tôi không cảm thấy khỏe,0
ngôi trường to rộng rãi thoáng mát,2
trường đại học trẻ với nhiều tiềm năng to lớn,2
trải nghiệm tồi tệ khi đến thăm trường đại học này,0
đại học phenikaa là một tổ chức thực sự hướng đến nghiên cứu mặc dù còn trẻ hướng đến sự xuất sắc trường đã được đầu tư thỏa đáng về cả tài sản vật chất và vốn trí tuệ trường có nhiều,2
một trong những trường đại học tốt nhất,2
trường đại học tuyệt vời với đội ngũ giáo viên chuyên nghiệp,2
sdas,0
hkl,2
trường đẹp hiện tại không thua kém gì các trường ở nước ngoài nhiều cây xanh giáo viên thân thiện và nhiệt tình bạn có thể chọn phenikaa để học rất tốt,2
khi mới vào trường tôi khá ấn tượng với quy mô của trường cơ sở vật chất tốt về kiến trúc cảnh quan và quy hoạch,2
học sinh của trường vui vẻ và nhiệt tình khuôn viên trường đẹp và sạch sẽ,2
trường có cơ sở vật chất hiện đại khuôn viên rộng rãi đẹp môi trường học tập chuyên nghiệp phù hợp để sinh viên phát triển kỹ năng và kiến thức đội ngũ giảng viên nhiệt tình và chương trình giảng dạy đa dạng giúp sinh viên chuẩn bị tốt cho sự nghiệp của mình,2
ngôi trường lớn và rộng lối vào trường rộng và có rào chắn ngang để người ngoài không thể vào trường,2
sinh viên thân thiện cơ sở vật chất hiện đại đạt chuẩn quốc tế,2
hỗ trợ mất nhiều thời gian nhưng thanh toán thì nhanh nếu có quá nhiều học viên và chuyển sang coursera thì hãy giảm học phí nếu bạn trả tiền cho giảng viên để yêu cầu học viên tự học thì tại sao bạn phải trả tiền coursera toàn là trợ giảng không phải người việt nam,0
k18 tuyển sinh môn giáo dục thể chất và nhà trường sử dụng công nghệ nhận dạng khuôn mặt nhưng không thể nhận ra khiến học sinh phải di chuyển quãng đường dài và tốn nhiều thời gian,0
đây thực sự là một môi trường tuyệt vời cho sinh viên cơ sở vật chất và chất lượng giảng viên tốt học phí vừa phải và không quá cao so với các ngành học phổ biến một số ngành học có học phí hơi cao nhưng xứng đáng các hoạt động trong đời sống sinh viên khá thú vị,2
trường có khuôn viên rộng thiết kế hiện đại phòng học hiện đại các hoạt động ngoài trời sân tennis bóng đá và các chương trình liên kết với uw bristol và u england,2
trường theo đuổi mô hình trường đại học công nghệ và chuyên nghiệp nhưng hệ thống công nghệ thông tin và quản lý đào tạo cực kỳ nghiệp dư vì một phần của trường chỉ đang dần phát triển mọi thứ trong,0
ngôi trường rất sang trọng đội ngũ nhân viên và giáo viên tuyệt vời,2
học phí đắt đỏ nhiều khoản thu không minh bạch nếu muốn thu của học viên chỉ cần một thông báo không quan tâm đến phụ huynh học viên khó kiếm tiền người dân chỉ biết lo cho cuộc sống cơ sở vật chất thì,0
địa điểm tổ chức vòng bán kết giải bóng đá 7 người vug10 trường rất lớn và trông hiện đại có xe điện tự lái,0
tôi là sinh viên phenikaa k15 chuyên ngành quản trị kinh doanh chất lượng cơ sở vật chất của trường là điều tôi rất tự hào sang trọng và tiện nghi,2
cơ sở vật chất tuyệt vời đội ngũ giảng viên chất lượng cao chủ yếu tốt nghiệp từ các nước tiên tiến,2
tôi không có nhiều cơ hội đến thăm các trường đại học ở miền bắc nhưng đây thực sự là một ngôi trường ấn tượng có thể thấy ngôi trường này được đầu tư và dành nhiều tâm huyết diện tích rộng tòa nhà mới và đẹp,2
tôi từ một trường đại học khác đến thăm phải thừa nhận rằng đây là một trong những trường đại học có cơ sở vật chất đẹp và đạt chuẩn nhất tôi đã đi xem hàng chục trường đại học từ hàng đầu đến tư thục tôi chưa từng thấy một ngôi trường nào đẹp như thế này,2
trường đại học có khuôn viên và cơ sở vật chất tuyệt vời khuôn viên trường rộng rãi có 2 tòa nhà cao tầng và những dãy nhà được thiết kế đẹp mắt với màu cam nổi bật,2
trường có cơ sở vật chất tốt và đội ngũ giảng viên rất có trình độ ngoài ra khuôn viên trường rất đẹp và sạch sẽ yêu trường,2
tiền thân của trường đại học phenikaa là trường đại học thành tây trường có khuôn viên rộng rãi đẹp và hiện đại trường đã xây dựng mới các giảng đường ký túc xá sân vận động thể thao như,2
phản hồi của trang trường rất thiếu chuyên nghiệp tôi không thể đến hà nội nên phải tìm kiếm trực tuyến khi tôi nhắn tin để hỏi một câu hỏi rất cơ bản và đơn giản giáo viên trên trang đã gửi cho tôi một tin nhắn rất máy móc hãy đến trường và hỏi hoặc,0
cảm ơn trường đã cho em gặp được tình yêu của đời mình khi em bị đá em quay lại để đánh giá 1 giây sau,2
trường đẹp mượt mà thủ tục đi làm hơi phức tạp,0
trang web của trường bị lỗi khi tôi đang xem lịch thi để chuẩn bị cho kỳ thi tôi không thể truy cập wifi của trường tôi hơi hối hận khi đăng ký,0
ngôi trường đẹp đội ngũ giảng viên chất lượng cao chủ yếu là tiến sĩ từ các nước tiên tiến và các trườnghọc viện hàng đầu trong nước,2
trường đại học siêu lớn đẹp và đầy đủ tiện nghi đội ngũ giảng viên trẻ trình độ cao nhiệt tình cơ sở vật chất tốt trang thiết bị hiện đại,2
chương trình học và thi cử quá nhanh và gấp gáp sinh viên không có thời gian ôn thi và tiếp thu kiến thức thu tiền nhanh chóng,0
đây là trường tư nhưng mình thấy học phí không đắt hơn trường công là mấy cơ sở vật chất của phenikaa cũng rất đẹp,1
đây là môi trường tuyệt vời cho sinh viên khuôn viên trường rộng và đẹp đặc biệt là hai tòa nhà cao và đẹp,2
trường có cơ sở vật chất hiện đại đạt chuẩn 5 sao và chất lượng đào tạo rất tốt,2
trường đẹp quá khuôn viên trường rộng cơ sở vật chất hiện đại đầu tư đồng bộ không gian rất đẹp,2
vừa hoàn thành khóa học trải nghiệm cntt việt nhật 1 ngày tại trường đại học phenikaa theo ý kiến cá nhân khóa học này mang lại trải nghiệm rất thú vị và bổ ích khi đến viện,2
trường rộng rãi và đẹp có giảng đường hiện đại chất lượng giáo dục tuyệt vời,2
học sinh thân thiện cơ sở vật chất hiện đại,2
trường đẹp sân thể thao tốt nhiều học sinh xinh đẹp,2
đại học thanh tây trường đào tạo và giáo dục y khoa khá rộng rãi thoải mái và có sân thể thao rộng rãi,2
trường học bị tuyết rơi nghiêm trọng,0
tôi có một học sinh ở new york rất tệ,0
ngôi trường tuyệt vời để học tập và làm việc tôi chưa bao giờ thấy một trường đại học nào ở việt nam đẹp và hiện đại như vậy,2
trường mới xây nên khuôn viên trường rất đẹp và hiện đại nhưng chúng tôi vẫn thấy khá nhiều học sinh,0
đã gọi điện và nhắn tin cho trường tư vấn nhưng không có phản hồi,0
ngôi trường đang được đầu tư và rất đẹp,2
đại học phenikaa luôn tôn trọng sáng tạo và phản biện nơi phát huy tiềm năng của bạn,2
ngôi trường này đang được xây dựng mới gần hoàn thành trông rất đẹp tôi thích kiểu kiến trúc này,2
hôm nay là ngày trọng đại của trường phenikaa khi chào đón những học sinh mới đến trường,1
trường đại học phenikaa có khuôn viên rất đẹp cổng trường mới hướng ra đường yên lộ rất thuận tiện,2
đây thực sự là một ngôi trường được thành lập vào năm 2018 và tôi thích camtures,2
chất lượng giảng dạy không tốt,0
ngôi trường khá lớn và đẹp vui lòng xem ảnh,2
kiến trúc có phương pháp với nhiều không gian công cộng,2
cảnh đẹp,2
khuôn viên trường rộng rãi và hiện đại,2
người bảo vệ đang mất khách dạy vé xe buýt 5k chuyển 10k cho người bảo vệ đã lờ anh ta và lấy 10k còn lại 5k không đáng nhưng rất tức giận như thể anh ta đang cướp bạn ngay lập tức yêu cầu xem xét lại dịch vụ bảo vệ,0
cảnh quan mới xây dựng của trường đại học phenikaa trông khá đẹp,2
một trường đại học vừa được đầu tư xây dựng mới rất hiện đại với khuôn viên rộng rãi khang trang và đẹp mắt,2
tôi là sinh viên năm 2 trường đại học phenikaa một ngôi trường mới rộng và đẹp,2
trước đây là trường đại học thành tây,1
giáo viên tuyển sinh rất khó chịu,0
ngôi trường rộng rãi và thoáng mát có sân bóng rổ bóng đá và hồ bơi trong nhà tiện lợi,2
trường học rộng xanh sạch đẹp chất lượng giảng dạy cũng tốt nhưng giờ chia làm 3 học kỳ nên hơi mệt,0
thằng phenhika tệ quá trường hút máu ghét nó quá,0
khuôn viên trường rất đẹp và rộng rãi,2
trường học hiện đại cơ sở vật chất tuyệt vời được đầu tư bởi một tập đoàn uy tín với phương châm lấy con người làm trọng tâm,2
ấn tượng ban đầu của tôi là phenikaa là một ngôi trường mới được đầu tư bài bản đầy đủ chức năng và các công trình phụ trợ đồng bộ hiện đại thân thiện với môi trường trường có đội ngũ cán bộ giảng viên chất lượng cao như đã công bố với,2
có một đứa trẻ đang học ittvj ở trường này khi nào có cơ hội tôi sẽ quay lại trường để thăm tôi nghe nói trường rất sáng bóng và mịn,2
chết tiệt cái trường đó họ tham tiền quá họ nghèo quá nếu họ tăng tín chỉ họ sẽ áp dụng vào năm sau vậy tại sao không đỗ khóa học và vẫn phải thu tiền của những năm trước giáo dục giống như lol không dạy được gì,0
lựa chọn học tại phenikaa là lựa chọn đúng đắn nhất trong cuộc sống cơ sở vật chất hiện đại các phòng ban làm việc chuyên nghiệp đặc biệt là đội ngũ giáo viên phòng công tác sinh viên trường còn có nhiều hoạt động ngoại khóa và chương trình trao đổi sinh viên quốc tế với các trường khác,0
tiện nghi tốt quán cà phê cà phê sinh tố nhà hàng,2
khuôn viên trường rộng rãi và sạch sẽ có sân bóng đá và phòng tập thể dục đa năng tuyệt đẹp tôi chưa trải nghiệm nhiều nên không thể đánh giá chính xác chất lượng,2
môi trường rất tốt nhìn đẹp hơi xa trung tâm nhưng bù lại giá rẻ,2
trường có cơ sở vật chất tốt và không gian đẹp,2
trường học ổn số tiền bạn bỏ ra so với chất lượng đào tạo và cơ sở vật chất sẽ khiến bạn cảm thấy rất rẻ,2
trường rộng rãi và đẹp với cơ sở vật chất kỹ thuật liên tục tiên tiến và chất lượng cảnh quan rộng và đẹp với nhiều sắc thái đội ngũ nhân viên tận tụy và nhiệt tình có các hoạt động câu lạc bộ vào cuối buổi chiều và buổi tối thích hợp làm điểm đến thư giãn để tìm hiểu về các nghiên cứu đại học,2
ngôi trường đẹp và hiện đại tôi biết anh hồ xuân năng và anh nguyễn thế vinh những người lãnh đạo phinenka trước đây là những học sinh xuất sắc đạt giải thưởng toán lý hóa của việt nam chúc anh thành công trong việc đào tạo những thế hệ trẻ xuất sắc mang vinh quang về cho đất nước,2
trường đẹp lắm cô giáo thân thiện và nhiệt tình tuy nhiên có một số bạn hương trà ngân hơi lười học mong nhà trường đọc được bài này và nhắc nhở các bạn ấy học,2
đây là một ngôi trường khá lớn có cơ sở vật chất hiện đại và đầy đủ,2
nơi mà những giấc mơ trở thành sự thật,2
bạn mình học tiếng nhật như tụng kinh sắp bỏ học rồi mong nhà trường quan tâm đến bạn ấy bạn mình tên là chi chi một bạn khác tên là loan 8 d nnhan vẫn buồn lắm,0
một ngôi trường xứng đáng để dạy và học thiết kế cảnh quan cũng như trang thiết bị chuyên nghiệp phong cách hiện đại không gian thoáng mát tôi thích đi dạo trong vườn hồng và đọc sách,2
trường đại học tây hà nội western university hanoi là trường đại học tư thục tại quận hà đông hà nội được thủ tướng chính phủ thành lập năm 2007 theo quyết định số 1368qđttg,1
so với các trường tư thục thì chỉ đứng sau đại học thăng long đội ngũ giáo viên tận tụy tâm huyết với nghề vì là trường tư thục nên số lượng sinh viên khá ít chủ yếu là sinh viên chuyển trường xét về mặt công bằng thì cũng ổn,2
khuôn viên trường rộng và có kiến trúc độc đáo trường đại học phenikaa tiền thân là trường đại học thành tây được thành lập ngày 10 tháng 10 năm 2007 theo quyết định số 1368qđttg của thủ tướng chính phủ,2
đào tạo chuyên nghiệp trường rất lớn,2
môi trường xanh sạch đẹp cơ sở hạ tầng tốt môi trường đào tạo tin cậy giúp người học phát triển năng lực bản thân,2
trường đại học không lo về giáo dục chỉ tập trung vào việc tăng doanh thu bằng mọi giá bao gồm cả việc cho thuê đất để xây dựng các trạm bê tông gửi con em bạn đến đây học là vừa lãng phí tiền bạc vừa lãng phí thời gian,0
trường đang trong quá trình xây dựng khuôn viên trường rộng và phải mua vé xe buýt tháng để đi lại trong trường,0
love tran thi nguyet anh,2
được trang bị đầy đủ chất lượng giảng viên tốt so với các trường khác tại hà nội cũng như tại việt nam điểm tuyển sinh khá cao chỉ sau các trường top đầu,2
khi bạn vào cổng nhân viên bảo vệ yêu cầu bạn thu 30k mặc dù bạn đưa mọi người vào và rời đi ngay lập tức,2
mặt trời lớn,0
tôi chưa đi đến dbwsbdwyhlgsqbdq,0
ngôi trường mới ít học sinh nhưng được xây dựng theo mô hình trường tiểu học liên tục theo chuẩn quốc tế,1
trường đại học phenikaa là thành viên của tập đoàn phenikaa một tập đoàn với sự đầu tư bài bản và chuyên nghiệp trường đại học phenikaa phấn đấu trở thành,2
trường học hiện đại,1
mới xây siêu rộng 2017 tập đoàn green phoenix aa phenikaa với ts hồ xuân năng làm chủ tịch hội đồng quản trị đầu tư vào trường ngày 10102017 trường kỷ niệm 10 năm thành lập và công bố chiến lược mới mang tên trường đại học thành tây đại học thời đại mới,1
ngôi trường đẹp cơ sở vật chất rất tốt sân vận động lớn và đẹp,2
ngôi trường rất đẹp cơ sở vật chất rộng rãi,2
khuôn viên trường rộng rãi và đẹp nhưng lối vào khá xa trông có vẻ hơi hẻo lánh,0
đánh giá của phụ huynh học sinh ittvj sang trọng chân thực mượt mà,2
ngôi trường đã được cải tạo hoàn toàn và hứa hẹn sẽ trở thành một trong những trường đại học tốt nhất tại việt nam,2
phòng tập thể dục không có máy lạnh và rất nóng thật tệ,0
cảnh quan đẹp môi trường thân thiện giao thông thuận tiện,2
csvc tốt,2
cơ sở vật chất và giáo viên 10 vnd nhưng không có nhưng 10 vnd là 10 vnd,0
rộng rãi sạch đẹp mới xây thêm 2 tòa nhà cao tầng tháng 6 năm 2022,2
ngôi trường xanh sạch đẹp rộng và hơi mệt khi đi bộ,0
trường đẹp tòa nhà mới hiện đại,2
một trường đại học đáng để học môi trường chuyên nghiệp năng động giảng viên giỏi,2
phục vụ nhiều món ăn đồ ăn nấu vừa phải giá cả phải chăng cần lắp hệ thống thông gió để mát hơn vào mùa hè,0
máy đếm tiền huy hoàng hoạt động tốt dịch vụ sau bán hàng hoàn hảo giá tốt,2
trường đại học phenikaa với phương châm tôn trọng sáng tạo phản biện để vươn tầm thế giới,2
trường tư tôi thấy rất ít học sinh tên nghe rất lạ không biết chất lượng thế nào,0
ngôi trường rất đẹp mọi người ạ,2
ngôi trường rất đẹp cơ sở vật chất hiện đại,2
ngôi trường rất đẹp nhưng lại nằm quá xa trung tâm,0
học sinh mới của trường cb nhập học,1
kiến trúc trông đẹp từ bên ngoài nhưng lối vào hơi chật chội,0
trường đang được nâng cấp và các giáo viên rất tận tâm,2
không gian rộng rãi nhiều cây xanh sạch sẽ và hiện đại,2
trường có cơ sở vật chất hoàn hảo,2
tôi xin lỗi vì không thể lấy được bản in4 từ ai đó ở khoa ngoại ngữ,0
đi làm mỗi ngày thì quá ngắn trường học thì rộng rãi và thoáng mát,0
điểm mạnh của trường là đào tạo dược sĩ,2
thay đổi mỗi ngày để vươn lên trong khu vực,1
trường đại học được đầu tư tốt,2
hy vọng nó sẽ làm cho khu vực này trở nên nhộn nhịp và phát triển hơn,0
có vẻ như có ít học sinh thấy không có bầu không khí học tập,1
đẹp muốn dạy ở trường này,2
cơ sở vật chất đang được xây dựng trông rất đẹp,2
cơ sở vật chất tốt và đội ngũ giảng viên giàu kinh nghiệm,2
đẹp tiện nghi cao cấp,2
ngôi trường rất đẹp và rộng rãi,2
cơ sở vật chất quá đầy đủ,0
môi trường học tập và nghiên cứu tốt,2
trường đại học mới hiện đại và rộng rãi,2
đào tạo nhiều ngành nghề,2
học sinh sạch sẽ gọn gàng ngoan,2
bây giờ thì hoàn toàn khác so với năm ngoái,1
wifi quá yếu,0
trường mới được thành lập,1
tôi không thích trường này lắm,0
cung cấp bảo hiểm cho phó hiệu trưởng,1
chất lượng giảng dạy khá tốt,2
tốt đạt 810 điểm,2
trường max đẹp quá,2
đại học phenikaa,1
nó đã được rồi,1
tôi chuyên nghiệp,2
không ấn tượng,0
đây là rạp chiếu phim rất cũ với máy chiếu chính tệ chỉ có khoảng 150 chỗ ngồi nhưng sân khấu thì lớn,0
tình yêu của tôi,1
thị mũ,1
ước mơ của tôi là được học ở đây,2
chơi lô tô,1
trường rất tốt cơ sở vật chất hiện đại đầy đủ tiện nghi máy lạnh mát mẻ giáo viên nhiệt tình từ na ttdpt k44 với tình yêu,2
tôi hy vọng bạn có thể giúp tôi đưa bài viết này lên trend bạn có thể giúp tôi tìm địa chỉ của người bạn này không tôi đã mua một chiếc xe từ bạn tôi đã gửi cho bạn hình ảnh chiếc xe trông rất uy tín và anh ấy bảo tôi đặt cọc,0
đào tạo diễn viên nhiều chuyên ngành và hiện thực hóa ước mơ nghệ thuật,2
trường đại học sân khấu điện ảnh hà nội là một trong những trường đại học hàng đầu tại việt nam chuyên đào tạo các chuyên ngành nghệ thuật biểu diễn điện ảnh truyền hình và mỹ thuật với hơn 60 năm lịch sử trường đã góp phần đào tạo nên,2
đã 5 năm trôi qua kể từ khi tôi có giấc mơ đó và giờ tôi chỉ còn cách ngày chính thức tốt nghiệp phổ thông 2 năm nữa tôi tự hỏi liệu mình có cơ hội thực hiện được giấc mơ ngày đó hay không,1
đây là ngôi trường mơ ước của tôi tôi hy vọng rằng sau 2 năm nữa tôi có thể học ở đây để trở thành diễn viên sân khấu điện ảnh và truyền hình,2
ngôi trường vẫn như vậy sau nhiều năm,1
một số hình ảnh của lớp diễn viên sân khấu và điện ảnh k38 đang học với chuyên gia úc chuyên gia linda lucke hướng dẫn hình thể sk cho diễn viên phương pháp nhật bản và mỹ,1
chất lượng tốt csvc rộng rãi và sạch sẽ,2
trường đại học sân khấu điện ảnh hà nội là trường nằm trong hệ thống giáo dục quốc dân được thành lập ngày 17 tháng 12 năm 1980 trường có sứ mệnh đào tạo nguồn nhân lực chất lượng cao bồi dưỡng nhân tài ở nhiều lĩnh vực sân khấu,2
nơi nuôi dưỡng ước mơ của các diễn viên trẻ ps ảnh mình đi thăm trường,2
trường đại học sân khấu điện ảnh hà nội là ngôi trường nghệ thuật mơ ước của nhiều sinh viên,2
một nơi xứng đáng cho những người yêu thích nghệ thuật sân khấu điện ảnh và nhiếp ảnh nghệ thuật đến chiêm ngưỡng và nghiên cứu,2
ở đây có bạn học khu văn hóa nghệ thuật học sinh toàn người tài năng trông giống nghệ sĩ khu vực rộng nhiều trường có sân bóng đá lớn,2
nơi chắp cánh ước mơ nghệ thuật với cơ sở vật chất học tập hiện đại khang trang đẹp đẽ nơi hội tụ nhiều thế hệ giáo viên giàu kinh nghiệm tận tụy và tâm huyết nơi đây đã đào tạo nên nhiều nghệ sĩ tên tuổi góp phần vào sự phát triển sự nghiệp văn hóa nghệ thuật của việt nam,2
trường đại học sân khấu điện ảnh hà nội là trường đại học được thành lập ngày 17 tháng 12 năm 1980 trường có trụ sở chính tại phường mai dịch quận cầu giấy thành phố hà nội,1
có nhiều nhà hàng ngon xung quanh trường một circle k ở cổng sau và một bãi đậu xe ô tô và xe máy phía sau trường,2
trường đại học sân khấu điện ảnh hà nội là trường đại học được thành lập ngày 17 tháng 12 năm 1980 trụ sở chính của trường đặt tại phường mai dịch quận cầu giấy thành phố hà nội tốt,1
trường học nóng quá chúng ta hãy dừng học thôi,0
hiển thị tất cả thông tin cần thiết,2
quán cà phê đối diện ký túc xá rạp chiếu phim và sân khấu khá là thư giãn không phải kiểu sang trọng hoành tráng hay lộng lẫy mà là kiểu hơi hoài cổ yên tĩnh tĩnh lặng nhiều cây xanh,0
nơi đào tạo các ngôi sao skda,2
tôi hy vọng rằng trong tương lai tôi có thể tham gia kỳ thi tuyển sinh vào trường này để trở thành diễn viên và bay đến trung quốc,2
nhìn các em học sinh tôi thấy mình rất nghệ cụ thể là nghệ hơn cả tôi,2
đó là mong muốn của tôi nhưng không thể thực hiện được,0
cơ sở hạ tầng tốt vị trí đẹp,2
đến 12 giờ đêm đội thi công vẫn tiếp tục gây tiếng ồn người dân không thể ngủ được,0
trường là một trong những trường đại học lâu đời nhất tại việt nam có nhiệm vụ đào tạo và bồi dưỡng đội ngũ sinh viên tài năng trong các lĩnh vực như sáng tác biểu diễn nghiên cứu lý luận phê bình kinh tế kỹ thuật và công nghệ nghệ thuật sân khấu điện ảnh và truyền hình,2
trường đào tạo ra những tài năng cho báo chí và sân khấu tôi luôn yêu thích ngôi trường và các giáo viên ở đây,2
trường đại học sân khấu điện ảnh hà nội là trường đại học được thành lập ngày 17 tháng 12 năm 1980 trụ sở chính của trường đặt tại phường mai dịch quận cầu giấy thành phố hà nội,1
trường đại học sân khấu điện ảnh hà nội là một trong những trường hàng đầu đào tạo về lĩnh vực nghệ thuật trường có nhiệm vụ đào tạo và bồi dưỡng những sinh viên tài năng trong các lĩnh vực như sáng tác biểu diễn nghiên cứu,2
trường nghệ thuật hàng đầu,2
là ngôi trường đào tạo về lĩnh vực nghệ thuật đây là ngôi trường mơ ước của nhiều học sinh ngôi trường là cái nôi đào tạo ra nhiều nghệ sĩ tên tuổi cho nền mỹ thuật nước nhà,2
nơi tạo ra tài năng nơi tôi luôn mơ ước được bước vào và thể hiện khả năng của mình nhưng thật đáng tiếc cho một niềm đam mê trước đây tôi vẫn chưa có mối liên hệ nào với trường,0
đi bộ qua trường luôn có cảm giác rất yên tĩnh thành thật mà nói tôi chưa bao giờ thấy học sinh skda ra vào trường trước đây xung quanh trường bạn sẽ gặp rất nhiều diễn viên kỳ cựu,1
mình đã học truyền hình được 1 năm chương trình đào tạo và định hướng của trường rất hiệu quả học và tương tác với các thiết bị khá hiện đại vậy nên nếu ai theo đuổi lĩnh vực truyền hình như mình thì hãy học ngay nhé vì bạn sẽ nhận được nhiều hơn những gì bạn mong đợi,2
cái nôi đào tạo nghệ thuật của cả nước từ sân khấu điện ảnh truyền hình đến các loại hình nghệ thuật truyền thống như chèo cải lương,2
ước mơ của em là được vào trường này nhưng không biết đề thi có khó không em hy vọng anh sẽ vào được trường đại học skdt,1
trường sân khấu điện ảnh hà nội là nơi học tập và làm việc của nhiều ngôi sao việt nam nổi tiếng,2
một ngôi trường cái nôi của nghệ sĩ một nơi nuôi dưỡng tài năng nghệ thuật nơi nuôi dưỡng ước mơ và hướng dẫn đam mê,2
có rất nhiều chàng trai cô gái tài năng và xinh đẹp nhưng sau khi tốt nghiệp có bao nhiêu người theo được nghề và kiếm sống bằng nghề đó,0
uống trà đá cạnh trường thấy nhiều gái đẹp quá,2
các cô gái rất xinh đẹp v,2
có lẽ tôi sẽ biến giấc mơ của mình thành hiện thực chỉ trong một năm nữa tôi sẽ có thể đặt chân đến skda,1
rất thích hợp cho những ai ngồi vỉa hè nhâm nhi tách trà đá và ngắm cảnh,2
học ở đây 1 năm vừa học vừa xem trẻ em biểu diễn xiếc và các em học sinh trường múa xinh đẹp,2
lò luyện chân dài nhiều học sinh được xe đưa đón,2
trường đã đào tạo ra nhiều nghệ sĩ quen thuộc với khán giả,2
thật tuyệt vời ước mơ của tôi là được một lần đặt chân vào ngôi trường này,2
ước mơ của em là được trở thành sinh viên trường đại học sân khấu điện ảnh hà nội em yêu trường đại học sân khấu điện ảnh hà nội,2
trường đào tạo diễn viên đóng góp cho nền điện ảnh việt nam,2
trong 4 năm tới em sẽ cố gắng học ở ngôi trường này,2
trường học nhỏ trong khu vực văn phòng công cộng với nhiều trường học bên cạnh,0
ngôi trường này có rất nhiều cô gái xinh đẹp sau giờ học tất cả các ông trùm đều đang tìm kiếm bạn,2
học sinh trường này thường có ngoại hình rất đẹp diễn viên của trường này cũng rất giỏi diễn xuất,2
ngôi trường này đáng để học,2
cho tôi hỏi ví dụ nếu mặt tôi có nhiều mụn tôi có thể học ở trường này không,1
trường đào tạo diễn viên đạo diễn quay phim hàng đầu tại việt nam,2
đây là ước mơ của tôi tôi chắc chắn phải biến ước mơ này thành hiện thực ngôi trường này đại học skda xin hãy đợi,0
đất làng trong hoang dã anh nghĩ mình đã lạc lối nắm lấy từng hạt giống để nảy mầm,0
đạo diễn phim không hiểu kết thúc của câu chuyện,0
trường đào tạo điện ảnh chuyên nghiệp số 1 việt nam,2
ước mơ tương lai của tôi là được học tại trường đại học này,2
tôi đang học ở đây và nó rất tốt,2
đã lâu rồi không đến thăm trường,0
ngôi trường rất lớn và đẹp gần kavi store,2
đây là nơi đào tạo diễn viên hàng đầu tại việt nam,2
ngôi trường tôi đang học phải cho tôi 5,0
vị trí của trường rất thuận tiện cho việc học tập,2
cơ sở hạ tầng vật chất chưa đồng bộ học sinh vui chơi,0
trường này có đào tạo thanh nhạc không,1
cái nôi đào tạo ra nhiều diễn viên nổi tiếng,2
điểm thi tuyển sinh vào trường của bạn là bao nhiêu,1
nơi đào tạo nghệ thuật sân khấu và điện ảnh,2
nơi đào tạo diễn viên mc đạo diễn phim,2
trường đào tạo ca sĩ nhạc công vv,2
các cô gái ở đây rất xinh đẹp,2
bất cứ ai muốn học diễn xuất nên đến đây,0
đi du học tại một trường đại học anh,1
đào tạo rất tốt,2
có rất nhiều cô gái xinh đẹp trong trường,2
trường có khuôn viên đẹp,2
nơi khai sinh ra các nhóm hài kịch trực tuyến,1
nghệ sĩ cống hiến cho cuộc sống,2
ngôi trường chưa bao giờ công bố ngày thành lập,0
trường có ký túc xá không,0
sẽ học ở đây 3,1
thiên đường của sân khấu và điện ảnh,1
ngôi trường giàu văn hóa,2
đào tạo diễn viên cho việt nam,2
trường đào tạo diễn viên,2
nó là vip,2
đã đến đây rất tuyệt,2
có rất nhiều người nổi tiếng ở đây,2
ngôi trường này đang trong quá trình xây dựng,0
mát mẻ đẹp và lý tưởng,2
chỉ sủa lại tạm thời thôi,0
ngôi trường mới đẹp,2
hãy mơ lớn,0
có chút nhàm chán,0
binh thuong a bit chaotic,2
cũ quá hay bị ngập nước,0
đại học sân khấu điện ảnh,1
cô gái ngoan,2
chính xác,1
trường học của những cô gái nóng bỏng,0
khu vực văn học và biên dịch,1
nghiên cứu r0i,0
tất cả các cô gái xinh đẹp,2
cái nôi của nghệ thuật,1
băng hình,1
ngốc nghếch,0
niềm hạnh phúc,2
một trong những trường đại học tốt nhất tại việt nam đào tạo về lĩnh vực ngân hàng cơ sở vật chất ở đây rất tốt không có gì phải hối tiếc khi học tại học viện này,2
một nơi tốt cho sinh viên vn muốn học về vấn đề ngân hàng,2
thường xuyên bị kẹt xe vào ban ngày,0
số,1
đại sảnh,1
hạt giống tốt,2
nơi tốt để học tập và trải nghiệm,2
rất dính,0
acbtalentecosystem họcviênngânhàng,2
học viện rất tốt,2
nơi tốt để học tài chính,2
ghd,2
xin chào xin chào,1
học viện thật đẹp,2
học viện ngân hàng lớn,2
tốt cho các chủ ngân hàng,2
đúng chỗ,2
học viện ngân hàng,1
học viện ngân hàng hnv là một trong những đơn vị đào tạo hàng đầu tại việt nam trong lĩnh vực tài chính ngân hàng và quản trị kinh doanh tọa lạc tại vị trí thuận tiện tại hà nội hnv đã xây dựng được uy tín vững chắc trong lĩnh vực giáo dục và kinh doanh,2
sáng nay lắng nghe những chia sẻ của cô giáo với các em học sinh tốt nghiệp trường hvnh chất lượng cao tôi tràn ngập cảm xúc và cứ muốn nghe cô giáo nói tiếp,2
tôi là sinh viên năm 3 và rất yêu thích trường chất lượng giảng dạy hầu hết các giáo viên đều tuyệt vời chất lượng giảng dạy hàng đầu một số có khuyết điểm nhưng trường rất chào đón sinh viên,2
lần đầu tiên đến học viện ngân hàng,1
vì mình là sinh viên mới nên mình cho trường 10 điểm không có gì nhưng hội trường lớn và đẹp,1
học viện ngân hàng tại phố chùa bộc hà nội một trong những tuyến phố thường xuyên xảy ra ùn tắc giao thông vì đây là tuyến đường huyết mạch nối đường thái hà tây sơn với đường kim liên nên mật độ giao thông đồng đều và hiện đang có thành tích,0
giáo viên dễ thương và tận tâm cả trường hơi nhỏ so với các trường khác nhưng cơ sở vật chất khá tốt ở căng tin cạnh d6 có hai chú mèo rất dễ thương của nhân viên bán hàng ở đó khi tan làm trường sẽ hơi đông đúc,2
học phí đắt đỏ và cơ sở vật chất thì nhàm chán ưu tiên cho hệ thống clc trong khi học phí cho hệ thống thông thường gần bằng hệ thống clc một số giảng viên không muốn chấp nhận câu hỏi của sinh viên hỏi hoặc nhắn tin,0
các thầy cô của phòng quản lý văn phòng phòng lưu trữ và phòng công tác sinh viên của hvnh rất tuyệt vời tôi đã quay lại trường để xin thư giới thiệu có chữ ký của cựu phó giám đốc học viện và các thầy cô,2
cực kỳ thất vọng với cách trường hoạt động trường tăng học phí nhanh chóng so với sự cải thiện về cơ sở vật chất hãy cân nhắc rằng nếu bạn không đăng ký bạn sẽ cực kỳ sốc với mức học phí,0
học sinh đi học trường quân sự bị trộm tiền khi đi đến bãi tập đã báo với trường nhưng không giải quyết được gì và không có lời giải thích thỏa đáng,0
mát mẻ rộng rãi,2
đường chùa bộc thường xuyên tắc đường và thường xuyên có cảnh sát ở cửa chùa bộc bắt học sinh vô cớ còn trường mình thì mình học 2 năm rồi mọi thứ đều ổn ở khoa ngân hàng các thầy cô giáo thì,1
khuôn viên trường khá nhỏ nhưng có rất nhiều cây xanh xen lẫn với các tòa nhà trường nằm trong khu dân cư giao lộ hẹp nên thường xuyên xảy ra tình trạng kẹt xe xung quanh trường có nhiều ngân hàng và cửa hàng quần áo,0
nhà ăn siêu rộng rãi và khá sạch sẽ vì được vệ sinh thường xuyên nhưng khá tối và nóng vào mùa hè bây giờ cả phiếu ăn 15k và 20k đều áp dụng cho học sinh nội trú thực đơn siêu chán và giống nhau mỗi ngày chỉ có,0
giảng viên dễ thương chất lượng đào tạo tốt môi trường học tập độc đáo nhưng hơi kẹt xe khuôn viên trường nhiều cây xanh thân thiện với môi trường vừa thi xong nhưng vẫn rất yêu trường,2
đây là trường cũ của tôi nên tất nhiên tôi rất yêu trường ngôi trường gắn liền với rất nhiều kỷ niệm thời sinh viên của tôi khi tôi học trước đây cơ sở vật chất của trường không được tốt như bây giờ nhưng chất lượng đào tạo rất tốt,2
trường học thân thiện hiệu sách lý tưởng căng tin đồ ăn ngon quán cà phê view đẹp ký túc xá đầy đủ tiện nghi phòng tắm 5 sao,2
địa điểm trường ngân hàng là ở chùa bồ chỗ này hơi đông đúc và trường ở trong hẻm nên mình đi ngang qua nhiều lần rồi mà vẫn không biết,0
học viện ngân hàng tiền thân là trường nghiệp vụ ngân hàng được thành lập năm 1961 học viện ngân hàng là trường đại học công lập đa ngành trực thuộc ngân hàng nhà nước việt nam và bộ giáo dục đào tạo học viện có,1
trường có 10 điểm nhưng hơi nhỏ thường xuyên kẹt xe và quá đông học sinh,0
banking academy là một nhóm các trường đại học hàng đầu tại việt nam chất lượng đào tạo được đánh giá cao đây là lựa chọn tốt để học tập và chuẩn bị cho tương lai cho những ai đam mê ngành ngân hàng vị trí ngay,2
tôi thích học viện nhưng tôi không thể thích căng tin bát súp cá này nên được gọi là súp đậu với nước dùng,0
cây xanh rộng thoáng mát,2
quán nằm trong khuôn viên học viện ngân hàng nhìn chung khá sạch sẽ chỗ ngồi rộng rãi và thoáng mát nhưng đồ ăn không thực sự phong phú đồ ăn tạm ổn,0
ngôi trường nơi tôi đã học trong 4 năm hôm nay là ngày thi cuối cùng tạm biệt,1
nơi đào tạo những sinh viên tương lai trong ngành ngân hàng,2
thật tuyệt vời 5 không có gì nhưng,2
công viên tình yêu của học viện ngân hàng gần như lúc nào cũng có những cặp đôi ngồi đây trò chuyện ngoài ra đây còn là cái nôi của những người giàu có về mặt huyết thống nếu còn thiếu sót gì vui lòng giúp tôi bổ sung,2
nhiều người làm việc trong ngành ngân hàng và tài chính tại ký túc xá này hầu hết họ đều là những người lãnh đạo trong ngành,1
trường học của tôi rất thân thiện thật tuyệt vời,2
ngôi trường tôi đang học thật tuyệt vời các bạn ơi la la la la la la la la la la lalalalalalalaladbchh juejie,2
nơi đào tạo hàng ngàn nhân tài cho đất nước mỗi năm với môi trường giảng dạy chuyên nghiệp và thân thiện,2
ngôi trường này nhỏ nhưng đẹp và có chất lượng đào tạo tốt,2
chùa bồ tát đống đa hà nội trường đẹp nhiều cô gái đẹp,2
học viện thì tốt nhưng wifi thứ thiết yếu đối với sinh viên lại không phổ biến không miễn phí và tốc độ rất kém,0
12 chùa bộc quang trung đống đa hà nội là một trong những nơi đào tạo kinh tế hàng đầu giáo dục hiệu quả kết hợp các phương pháp,2
chào mừng sinh viên mới đến ba,2
trường này có 9 điểm trừ 1 điểm vì không cung cấp ny,0
nhìn bên ngoài thì nhỏ và xinh nhưng bên trong thì rộng rãi và sạch sẽ đặc biệt là mấy anh bảo vệ rất ngầu,0
học phí quá cao so với csv,0
tôi thực sự thích khuôn viên của học viện ngân hàng nhiều cây xanh sinh viên thanh lịch,2
ai đeo kính ai có hông độn vâng hông cần gì phải kiêng khem khi mắt trong đúng vậy,0
trường đẹp giáo viên dạy rất nhiệt tình,2
trường học tình yêu,2
tôi không biết mình có trở thành học viên vip chuyên nghiệp hay không nhưng nếu bạn muốn đăng ảnh ăn xiên que thì bạn cần một chút trợ giúp hehe,0
học phí quá đắt,0
chất lượng đào tạo tốt nhưng khuôn viên trường còn tốt và diện tích còn hạn chế,0
đừng đi đến p,0
tôi yêu trường học rất nhiều hahahi,2
câu lạc bộ marketing học viện ngân hàng,0
nhìn từ góc độ nào cũng đẹp,2
tôi biết rằng sau khi cắt layer tóc tôi sẽ bị xoăn nhưng tôi không khuyên mọi người duỗi thẳng hay duỗi thẳng nhưng nó làm cho chân tóc của tôi phồng lên và cắt và tạo kiểu cũng không tốt nhìn vào tay nghề của nhân viên vừa kém vừa cho,0
banking academy bbc câu lạc bộ sinh viên tình nguyện vận động hiến máu tại học viện ngân hàng pinkstorm xvii,2
cảm ơn trường đã cho em ra về đúng giờ mặc dù đôi khi em chửi trường nhưng em vẫn yêu trường vô điều kiện,2
học viện ngân hàng được thành lập vào năm 1961 sau hơn nửa thế kỷ xây dựng và phát triển học viện ngân hàng là trường đại học công lập đa ngành trực thuộc ngân hàng nhà nước việt nam và bộ giáo dục và đào tạo,1
trường cũng rộng rãi và thoáng mát có phòng tập thể dục và sân bóng đá bóng rổ rất tiện lợi các giáo viên nhiệt tình và thân thiện có nhiều giáo viên trẻ có 3 nhà hàng và 1 cửa hàng tạp hóa trong khuôn viên trường,2
học phí rẻ chất lượng đào tạo tốt giảng viên rất tận tâm với sinh viên,2
trường tốt giáo viên tốt không kẹt xe học sinh lịch sự văn minh đẹp trai đội bóng rổ giỏi đừng học ở đây,2
trường có rất ít nhân viên nam tôi đã đi 7749m để tìm một phòng,1
trường của tôi là số 1,2
ngoài trường khi tôi vào bệnh viện tôi ổn các bạn ạ,1
là một trong những trường đầu tiên chuyên đào tạo về ngân hàng tại việt nam có truyền thống lâu đời hệ thống cơ sở vật chất tạm thời ổn định cần chú trọng hơn nữa đến chất lượng giảng dạy của giáo viên và nâng cao năng lực quản lý sinh viên,0
decus no3 hoàng cầu giày nữ patina cao cấp,0
mình là dân công nghiệp mình chỉ muốn nói là mình rất yêu bạn hằng đang học 2 bằng,2
nhiều phụ nữ đến đây để làm tóc và nhân viên phục vụ rất tốt họ ngồi đợi cô ấy làm tóc xong rồi ngủ thiếp đi,2
ngôi trường tôi yêu thích 3,2
về giáo dục các ngành kinh tế được giảng dạy và học tập rất hiệu quả nhiều hoạt động và cuộc thi thực tế giúp sinh viên có thêm nhiều kinh nghiệm về cơ sở vật chất đã và đang được thay thế dần để tạo môi trường học tập tốt hơn,2
nằm trên phố chùa bộc giao thông quá đông đúc hoặc tắc nghẽn nếu bạn đến đây bạn phải cân nhắc thêm thời gian di chuyển nếu không chắc chắn bạn sẽ bị muộn,0
ngôi trường đào tạo ra nhiều học sinh xuất sắc nhưng giờ đây nó đã cũ kỹ và xuống cấp cổng trường bẩn thỉu và lộn xộn,0
tôi đã từng đến đây rồi cảnh quan và cơ sở vật chất khá tốt nhưng khi tôi đi học về thì kẹt xe kinh khủng,0
giáo viên nhiệt tình vui vẻ và thân thiện ấn tượng với những buổi chiều học sinh tình nguyện ra cổng trường để điều tiết giao thông,2
học viện ngân hàng là trường đại học công lập trực thuộc ngân hàng nhà nước việt nam và bộ giáo dục và đào tạo có trụ sở chính tại hà nội và các cơ sở tại bắc ninh và phú yên,1
có một thời gian tôi đã yêu nơi này có thể công ty đó không còn lớn như ngày xưa nhưng tôi không thể phủ nhận rằng nhờ có nó tôi đã thay đổi rất nhiều và có thêm nhiều bạn bè hơn cảm ơn bạn người bạn tuyệt vời chúng ta đã thân thiết trong 3 năm,1
sạch sẽ đẹp đẽ,2
học viện ngân hàng nổi tiếng các cô gái vừa xinh đẹp vừa học giỏi tôi rất thích trường cơ sở vật chất của trường tốt sân bóng rổ nên được cải tạo một chút nó hơi xuống cấp,0
học viện ngân hàng nhỏ xinh giữa lòng hà nội,2
trường công an lỏng lẻo ngày đầu tiên đi học quay đi quay lại cũng đau lòng,0
khá nhỏ so với bk có rất nhiều cô gái xinh đẹp để bạn rửa mắt đường ở đây khá tắc nghẽn,0
hội nghị được tổ chức tốt,2
em vừa thi đại học xong và được 22 điểm em muốn vào hvnh nhưng không biết có đỗ không và có tốt không các anh chị nào đã học rồi có thể cho em lời khuyên được không,1
giáo viên ít quan tâm đến học sinh dạy tất cả các slide hoặc tắc đường,0
có lẽ bạn chưa từng đến đây nhưng tôi thì đã đến rồi,1
học viện ngân hàng dễ dàng tuyển dụng được những giáo viên này thầy tài thu toán thầy hoàng thầy hoa kinh tế lượng cô mai giáo dục thể chất tôi yêu hvnh,2
nhiều nữ sinh rất xinh đẹp,2
một trong những trường đại học có đội ngũ giảng viên giàu kinh nghiệm và trình độ chuyên môn cao,2
ngôi trường không lớn nhưng sạch sẽ thoáng mát và có cơ sở vật chất tốt,2
đồ ăn khá ngon nhưng giá hơi đắt nhân viên nhà hàng không nhiệt tình lắm,0
nơi đào tạo hàng đầu việt nam về tài chính ngân hàng kế toán quản trị kinh doanh và hệ thống thông tin quản lý,2
là học viện uy tín có lịch sử lâu đời nhất trong đào tạo nguồn nhân lực cho các ngân hàng,2
đến đây căng tin rộng rãi sạch sẽ và có hậu cần tốt,2
skibidi,0
học viện ngân hàng là trường đại học công lập trực thuộc ngân hàng nhà nước việt nam và bộ giáo dục và đào tạo,1
là một trường chuyên đào tạo chuyên ngành ngân hàng có nhiều giáo viên và sinh viên giỏi,2
ngôi trường rộng rãi với nhiều học sinh nữ 3,2
nhà trường đang xây dựng thêm nhiều giảng đường và tòa nhà đẹp 3,0
ngày đó trong tôi,1
tình yêu tuổi trẻ nhiệt huyết,2
nơi đào tạo mầm non cho hệ thống ngân hàng,0
tôi đã làm tóc ở đây nhưng có vẻ hơi đông đúc,0
học viện ngân hàng địa chỉ số 12 phố chùa bộc quận đống đa hà nội điện thoại 84438521305 fax 84438525024,1
khuôn viên trường khá nhỏ nhưng chấp nhận được vì nằm ở vị trí trung tâm,2
nơi đào tạo ra những con người có trí tuệ có phẩm chất đạo đức tốt luôn giữ gìn hình ảnh bác hồ,2
học viện ngân hàng tọa lạc tại phố chùa bộc hà nội chuyên đào tạo cử nhân ngành ngân hàng,2
học viện hàng đầu về đào tạo nguồn nhân lực cho ngành ngân hàng và tài chính,2
ngôi trường tôi từng học tôi có nhiều kỷ niệm tuyệt vời với bạn bè,2
môi trường năng động giáo viên nhiệt tình tự hào là sinh viên ngành ngân hàng,2
sinh viên đào tạo nhân viên ngân hàng chất lượng khuôn viên trường đẹp và mát mẻ,2
trường đại học hàng đầu việt nam trong lĩnh vực đào tạo nguồn nhân lực ngành ngân hàng,2
vì tình yêu của tôi học ở đó 3,1
đúng là ngân hàng có nhiều máy atm và phòng giáo dục bên trong trường to và đẹp,2
các giảng viên rất thân thiện và quan tâm đến sinh viên,2
sân bóng đá và bóng rổ không được đẹp lắm,0
ngôi trường này khá đẹp học sinh năng động,2
có nhiều tuyến xe buýt đi qua đây thời gian chờ đợi tương đối nhanh,0
một trong những trường có chất lượng đào tạo tốt nhất,2
tôi thích ngôi trường này vì tôi đã học ở đây,2
rẽ phải hoặc có chốt mỗi lần rẽ tôi đều bị kẹt,0
hvnh nhỏ xinh nằm ngay cạnh thiên đường mua sắm,2
trường 10 điểm không có gì ngoài,0
trường học lớn và đẹp và nhiều sinh viên có việc làm ngay sau khi tốt nghiệp,2
trường đào tạo sinh viên các ngành liên quan đến ngân hàng,2
nơi đào tạo nguồn nhân lực hàng đầu trong lĩnh vực tài chính ngân hàng,2
em trai tôi học ở đây môi trường khá đẹp và thoáng mát,2
chất lượng đào tạo tốt cơ sở vật chất bình thường,2
trung tâm đào tạo nhân sự ngành ngân hàng,2
cổng trường ở phía ngoài phố chùa bộc khá chật chội,0
con đường dẫn đến trường thường gây tắc nghẽn vào giờ cao điểm,0
đồ ăn không ngon bằng bên ngoài mặc dù giá cả như nhau,0
môi trường học tập tốt giáo viên và bạn bè thân thiện,2
ngân hàng vào một ngày mưa,0
nếu tôi có thể quay ngược thời gian tôi sẽ thi ở đây,1
học viện đào tạo nhân viên kiểm đếm tiền việt nam,2
ngôi trường tôi đang theo học,1
giảng viên đào tạo chất lượng học phí thấp,0
học viện ngân hàng một trong những trường hàng đầu tại việt nam,2
đào tạo ở mọi cấp độ ngân hàng tiểu học trung học cơ sở và cao đẳng,2
học sinh giỏi giảng viên giỏi cơ sở vật chất đầy đủ,2
nếu tôi là một đám mây tôi sẽ là một đám mây ấm áp,2
đẹp quá ban đêm nên có đèn,0
phong cảnh và môi trường đẹp quá,2
một trong những trường đại học hàng đầu về kinh tế,2
khuôn viên trường sạch đẹp,2
nhiều cây xanh không khí trong lành môi trường tốt,2
ngôi trường đẹp nhiều cây xanh,2
trường đại học này ổn đấy,1
năm sau cho em trai tôi học ở đây,1
bác sĩ đã làm tốt,2
sau khi vẽ xong tôi chỉ ngồi và đếm tiền,0
chất lượng đào tạo uy tín,2
ngày xưa tôi cũng muốn thi ở đây,2
giáo dục ở nơi này có tốt không,1
nhà hàng sạch sẽ rộng rãi và thoáng mát,2
trường đào tạo ngân hàng số 1 tại việt nam,2
tôi thực sự muốn đến đây và học,2
các cô gái ngân hàng khá xinh đẹp d,2
đào tạo người giỏi,2
tôi thực sự muốn ở lại đây,2
nơi đào tạo tương lai,2
thức ăn ngon sạch rẻ,2
trước khi trượt kỳ thi trường này,1
đồ ăn ngon giá sinh viên,2
gái đẹp huhu,2
đợi em với,1
ngôi trường này rất đẹp,2
hợp lý,2
trường học đầy tiền,0
trình độ đại học tốt cho giáo dục cntt is,2
awehãy chờ xemmột số tuyệt vời,0
đã bị hack bởi kma,0
đại học matrix d,2
từ kma với tình yêu thương,2
pokemongo,2
từ ct1a với tình yêu thương,2
mật khẩu,0
sân bóng quá ồn ào đến 11 giờ đêm vẫn còn la hét như điên ảnh hưởng đến trật tự công cộng,0
môi trường và cơ sở vật chất rất tốt cho sự phát triển của sinh viên,2
năm nay trg đang được xây dựng lại và thêm một số hạng mục không rộng bằng ptit đây là trường quân sự vì vậy nếu bạn không mặc quần áo phù hợp bạn sẽ không được phép vào có một bãi đậu xe bên trong nhà được đấu giá riêng,0
trường ngày càng được đầu tư cơ sở vật chất khang trang hiện đại hơn mặc dù không còn người gác cổng nhưng vẫn toát lên vẻ trang nghiêm về chương trình đào tạo hai chuyên ngành còn lại là viễn thông và cntt là,0
khi trời mưa cổng trường thường bị ngập,0
trường có cơ sở vật chất rộng rãi và sạch sẽ an ninh rất tốt có bảo vệ ở lối vào và lối ra để kiểm tra người ngoài vì vậy đừng mong đợi vào trường,2
tôi chưa bao giờ vào bên trong địa điểm này nhưng nhìn từ bên ngoài trông rất rộng rãi và sạch sẽ an ninh cũng được đảm bảo học viên quân sự luôn đứng gác trước cổng tôi không thể đánh giá chất lượng đào tạo hoặc cơ sở vật chất vì tôi chưa trải nghiệm,1
trường đào tạo attt it dtv là học viên của trường tôi cho 5 sao khi vào trường hãy bỏ cccd để vào trường,2
trường đào tạo an ninh thông tin có chất lượng tốt nhưng giáo viên dạy nhiều lý thuyết về các môn chuyên ngành mà không có thực hành,0
mặc dù nổi tiếng về cntt nhưng trang web này vô dụng mất cả hệ thống tưới tiêu lời khuyên thực sự là nếu bạn định vào hãy đến bộ phận an ninh thông tin và để các phòng ban còn lại yên,0
trường có bảo vệ ở cổng có kỷ luật tốt nhưng nhân viên trông xe không được thân thiện lắm,0
rộng rãi sạch sẽ và đẹp,2
học viện kỹ thuật mật mã đào tạo chuyên ngành cntt đặc biệt là an ninh thông tin,2
trường nằm bên trái cách đường nguyễn trãi 500m đến đường chiến thắng có cổng vào đẹp nhất vbb trường đang hoàn thiện cơ sở vật chất và ngày càng ổn định cuối cùng một số môn học không phù hợp với chuyên ngành v,0
chuẩn bị đăng ký vào khoa an ninh thông tin tại kma,0
các bạn học ở đây tuyệt vời nhất môi trường rất tốt để các bạn phát triển đầy đủ và thoải mái là những từ để mô tả nơi này,2
bài viết ngày 18 tháng 10 năm 2015 hôm nay tôi sẽ chia sẻ những gì tôi biết về cryptographic engineering academy kma đây là trường tôi đang theo học bắt đầu vào ngày 10 tháng 9 năm 2015 và hiện là,1
trường có cơ sở vật chất cơ bản đảm bảo việc học tập của học sinh an ninh được đảm bảo ở mức cao nhất,2
học viện đóng vai trò tiên phong trong lĩnh vực mật mã học phù hợp với nhiều ứng viên trong các lĩnh vực cụ thể tọa lạc tại quận hà đông học sinh sinh viên quan tâm đến trường này hoặc chưa biết về trường này nên tìm hiểu thêm nhiều chuyên ngành,2
trường được điều hành bởi cục mật mã của chính phủ và có đội bảo vệ túc trực 247 hệ thống giảng dạy có chất lượng khá cao và học phí ở mức trung bình,0
chuyên ngành mật mã học là chuyên ngành chính thống và được đào tạo rất bài bản hiện tại trường đã mở thêm chuyên ngành cntt mới so với một số trường top đầu thì không bằng nhưng những bạn có năng lực học tập tốt có thể cân nhắc vì rất phù hợp đóng,2
đang học ngành cntt ở trường,1
một trong những địa chỉ đào tạo hàng đầu về kỹ sư an ninh thông tin trong cả nước đã cung cấp cho chính phủ và doanh nghiệp từ năm 2003 với nguồn nhân lực chất lượng cao được đào tạo từ đây,2
tôi không biết trường này có tốt không để tôi cho em trai tôi học nếu ai biết trường này thì cho tôi biết với trường có quy mô như thế nào có đông học sinh không,0
trường học thì chán ngắt chương trình học nặng nề fpt hay aptech học 2 năm là thành thợ giỏi còn kma thì toàn kiến thức triết học,0
gửi cho học sinh 97 và 98 năm sau kỳ thi kma là một trường tuyệt vời cho cocc đừng để danh sách đánh lừa có từ 10 đến 20 chỉ số nó không phải là,0
vào đây để ra ngoài và trưởng thành tôi tự hào về ngôi trường này bước vào năm 1990 tuổi trẻ của tôi ở đây,1
học như khỉ giảng dạy thì vô nghĩa lịch thi không được cập nhật chấm điểm thì vô lý trong bài kiểm tra thực hành người học chăm chỉ cũng giỏi như người chép usb học rồi sắp đi,0
góp phần to lớn vào việc bảo vệ quê hương,2
lớn đẹp nhiều cây xanh kỷ luật nghiêm ngặt học sinh vào trường với điểm đầu vào cao và được tuyển chọn kỹ lưỡng,2
học viện có đội ngũ giảng viên có trình độ chuyên môn cao nhiều tài liệu và môi trường an toàn thân thiện,2
học viện kỹ thuật mật mã là trường đại học công lập trực thuộc ủy ban cơ yếu chính phủ bộ quốc phòng việt nam,0
5 năm tuổi trẻ của mk,1
học an ninh thông tin ở trường,2
nhà trường nên chuyển sang đào tạo cntt rộng sẽ phổ biến hơn là chỉ đào tạo chuyên ngành hẹp,0
trường đào tạo an ninh thông tin tốt nhất việt nam nhiều người tài giỏi xuất thân từ đây,2
trường nào đào tạo những chuyên ngành nào,1
ngôi trường rộng và đẹp đặc biệt có sân bóng đá khá rộng,2
trường có diện tích lớn với đầy đủ sân thể thao cho học sinh,2
à không sao đâu nhưng không có nhiều khách hàng một tài xế xe ôm chia sẻ,1
môi trường học tập thân thiện hiện đại và tiên tiến,2
cho em hỏi trường có ký túc xá không hay chúng em phải thuê phòng,1
trường này học rất tốt và làm kỹ sư an ninh thông tin thì ngon lắm,2
trước đây tôi không hiểu tại sao mình lại nộp đơn vào trường này không có trường nào ngu ngốc như trường này cả,0
trường học đang dần được nâng cấp theo hướng hoàn thiện nhất,2
trường này đào tạo những chuyên ngành nào,1
đường sá hơi hẹp nhưng bù lại sống ở đây rẻ và phù hợp với sinh viên,2
ngôi trường rộng rãi sạch sẽ và đẹp chuyên đào tạo về an ninh,2
chất lượng đào tạo còn kém chỉ dạy lý thuyết,0
địa chỉ tại đường victory đường trần phú rẽ vào,1
là một trong những trường đào tạo hàng đầu về an ninh thông tin,2
trường đào tạo trọng điểm về an ninh thông tin,2
trường đào tạo khá tốt và rất nghiêm túc,2
một trong những trường đào tạo cntt tốt tại hà nội,2
tôi lớn lên từ ngôi trường này,1
ngôi trường này có thể tuyệt vời chúng ta hãy thử xem,2
nơi tốt nhất để tìm hiểu về bảo mật và mã hóa,2
nơi gắn bó 5 năm quen thuộc và đổi mới mỗi ngày,0
có chút khó khăn để tìm học viện nhưng nó nằm ở làn đường chiến thắng,1
một ngôi trường tuyệt vời luôn yêu thích code,2
nơi rất tốt để đào tạo chuyên sâu về an ninh thông tin d,2
hy vọng chúng ta sẽ có 5 năm đáng nhớ bên nhau,2
trường học tuyệt vời đầy đủ tiện nghi,2
tọa lạc tại đường chiến thắng hà đông uy nghi,0
trường học tiêu chuẩn,2
ngôi trường bây giờ đẹp hơn nhiều,2
tên trường mới thật rực rỡ v,2
được rồi ngôi trường này đẹp và có kỷ luật,2
tốt ngôi trường tôi đang theo học,2
trường của tôi tuyệt vời lắm ae1,2
ăn uống nghỉ ngơi và tập thể dục,2
v có rất nhiều anh chàng đẹp trai các quý cô và quý ông,2
đây là nơi tôi sắp tham gia kỳ thi tuyển sinh đại học,1
nơi tôi gặp gỡ bạn bè và giáo viên mới,1
đây là nơi thầy tôi đã học,1
có một hồ bơi giá rẻ ở đây,2
đề xuất sửa lỗi cryptography không phải cryptography cảm ơn,0
thư viện đẹp,2
sân bóng đá đẹp quá,2
thiết kế bóng chày đẹp với lớp da đẹp,2
trường học an toàn giáo viên tích cực,2
cổng trường đẹp 3333,2
tôi sẽ vượt qua ngôi trường này,1
học rồi,1
trường dạy phần mềm tốt,2
tôi phải đi học và thật là khổ sở,0
chuyên về bảo mật thông tin,2
không đến,0
mỗi ngày nó càng trở nên đẹp hơn,2
trang web này có hoạt động được không,1
cntt là vua của mọi sự nghèo đói,2
ngôi trường nhỏ và khép kín,0
ngôi trường siêu ngầu,0
con đường chiến thắng,2
chuyên đào tạo kỹ sư an ninh thông tin,2
tôi tập thể dục ở đây,1
đang học ở trường,1
tuổi trẻ của tôi 3,1
học hành thì chán ngắt,0
trường học của tôi d,1
được rồi nơi đào tạo,1
tôi yêu trường của tôi 3,2
đầu của đầu,1
máy phát điện tiêu chuẩn,0
trường quân sự tốt,2
khó hiểu,0
vị trí trung tâm,2
viện công nghệ mật mã 141 chiến thắng tân triều hà nội,2
tôi không biết phải nói gì,1
không thể vào xem được,0
học viện kỹ thuật mật mã,2
ngày càng được nâng cấp,2
đang theo đuổi,1
trường học đặc biệt,0
tốt trường tốt,2
dạy nhiều lý thuyết,2
tới nơi,1
141 chien thang tan trieu thanh tri hanoi vietnam,2
có nhiều mật khẩu,0
họ,1
mã số,1
aggtrgtrh,2
có,1
người đàn ông này rất thô lỗ anh ta không quan tâm đến những người đi qua anh ta phun nước cảm ơn vì đã cho tôi những ký ức tồi tệ ở ngôi trường này,0
tầm nhìn tốt cấu trúc hợp lý,2
nơi tốt để học tiếng việt,2
được rồi các anh,1
gần nhà tôi d,1
gần trường tôi,2
cảm giác,1
một người bạn của hus,1
ước mơ của tôi,1
giống như thế này,1
tôi yêu ngôi trường của mình một phần tuổi trẻ và những kỷ niệm tại trường nhân văn 336 và học viện báo chí và tuyên truyền sjc,2
cho đến bây giờ em vẫn cảm thấy vô cùng may mắn và hạnh phúc khi được học tập và rèn luyện dưới mái trường nhân văn với tình thương của thầy cô và bạn bè mặc dù em đã đạt giải học sinh giỏi toàn quốc môn văn và có thể lựa chọn những môn nóng hơn,2
đã tham dự lễ tốt nghiệp của xuân uyên tại đây,2
học sinh thân thiện dễ gần tập trung tốt vào việc xây dựng hình ảnh của trường ngôi trường cổ kính có nhiều nét hoài cổ và học sinh cũng năng động hoạt bát không kém tôi thực sự ngưỡng mộ các bạn nhảy tại trường,2
cảnh quan đẹp dịch vụ nhanh chóng cho sinh viên,2
trường đại học khoa học xã hội và nhân văn 1 trong 7 trường trực thuộc đại học quốc gia hà nội tôi tốt nghiệp khoa du lịch tại đây môi trường học tập yên tĩnh và vui vẻ có nhiều hoạt động nhiều chuyến đi nhiều kiến thức và,2
tuy trường hơi nhỏ nhưng chất lượng giảng dạy tốt học sinh cũng có ý thức cao giáo viên nhiệt tình tốt bụng và tận tâm,2
trường đẹp quá,2
mặc dù cơ sở vật chất và wifi của trường chất lượng thấp bãi đậu xe còn nhiều thiếu sót nhưng giáo viên và học sinh vẫn được 10 điểm,0
trường cũng rất rộng rãi và thoáng mát có căng tin ngay giữa sân trường nơi bạn có thể ngồi tránh nắng với một ly nước ngọt và trò chuyện về những câu chuyện phiếm điều này cũng rất thú vị và bạn có thể ngắm nhìn những học sinh xinh đẹp rất trẻ và xinh đẹp,2
tôi đã sử dụng dịch vụ chỉnh nha tại nha khoa răng của tôi hiện rất đều và đẹp hôm nay tôi đã đến gặp bác sĩ và các nhân viên rất thân thiện nhiệt tình và chu đáo,2
kmove nếu bạn đến trường này vì lý do như thế này hãy nghĩ rằng bạn đã bị lừa họ không dạy người nước ngoài nhưng các giáo sư ở đây không bình thường các giáo sư đang nhấn ga và bóp còi inh ỏi trong khuôn viên trường họ không,0
cảm thấy may mắn khi được học ở đây các thầy cô giáo giỏi có kiến thức sâu rộng có nhiều kinh nghiệm trong lĩnh vực xã hội và rất thân thiện,2
ngôi trường với truyền thống hơn 70 năm xây dựng và phát triển môi trường học tập thân thiện mô hình đào tạo linh hoạt lấy người học làm trung tâm là sự lựa chọn hàng đầu của học sinh phổ thông yêu thích khối ngành khoa học xã hội và nhân văn,2
ngôi trường thân yêu của tôi các thầy cô rất thân thiện và tốt bụng các bạn trong lớp cũng rất tốt bụng,2
sáng ngày 16 tháng 9 năm 2024 không còn lối thoát khxhnv,0
iu truong thôi vậy không chịu được thì thôi vậy,1
xin hãy cho tôi một nơi ăn uống cho học sinh gần trường,0
ngôi trường xanh sạch và đẹp các cô gái dễ thương và xinh đẹp,2
đánh giá để luôn đạt điểm cao,2
tuổi trẻ của tôi tại ussh là điều tuyệt vời nhất mọi thứ ở nhân văn đều đúng với tên gọi của nó từ đội ngũ giáo viên và cán bộ phòng đào tạo đến không gian của trường và từng lớp học,2
em yêu em có thể kết bạn ở đây,2
chất lượng tuyệt vời nhân viên thân thiện và tốt bụng,2
nguyễn trãi thanh xuân hà nội trường đẹp và mang nét cổ kính nhiều cây xanh mát mẻ,2
ngôi trường thân yêu,2
trường đại học này siêu đẹp rất đáng yêu thiết kế tuyệt vời tiềm năng tốt cả nam và nữ đều thích,2
rộng rãi thoáng mát vị trí ok mỗi tội nằm trên đường nguyễn trãi lúc nào cũng đông đúc kẹt xe mật độ cao về đào tạo thì có lẽ là ok,0
trường có diện tích nhỏ thì không sao vì phải nhường 2 tòa nhà để xây trường phổ thông mới nhưng ít nhất trường cũng nên đầu tư về cơ sở vật chất chỉ đầu tư 2 phòng học nhưng ở tầng 1 5 nhưng mà,0
chất lượng giảng dạy thì khỏi phải bàn môi trường học tập trao đổi giữa các học viên thì tùy người,0
đây là một trường đại học danh tiếng tại việt nam,2
cơ sở vật chất không được đầu tư sinh viên không năng động,0
trường có một giáo viên thoải mái nói về nỗi đau của người khác bây giờ tôi hiểu tại sao trường được gọi là xã hộinhân văn cái tên hay quá tôi cho 1 sao,2
tuyệt vời sứ mệnh và tầm nhìn 1 sứ mệnh,2
một ngôi trường có bề dày lịch sử và đội ngũ giáo viên tận tụy với học sinh học sinh trong trường năng động trẻ trung thân thiện nhiệt tình chăm chỉ tất cả tạo nên một môi trường nhân văn vô cùng trẻ trung và thân thiện,2
một ngôi trường có lịch sử lâu đời nhiều kinh nghiệm và không ngừng đổi mới,2
dạy tiếng việt cho người nước ngoài,2
nằm đối diện công ty thuốc lá thăng long gần ngã tư nguyễn trãi khuất duy tiến trường đào tạo các bậc đại học sau đại học thạc sĩ tiến sĩ đại học và sau đại học,0
đây là nơi tôi đang học là một học sinh khiếm thị khi đến đây học tôi nhận được sự giúp đỡ từ ban quản lý cũng như các bạn cùng lớp đặc biệt là câu lạc bộ hoa đá điều đầu tiên tôi được dạy ở trường là,2
sạch sẽ đẹp và rộng rãi,2
nghỉ học có làm bạn bớt buồn hơn không lời nói cũng có thể làm tổn thương người khác tôi hy vọng nhà trường sẽ xử lý nghiêm túc và không phán xét và rút kinh nghiệm,0
trường đại học cũ chất lượng giáo dục hàng đầu việt nam,2
cho dù một người không có nhân cách nhưng vẫn được phép làm giảng viên thì trường không nên mang tên khoa học nhân văn nữa mà nên đổi tên,0
du học tại khoa quản trị nguồn nhân lực đại học tổng hợp tphcm tôi hiện đang học ngắn hạn tại đại học quản trị nguồn nhân lực hà nội thực sự không tốt lắm nếu bạn muốn du học đúng nghĩa bạn nên đi,0
thông tin chung trường đại học khoa học xã hội và nhân văn là trường thành viên của đại học quốc gia hà nội trụ sở chính của trường đặt tại 336 nguyễn trãi quận thanh xuân thành phố hà nội,1
trường đào tạo đại học và sau đại học uy tín chất lượng trong lĩnh vực khoa học xã hội tuy nhiên không gian quá chật hẹp xây dựng và sửa chữa chắp vá,2
và ô tô xe máy bị cuốn trôi trước cổng trường vào ngày 10112020 kéo lê nhiều mét đầy khói,0
ngôi trường đáng yêu,2
đã hơn mười năm kể từ khi tôi trở lại trường cũ tôi cảm thấy rất xúc động và phấn khích chúng tôi chúc các thầy cô sức khỏe,2
15 năm trước,1
một ngôi trường rất rộng rãi và lớn,2
trường đại học nổi tiếng và uy tín tại hà nội,2
môi trường học tập hàng đầu tại việt nam giáo viên có trình độ chuyên môn cao và tận tâm với học sinh,2
ussh những ngày cuối năm tỵ d,1
cựu đại học tổng hợp nơi đào tạo các nhà nghiên cứu,2
đây là nơi tôi đã học tôi cảm thấy rất yêu ngôi trường này mỗi lần đi qua đây tôi lại nhớ về những kỷ niệm đẹp tôi yêu khoa nhân văn,2
mục tiêu trước mắt của tôi trong năm 2022 cố lên tôi chắc chắn sẽ thành công,1
một ngôi trường mang phong cách sinh viên cùng đội ngũ nhân viên năng động trẻ trung và hiểu biết,2
một ngôi trường đẹp với bề dày lịch sử giáo viên nhiệt tình tiến sĩ học sinh ngoan ngoãn lịch sự và giỏi,2
rất tuyệt vời đội ngũ nhiệt tình và chuyên nghiệp,2
trường dành cho những người yêu thích khám phá các môn học về khoai tây từ khi còn học phổ thông,2
đại học khoa học xã hội và nhân văn một ngôi trường chất lượng dành cho sinh viên có lịch sử lâu đời,2
trường số 1 tại việt nam về khoa học xã hội và nhân văn,2
một ngôi trường lớn nhưng lại có một giảng viên vô đạo đức,0
nhìn có vẻ hơi đơn giản và không hiện đại lắm thiết bị học tập khá thô sơ chưa thấy tiến triển nhiều,0
trường đẹp giáo viên nhiệt tình nhiều chuyên ngành khoa học xã hội thú vị,2
tuy hơi nhỏ nhưng cảnh quan trường sạch sẽ và nhiều cây xanh hài lòng với ngôi trường tôi sẽ học trong tương lai,2
trường đẹp học sinh thân thiện và nhiệt tình,2
ngôi trường này rất tốt và có nét gì đó rất nhân văn,2
thông tin rất tốt,2
cổ đại vĩnh cửu,2
top 1 trong đào tạo khu vực xã hội,1
trường học rộng đẹp mọi tội lỗi đều phải đối mặt là thuốc lá thăng long sợ nhất là mùi thuốc lá,2
trường tọa lạc tại số 336 nguyễn trãi quận thanh xuân hà nội,2
trường có giáo viên kém và có trẻ em vì vậy hãy tránh trường này,0
đi tới đi lui,0
trường đại học khoa học xã hội và nhân văn là trường đại học thành viên của đại học quốc gia hà nội trụ sở chính của trường đặt tại số 336 nguyễn trãi quận thanh xuân thành phố hà nội,1
trường đại học nổi tiếng của việt nam nằm ở thành phố hà nội,2
cái nôi đào tạo ngành khoa học xã hội,2
không không cần phải vội vã trong cuộc sống so sánh cái cao và cái thấp cái cao và cái thấp,0
cơ sở vật chất bình thường không đầu tư nhiều có cảm giác hoài niệm sinh viên không năng động lắm,0
trường đẹp học phí rẻ và giáo viên chất lượng,2
còn hơn 2 tháng nữa là đến kỳ thi tuyển sinh đại học tôi tự tin rằng mình sẽ học ở ngôi trường này,1
trường học của tôi đơn giản yên bình nhưng đầy niềm vui,2
có một trường trung học chuyên ngành khoa học xã hội và nhân văn gần đó,2
trường của tôi chỉ cách trường tự nhiên một hàng rào thôi,1
hình ảnh từ cầu đi bộ nhìn xuống ngắm dòng người tấp nập vào giờ làm việc,1
trường đại học hàng đầu việt nam nghiên cứu và giảng dạy khoa học xã hội và nhân văn,2
trường đại học khoa học xã hội và nhân văn đại học quốc gia hà nội,1
tôi thường đến đây uống trà đá ở cổng trường trường cũng rộng rãi,2
hãy cân nhắc việc tham gia kỳ thi tuyển sinh vào khoa tâm lý của trường,0
một trong những trường đại học đào tạo khoa học xã hội lớn nhất cả nước,2
tự hào là học sinh của trường 3,1
trường đại học khoa học xã hội và nhân văn đào tạo khối c rất tốt,2
một ngôi trường tốt với lịch sử phong phú,2
tôi đang học tiếng việt ở hàn quốc năm sau tôi sẽ sang việt nam nên tôi muốn học ở trường đại học khoa học xã hội và nhân văn tôi yêu việt nam,2
đây là nơi lý tưởng để học tập và thực hành cho sinh viên khoa học xã hội,2
trường đại học hàng đầu và giàu truyền thống tại việt nam,2
ngôi trường có phong cách cổ kính với nhiều cây xanh,2
lâu rồi không quay lại trước đây tôi học ở trường hanu và thường đến đây,0
trường đào tạo thì tốt nhưng sau khi tốt nghiệp nhiều khoa thì rất khó tìm được việc làm,0
ngôi trường này cũ và khá nổi tiếng với những học sinh ở khối c,0
tuyệt vời tôi yêu ngôi trường này,2
đây là một ngôi trường có chất lượng giảng dạy cực kỳ tốt,2
trường đẹp đấy người yêu cũ của tôi đã học ở trường này,2
một trong những trường đại học lâu đời nhất ở hà nội,2
ngôi trường mơ ước phải cố gắng đăng ký ở đây,0
học sinh và nhân viên nhà trường rất nhân văn yêu trường 3,2
môi trường học tập thân thiện và chất lượng cao,2
rất tốt trải nghiệm thú vị,2
sạch sẽ gọn gàng rộng rãi nhiều học sinh và giáo viên vui vẻ,2
trường học với những giáo viên tuyệt vời 3,2
ngôi trường này nhỏ mới thành lập chỉ có ba chuyên ngành chính,0
trường đại học tốt nhất việt nam tất cả bạn bè tôi đều thích trường này,2
ngôi trường hơi nhỏ so với tầm quan trọng của nó,0
bởi vì đây là nơi hai người bạn thân của tôi sẽ học,1
trường này có bao nhiêu điểm đậu,1
nơi tôi học để trở thành một con người của xã hội,2
những ai yêu thích học tập ở đây nên cho 5,0
tự hào khi bước vào cánh cổng nhân văn,1
ngôn ngữ,2
trường đào tạo nhiều nhà lãnh đạo cấp cao,2
chất lượng giảng dạy thuộc hàng đầu việt nam,2
năm nay tôi nhất định phải đỗ để được đi học,1
trường có rất nhiều gái xinh và cũng có rất nhiều gay,2
ngôi trường này trông giống như một trường đại học,0
ngôi trường đẹp và thân thiện,2
khuôn viên trường đẹp sinh viên năng động trường của bạn tôi,2
một trong những trường trực thuộc đại học quốc gia hà nội,1
được rồi giáo viên trẻ nhưng hiểu biết sâu rộng,2
ngôi trường đẹp và cổ kính,2
có rất nhiều phụ nữ họ học hành chăm chỉ họ trông giống như đang ở trong một trường sư phạm,2
bảo vệ người thầy đã đánh mất lời dạy và nói dối,2
trước đây là đại học hà nội,1
em yêu trường em,2
nếu bạn không vượt qua bạn sẽ nhận được 1 sao,1
đào tạo tốt nhiều sinh viên nữ,2
chất lượng giảng dạy của trường rất tốt,2
cổng trường gần máy atm rất tiện lợi,2
chiều nay mùi thuốc lá nồng nặc,0
trường có cổng ngay cạnh đường nguyễn trãi,0
đã mài háng trong 4 năm,0
ngôi trường đẹp và uy tín,2
mong muốn được đi học,2
sạch sẽ mát mẻ,2
nhân văn rất nhân văn các bạn ạ,2
giáo viên giỏi học sinh khỏe mạnh,2
trường học của tôi rất tuyệt,2
chất lượng giảng dạy tốt,2
nhà lãnh đạo tốt của đất nước,2
tuyệt vời rất rất tuyệt vời,2
trường đại học này giảng dạy ngoại ngữ vì vậy bạn có thể tìm thấy một số sinh viên có thể nói tiếng anh tây ban nha bồ đào nha nhật bản trung quốc ý đức thái lan vv thật không may hầu hết sinh viên đều rất ngại nói chuyện với,2
đại học hà nội nổi tiếng với việc giảng dạy nhiều loại ngoại ngữ vì vậy sinh viên thường thành thạo các ngôn ngữ như tiếng anh tiếng tây ban nha tiếng bồ đào nha tiếng nhật tiếng trung tiếng ý tiếng đức và tiếng thái tuy nhiên một vấn đề thường gặp là,2
chúng tôi đã có cơ hội ở đó trong buổi lễ tốt nghiệp điều này được thực hiện vào ngày cuối cùng của trường ở đó trước khi họ biết kết quả thi của mình trang phục thực sự đẹp đó là một trải nghiệm tuyệt vời cho tất cả chúng tôi,2
trường đại học tốt nhiều khoa có cả sinh viên nước ngoài trường đại học rộng sạch thoáng mát nhiều cây xanh,2
đại học hà nội được coi là một trong những trường đại học hàng đầu về đào tạo ngoại ngữ,2
trải nghiệm đáng giá cả đời khi học ở đây,2
tôi yêu nơi này và tôi muốn trở thành một phần của hanu nhưng quá muộn rồinó đã biến mất mãi mãi,0
khi tôi đang tìm kiếm các khóa học tiếng trung tôi quyết định thử viện khổng tử địa phương họ không chỉ bỏ qua các email mà tôi đã gửi nhiều lần mà họ thậm chí còn không thèm trả lời các câu hỏi của tôi trên zalo và facebook tôi,0
đại học hà nội phần lớn là một nơi thân thiện và xinh đẹp hầu hết mọi người ở đây đều giỏi sử dụng ngoại ngữ đặc biệt là tiếng anh sinh viên của trường chủ yếu là nữ có lẽ 90 hoặc cao hơn sinh viên quốc tế của trường là,2
hanu là số,1
không khí tuyệt vời nhiều nơi ăn uống khác nhau giáo viên rất nhiệt tình và tất cả các bạn cùng lớp đều rất tuyệt,2
deadline ko chill nhưng xem chill,0
trường đại học cũ với chất lượng giảng dạy tốt nơi bạn có thể học ngoại ngữ tiếng anh tiếng nhật tiếng hàn tiếng pháp tiếng tây ban nha tiếng trung và một số khoa khác như cntt quản trị kinh doanh,2
không bao giờ hối hận khi chọn hanu môi trường học tập siêu sạch sẽ khuyến khích sinh viên năng động chuyên nghiệp,2
dịch vụ kém quá đông đúc không thân thiện giao hàng trễ,0
cần cải tạo khoa tiếng việt dành cho sinh viên quốc tế cần cải thiện giá rẻ nhưng hiệu quả thấp,0
trường đại học ưu tiên hàng đầu cho học sinh trung học muốn có khả năng sử dụng tốt ngôn ngữ,2
nơi tốt để ở hãy đến và tận hưởng cuộc sống ở đây cảm ơn bạn đã dành thời gian,2
tôi đã học ở đây trường đại học tuyệt vời nhất tôi nhớ mối tình đầu của mình ở đây,2
hanu em muốn anh yêu anh nhiều lắm em ước mình được là sinh viên của hanu trong tương lai em sẽ,2
nơi bạn có thể tìm thấy những hạn chót áp lực thất bại thú vị vì đó là tuổi trẻ bạn biết đấy,0
trường đại học tốt các giáo viên rất đáng yêu thân thiện và dễ thương,2
tôi vừa có trải nghiệm không tốt với một nhân viên tại văn phòng trường khiến cơ hội vào hanu của tôi bị hủy hoại,0
trường học xấu,0
đại học hà nội rất đẹp,2
mặc dù thời hạn đã cận kề nhưng mình vẫn thích hanu,2
hầu hết các trường đại học đều có rất nhiều cô gái dễ thương,2
đây là trường học của tôi bạn biết đấy đây là nơi tôi tìm thấy cộng đồng của mình xd,1
một nơi tuyệt đẹp với nhiều cây cổ thụ,2
vâng 5 sao,1
nơi lý tưởng để vui chơi và trò chuyện với bạn bè,2
yêu ngôi nhà thứ hai của tôi 3,2
trường học tốt nhất để học ngoại ngữ,2
wic,2
trường đại học mở không gian mở rất đẹp,2
nhà trắng a1,0
qua,1
tôi đang học tiếng ý ở đây 3,1
tỷ lệ phụ thuộc,1
yêu trường của tôi quá,2
hoàn hảo trường học của tôi,2
tiện nghi khá tốt,2
đẹp quá,2
tôi học ở đây từ năm 2011 đến năm 2015,1
yêu hanu 3,2
chúng tôi yêu hanu,2
cũ và thiếu điều kiện,0
tôi yêu họ,2
hanu giấc mơ cao,2
ấm áp,2
trường đại học kiến trúc hà nội,2
ngôi trường của tôi là giấc mơ của tôi,2
không có gì để phàn nàn,1
trường đại học thân yêu của tôi,2
khuôn viên trường yên bình,0
chào mừng đến với hanu,2
tôi thích cái này,2
bài viết này không đánh giá chất lượng học thuật trường rộng và thoáng sau 15 năm tốt nghiệp khi tôi đến thăm,0
trước đây là trường đại học ngoại ngữ sau 20 năm tôi mới có dịp đến đây bây giờ trường đã đổi tên cơ sở vật chất rộng rãi và được cải tạo khác nhiều so với trước,0
trường đại học hà nội hanu là một trong những trường đại học hàng đầu tại việt nam nổi tiếng về đào tạo ngôn ngữ và nghiên cứu văn hóa trường có chất lượng đào tạo cao với đội ngũ giảng viên giàu kinh nghiệm và cơ sở vật chất hiện đại môi trường học tập tại,2
không thể kể hết mọi thứ ở đây được nma trường mình có 1 tỷ điểm mà không có lý do gì cả trường toàn những chàng trai cô gái đẹp sang chảnh và xinh xắn trường mình,1
học phí tăng hơn 10 dưới 15 một năm csvc 710 giảng viên 9510 chương trình đào tạo 810,0
khuôn viên trường sạch đẹp nhiều khu vực riêng biệt dễ tìm có sân chơi rộng rãi thoải mái tòa nhà ngay lối vào giống như nhà trắng rất đẹp,2
trường rất rộng và đẹp đào tạo nhiều ngoại ngữ và chuyên ngành giảng dạy bằng ngoại ngữ khác giáo viên nhiệt tình học sinh năng động môi trường rất tốt,2
đại học hà nội cấp bằng cử nhân ngoại ngữ chuyên ngành tiếng anh theo hình thức đào tạo từ xa cho ông vương tấn việt năm 2001,1
ngôi trường rất đẹp rộng rãi và sang trọng,2
trường đại học hà nội là một trong những cơ sở giáo dục hàng đầu tại thủ đô việt nam với sứ mệnh cung cấp môi trường học tập và nghiên cứu chất lượng cao trường đào tạo sinh viên trở thành những con người đóng góp cho xã hội,2
tòa nhà trường học đẹp khuôn viên đẹp ngoài tòa nhà trường học còn có khuôn viên căng tin trường học ký túc xá đại học cửa hàng tiện lợi và quán cà phê và tôi thậm chí còn gặp một cặp vợ chồng lớn tuổi chạy bộ vào buổi sáng trên,2
giáo viên nhiệt tình và tận tâm giúp đỡ học sinh trường thường xuyên có các hoạt động và trải nghiệm vui vẻ trường có khuôn viên sạch đẹp nước uống miễn phí,2
trường có khuôn viên rộng chia thành các khu vực đều nhau là nơi từ lâu đã nổi tiếng về đào tạo và giảng dạy tiếng anh pháp hàn nhật trung nga cho những học viên chất lượng,2
bạn không nên học vb2 ở đây nhân viên phòng tài chính kế toán tên loan rất gian xảo đóng học phí mọi người hỏi han và hét lớn nói rằng họ bận và gọi điện hỏi nhiều học ở khoa sư phạm,0
mọi thứ đều tuyệt vời cho đến khi tôi đến nhận bằng và gặp cô giáo trả bằng cho tôi như thể tôi vừa cãi nhau với chồng và tìm đến cô ấy để trút giận cô ấy đảo mắt và mắng tôi vì đã nói điều mà tôi không nghĩ là,0
là nơi đào tạo chuyên ngành ngoại ngữ công nghệ đóng vai trò quan trọng trong quá trình đổi mới và phát triển của nhà trường hệ thống cơ sở vật chất trang thiết bị phục vụ học tập nghiên cứu và,2
tôi thực sự thích học sinh của trường này,2
đại học hà nội hanu một trong những trường đại học hàng đầu việt nam không chỉ chú trọng đào tạo ngôn ngữ trường còn tổ chức nhiều lễ hội giao lưu văn hóa và cơ hội gặp gỡ bạn bè quốc tế,2
cơ sở vật chất rất đẹp bạn có thể đi bộ xung quanh ăn uống và tìm một nơi để học tập và làm việc một cách dễ dàng,2
hiện tại em là học sinh mới của trường em đã học được 2 tháng mặc dù thời hạn rất khắt khe và nguy cơ trượt môn khá cao nhưng vì yêu thích nên em vẫn cố gắng em vẫn rất yêu trường trường không có điểm 10 nhưng,1
trường đại học hà nội tiền thân là trường đại học ngoại ngữ được thành lập năm 1959 tọa lạc tại km 9 đường nguyễn trãi quận thanh xuân hà nội,1
hanu đẹp và yên tĩnh trường học rộng rãi trang thiết bị ngày càng được cải thiện trường học ngày càng hiện đại và đẹp hơn học sinh hanu năng động nhiệt tình và sáng tạo và yêu thích môi trường này,2
bão lũ lụt hệ thống thoát nước kém làm cho trường học trực tiếp tệ đến thế đấy,0
trường học xanh sạch đẹp có nhiều sinh viên nước ngoài môi trường năng động nhiều nhà hàng khiến mình băn khoăn không biết nên ăn gì,2
nơi tôi có rất nhiều kỷ niệm từ lúc tôi thi tuyển sinh tôi liếc qua bài thi của anh chàng bên cạnh và đậu đã 20 năm trôi qua kể từ khi tôi tốt nghiệp và tôi vẫn chơi với bạn bè của mình trong lớp ta5697 thật vui khi được học ở đây,2
ngôi trường nơi tôi tốt nghiệp các giáo viên rất tuyệt vời đội ngũ nhân viên hiện đại và đẳng cấp,2
đại học hà nội độc đáo với những tòa nhà đầy màu sắc,2
trường rất đẹp sạch sẽ cơ sở vật chất rất tốt phong cảnh mát mẻ nhà vệ sinh ổn,2
hanu không có ước mơ ngay từ đầu cậu vô tình nộp đơn vào một trường lớp d với tư cách là học sinh dự bị ai có thể nghĩ rằng ước mơ chính của cậu sẽ thất bại nhưng thay vào đó cậu đã vượt qua bài kiểm tra,0
có lẽ đây là ngôi trường lớn nhất và đẹp nhất mà tôi biết,1
trường có bề dày lịch sử trong lĩnh vực đào tạo nơi học sinh được các thầy cô giáo truyền đạt kiến thức cho nhiều thế hệ thành đạt,2
ngôi trường đầy màu sắc từ tòa nhà đến đầu học sinh cho đến những đống ô vào mùa hè và mùa mưa chất lượng đào tạo hàng đầu ngôn ngữ học ở đây là tốt nhất so với các trường đại học ngoại ngữ thì đây,2
những kỷ niệm đáng nhớ tại hau ảnh khuôn viên trường và sinh viên,2
các giáo viên ở đây có thái độ thực sự tệ và cực kỳ khó chịu,0
ngôi trường khá đẹp nhưng có nhiều cô gái và quá nhiều người yêu ka ka mọi thứ đều rất năng động và có nhiều người nước ngoài,1
trường đẹp nhiều hạn nộp nên chỉ cho 1 sao,0
hanu là trường đại học rất tốt về đào tạo ngoại ngữ với điều kiện bạn phải có nền tảng ngoại ngữ và chăm chỉ học tập nếu không sẽ dễ bị quá tải và khó theo kịp ngoài 4 5,0
khoa nhật bản hanu 1 chương trình và hệ thống đào tạo cử nhân ngôn ngữ nhật bản ngôn ngữ nhật bản biên dịch phiên dịch,1
một trong những khuôn viên trường đẹp nhất hà nội,2
đại học kiến trúc hà nội mọi thứ đều tuyệt vời trừ hệ thống thoát nước,2
khi đó mọi người sẽ là f0 tôi và chúng ta đang trải qua những ngày của f0 hãy quan sát trải nghiệm một cách có ý thức bản thân gia đình và cộng đồng của bạn hà nội đang chiến đấu hết mình sắp đạt được mục tiêu ăn mừng toàn thể cộng đồng,0
huấn luyện học sinh tốt và nhẹ nhàng,2
đến với đại học hà nội ngoài môi trường năng động nhiệt huyết nơi đây như một thế giới thu nhỏ với nhiều màu sắc văn hóa ngôn ngữ đa dạng bất cứ nơi đâu trong khuôn viên trường không gì dễ dàng hơn là được nhìn thấy sinh viên,2
ghé qua sau giờ học nhớ lại ngày đi học nhé 3,2
trường có không gian đẹp sân thể thao rộng rãi đa năng nhiều cây xanh bãi đỗ xe hợp lý thang máy thường xuyên quá tải,2
ngôi trường rất rộng và ấn tượng nhất là 2 hàng cây xà cừ bên đường,0
trước đây là trường đại học ngoại ngữ hà nội,1
phong cảnh rất đẹp có một lĩnh vực vật lý đa dạng,2
tôi đã tiếp xúc với một số học sinh trong trường tôi thừa nhận rằng các em rất giỏi và có tài năng thực sự nhưng khiếu ăn mặc của các em hơi kỳ lạ,0
trường kiến trúc rộng rãi khang trang sinh viên năng động nếu bạn ở gần trường kiến trúc và cần thuê nhà vui lòng nhập vào nhà trọ ba son có phòng số 20 ngõ 1294 phố trần phú hà đông,2
trường có cơ sở vật chất rộng lớn được trang bị đầy đủ các vật liệu phục vụ cho việc học tập và nghiên cứu xứng đáng trở thành nơi đào tạo kiến trúc hàng đầu khu vực,2
trường rộng có nhiều khuôn viên và có ký túc xá sinh viên nằm trên đường nguyễn trãi thường xuyên xảy ra tình trạng ùn tắc khi đi lại,0
trường đại học kiến trúc hà nội là trường đại học đa ngành tại việt nam được coi là trường đại học hàng đầu về đào tạo và nghiên cứu trong ngành xây dựng và thiết kế tại việt nam trường được thành lập năm 1969 và hiện trực thuộc bộ xây dựng,2
với 11 ngành đào tạo chuyên ngành ngoại ngữ 6 ngành đào tạo chuyên ngành khác ngoài ngôn ngữ giảng dạy và học tập hoàn toàn bằng ngoại ngữ 6 trung tâm đào tạo và hợp tác quốc tế trường đại học hà nội tự hào là cơ sở giáo dục hàng đầu cả nước về đào tạo và nghiên cứu khoa học về ngoại ngữ và chuyên ngành ngoại ngữ,2
trường rộng sân bóng đá rộng cổng trường rất sâu mình chưa có cơ hội đi hết trường nhưng nhìn từ góc trường vẫn rất đẹp,0
khuôn viên trường rộng rãi thoáng mát cơ sở vật chất được đầu tư thường xuyên giảng viên nhiệt tình tận tâm,2
khuôn viên trường rộng rãi thoáng mát và ấm áp có nhiều cô gái xinh đẹp và dịu dàng,2
đến thăm trường đại học hà nội trong chương trình liveshow anh noo trường khá rộng rãi khuôn viên trường có nhiều cây xanh,2
nhà trường đã tạo ra một quảng cáo web thực sự,2
khoảnh khắc đầu hè và cuối xuân thật đẹp,2
thủ tục giấy tờ cho sinh viên nhanh chóng và dễ dàng giáo viên tốt và có chuyên môn trường đại học tốt nhất,2
rất đông đúc và nhộn nhịp lâu lắm rồi tôi mới quay lại nhà máy và tôi nhớ cảm giác của thời sinh viên,0
các bậc phụ huynh có con em muốn tham gia kỳ thi tuyển sinh đại học cần biết rõ lễ tốt nghiệp của con em mình có thể không được tham dự nếu như các em không có bằng tốt nghiệp loại giỏi hoặc xuất sắc,0
tôi đang học nên tôi cho trường 5 sao tôi hy vọng nhà trường sẽ ban phước cho bạn và giúp bạn vượt qua kỳ thi tốt,2
50 năm kể từ ngày thành lập trường,1
trường rất giỏi trong việc dạy ngoại ngữ,2
đây là ngôi trường nơi tôi đã học ngoại ngữ để xin việc vào năm 2010 đây là nơi tôi luôn nhớ đến,1
môi trường năng động phù hợp nhất với những người muốn học tiếng trung và muốn có môi trường thực hành tiếng trung với người trung quốc,2
4 mùa của hạnh mùa khô mùa ôn thi mùa thi cử và mùa lũ,1
không an toàn cho người đi bộ vì xe chạy rất nhanh trong trường học,0
điều khó nhất mà tôi phải học,0
trường có nhiều cây xanh môi trường năng động và thoải mái,2
trường đại học hà nội đã trải qua 60 năm hình thành và phát triển trong suốt 60 năm đó trường đã nhiều lần đổi tên mỗi lần đổi tên đều gắn liền với những thăng trầm và bối cảnh lịch sử xã hội của từng thời đại các giai đoạn như khoa ngoại ngữ,1
quản lý quá tệ làm mọi thứ đều chậm đã giữ chỗ từ học kỳ 1 nhưng vẫn trừ học phí học kỳ 2 và học kỳ 3 đã liên hệ nhưng không có phản hồi chán quá,0
ngôi trường rộng rãi đẹp đẽ thuộc bộ xây dựng,2
trường rộng rãi thoáng mát đẹp và mát mẻ có nhiều cây xanh đây là nơi hội tụ nhiều ngôn ngữ không khó để bắt gặp một người nói tiếng trung quốc bằng tiếng hán,2
nhà trường có cơ sở vật chất trang thiết bị khang trang hiện đại đáp ứng được quy mô và yêu cầu đào tạo chương trình đào tạo của nhà trường được xây dựng thẩm định ban hành đánh giá và cập nhật theo đúng quy định có đủ,2
là một trường đại học lớn tại hà nội đào tạo nhiều chuyên ngành là một trường đại học danh tiếng trường có khuôn viên rộng nhiều cây xanh thích hợp cho việc vui chơi rèn luyện sức khỏe trường có bãi đỗ xe sân bóng đá bóng rổ,2
một trường đại học rất uy tín các thầy cô nhiệt tình và dễ hiểu khuôn viên trường rộng rãi và thoáng mát,2
rất đẹp rộng rãi tiện nghi đầy đủ gần nhà hàng có nhiều quán ăn ngon 25k 1 tô bún nem 30k nếu có bún chả thì ghé qua nhé,2
đây là trung tâm đào tạo uy tín với quan điểm đào tạo tiến bộ và nhiều chuyên ngành sử dụng tiếng anh hoàn toàn phù hợp với xu hướng hội nhập giúp đào tạo nhiều sinh viên xuất sắc có khả năng làm việc trong các doanh nghiệp liên doanh và,2
khuôn viên trường rất đẹp và đặc biệt có khá nhiều sinh viên trao đổi,2
được thành lập vào năm 1959 với tên gọi ban đầu là trường đại học ngoại ngữ sau hơn nửa thế kỷ hoạt động trường đã từng bước khẳng định vị thế là trường đại học công lập uy tín trong đào tạo ngoại ngữ ở cả ba,2
ngôi trường rất đẹp và sang trọng,2
lớp học sạch sẽ sân trường rộng rãi có sân bóng đá nhiều hoạt động ngoài trời nhiều chương trình ngoại khóa với nhiều khách mời đặc biệt như da lab ngot vv,0
trường rất đẹp gia đình tôi từng có một người chị học ở đây chất lượng đào rất tốt học sinh giỏi và rất năng động nhiệt tình và hiện đại,2
khuôn viên trường rất đẹp trông rất sang trọng và đẳng cấp các giảng viên không thể phủ nhận là vừa giỏi vừa hiểu biết các sinh viên thân thiện năng động và nhiệt tình hanu là lựa chọn tốt nhất,2
hanu nơi bạn có thể mặc quần short đến trường thoải mái sáng tạo và tự do không bao giờ phải lo lắng về việc đi chùa thầy đi bộ quanh trường như đi du lịch nước ngoài vì trường vừa đẹp vừa đa dạng,2
trường được xây dựng từ lâu ngoại trừ tòa nhà h được xây dựng cách đây hai năm khá cổ kính nhưng diện tích hơi hẹp và thiếu không gian cho học sinh hầu hết các hoạt động thể chất đòi hỏi không gian rộng lớn đều phải đến gần đó,0
sân bóng đá từ 5 giờ chiều đến 10 giờ 30 sáng rất đông người tập thể dục và chơi thể thao rất vui tuy nhiên đồ ăn quanh trường quá đắt và không ngon,0
tiền thân là trường đại học ngoại ngữ trường có 10 khoa ngoại ngữ và 4 khoa đào tạo chuyên ngành giảng dạy và học tập tiếng anh và tiếng pháp,1
đáng lẽ phải là 5 nhưng tôi cho 4 vì tôi đã học cách chạy liên tục 3 lần đây là lần cuối cùng tôi học chạy bền nếu không đỗ tôi sẽ quỳ xuống và cầu xin đỗ lớp 20182022,0
trường đại học hà nội hanu tiền thân là trường đại học ngoại ngữ hà nội chuyên đào tạo trình độ cử nhân các ngành ngoại ngữ như tiếng nga tiếng trung tiếng anh tiếng pháp tiếng tây ban nha ngoài ra còn là khoa dự bị,1
khuôn viên trường tương đối rộng rãi phù hợp với mọi hoạt động học tập và sinh hoạt của học sinh đội ngũ giảng viên trong trường thường xuyên có các sự kiện hoạt động đa dạng giúp học sinh năng động và tự tin hơn,2
trường có cho phép học sinh từ trường khác đỗ xe không,1
trường học nổ tung đến nỗi cô giáo buồn ngủ và ngáp dài ncl chán lắm,0
5 sao cảm ơn vì đây là trường tôi đã theo học 5 năm nhưng trường có tiếng về kiến trúc nhưng ở đây không có nhiều kiến trúc khi c tốt nghiệp anh ấy đã mở 2 tòa nhà 1 trang trại bò sữa 1 tòa nhà đầy màu sắc trông chẳng giống bất cứ thứ gì,0
tôi đã mua 2 chiếc xe cho bố mẹ yêu quý của tôi cảm ơn xe đạp 88 các tư vấn viên rất nhiệt tình,2
vì nhà trường cho em nhiều bài tập và làm em mệt nên hãy đánh giá em 1 sao em đề nghị nhà trường rút kinh nghiệm cho em một số bài tập đi em lo lắm,0
thiết kế xây dựng trường học khoa học nhiều cây cổ thụ lớn có dáng vẻ cổ xưa hiện nay có một số công trình đang được xây dựng và cải tạo để đẹp hơn hệ thống cơ sở hạ tầng khá tốt,0
trường kiến trúc chỉ là trường đại học chỉ những người học ở đó mới biết còn về cảnh tượng thì chẳng có gì cả toàn bộ công trình xây dựng vẫn còn dang dở,0
trường rất tốt cho những người đam mê cái đẹp nghệ thuật sáng tạo và tỉ mỉ cho 4 sao vì trường có nhà vệ sinh khá sạch sẽ đặc biệt có vòi phun nước mạnh rất tiện lợi,2
trường đại học hà nội tiền thân là trường đại học ngoại ngữ được thành lập năm 1959 tại km 9 phố thanh xuân hà nội trường là cơ sở đào tạo và nghiên cứu khoa học chất lượng cao về ngoại ngữ tại trường đại học,2
giáo viên tuyệt vời,2
đại học hà nội là cơ sở đào tạo nghiên cứu khoa học uy tín chất lượng hàng đầu cả nước về đào tạo ngoại ngữ và nhiều chuyên ngành thuộc lĩnh vực khoa học xã hội nhân văn kinh tế công nghệ giảng dạy tại,2
một nơi lý tưởng để rèn luyện cơ thể thông qua các bài tập thể dục và tôi luyện tinh thần thông qua việc chạy bộ,2
trường đại học kiến trúc hà nội là trường đại học đa ngành tại việt nam được coi là trường đại học hàng đầu về đào tạo và nghiên cứu trong ngành xây dựng và thiết kế tại việt nam,2
trường đẹp học sinh năng động,2
ngày tận thế v,2
tôi không thể đạt được điểm quá cao,0
trường đại học hà nội tiền thân là trường đại học ngoại ngữ hà nội được thành lập năm 1959 tọa lạc tại km 9 phố nguyễn trãi quận thanh xuân hà nội trường nổi tiếng với chuyên ngành đào tạo ngoại ngữ hiện nay đã mở rộng sang các chuyên ngành khác nhưng đào tạo bằng tiếng anh,1
trường có khuôn viên rộng rãi thoáng mát nhiều cây xanh và nhiều cửa hàng bán đồ ăn nhẹ cho học sinh,2
đại học hà nội có tên tiếng anh viết tắt là hanu một ngôi trường phải nói là cực kỳ trung thực rằng nếu bạn muốn học ở một ngôi trường không tham nhũng không tiền bạc và tự vươn lên bằng chính sức lực của mình thì hãy chọn hà nội,0
chính xác thông tin cần tìm kiếm,1
tôi thực sự thích nó tôi đã là sinh viên trao đổi trong nửa năm và nó rất vui các sinh viên rất thân thiện và trình độ học vấn cao vì vậy ngay cả khi tôi không biết tiếng việt tôi vẫn có thể xoay xở được chỉ với tiếng anh và tiếng hàn,2
trường có nhiều khoa chuyên ngành với nhiều khoa ngoại ngữ tiếng trung tiếng anh tiếng hàn tiếng nga trường thường xuyên tổ chức các buổi giao lưu văn nghệ múa hát cho từng khoa các cô gái hanu rất xinh đẹp và năng động,2
hoàn hảo là một môi trường giáo dục rất năng động không có người bán hàng rong các cô gái xinh đẹp các chàng trai đẹp trai cô giáo xinh đẹp ngôi trường lớn và cao,2
trường khá rộng và có wifi miễn phí đi bộ quanh trường vào ban đêm khá thú vị,2
trường đại học hà nội tên tiếng anh hanoi university viết tắt hanu tên gọi trước đây là trường đại học ngoại ngữ được thành lập năm 1959 tọa lạc tại km 9 phố nguyễn trãi quận thanh xuân hà nội,1
con trai tôi là sinh viên năm thứ 3 chuyên ngành tiếng nhật tại trường đại học hà nội và tôi không nhận được thông báo về lý do tại sao con tôi phải nghỉ học trong khi ngày nào cũng có một anh chị khóa trên đến nhà tôi đưa đón con đi học theo,0
cảm ơn nhà trường đã đào tạo nên đội ngũ kiến trúc sư xây dựng nhiều công trình đẹp và lớn trên khắp mọi miền đất nước,2
học 5 năm ở trường tôi chỉ có một cảm giác ngập lụt lúc nào cũng ngập lụt mưa thì ngập lụt nắng thì ngập lụt chỉ cần mưa một chút là trường lại ngập lụt haha à trang credit có lỗi lên xuống mất,0
trường học tệ nhất ở hà nội,0
xanh sạch đẹp khuôn viên trường rộng rãi gửi xe 30klượt có chỗ ăn uống trong khuôn viên trường,2
địa chỉ hơi khó tìm mặc dù nằm ngay mặt đường tìm kiếm trên google thì thấy địa chỉ là km 10 nguyễn trãi thanh xuân lúc vào trường thấy nhiều cây xanh nên rất thích,0
mặt tiền trường nằm trên đường nguyễn rộng rãi thuận tiện cho việc đi lại các tòa nhà bên trong khuôn viên trường được bố trí theo phân khu rõ ràng,2
trường có khuôn viên rộng rãi và sân bóng đá đẹp học sinh ở trường này rất năng động,2
khuôn viên trường rộng rãi nhiều cây xanh có sân rộng để luyện tập thể thao chất lượng đào tạo tốt,2
trường nhỏ nhưng đang được cải tạo và nâng cấp chất lượng đào tạo ổn,2
thật tuyệt vời khi được học ở đây có những giáo viên nhiệt tình và những người bạn thân thiện,2
trường đại học hà nội tiền thân là trường đại học ngoại ngữ được thành lập năm 1959 có trụ sở tại km 9 đường nguyễn trãi quận thanh xuân hà nội,1
phụ huynh và học sinh không thể tra cứu danh sách thí sinh nộp hồ sơ xét tuyển vào trường như thế này để thuận tiện cho việc tra cứu chúng tôi hy vọng nhà trường sẽ cộng tổng điểm bao gồm điểm ưu tiên khu vực và điểm thi nhân môn ngoại ngữ chúng tôi hy vọng nhà trường sẽ lưu ý,0
tôi đã thực hiện tổng cộng hàng trăm cuộc gọi và không bao giờ bị bắt máy nhưng đó là cuộc gọi trong giờ làm việc vì vậy nếu tôi không trả lời tôi vẫn sẽ bị tính phí cuộc gọi thông thường,0
ngôi trường rất đẹp nhưng có lẽ các học sinh đang bận làm dự án nhưng nhiều bạn nam có tóc và râu trông hơi đáng sợ,0
khá rộng xung quanh có nhiều nhà hàng ngon và sân bóng đá đi vào trung tâm thành phố không quá xa,2
nhờ vị trí này mà sáng nay tôi đạp xe 16km để đến trường,2
khoảng sân trước lớp học mba latrobe vào mùa mưa chúng tôi phải bơi đến lớp,0
chất lượng học tập và không gian ở đây rất tốt có nhiều hoạt động giúp học sinh năng động hơn,2
trước đây là trường đại học ngoại ngữ hà nội sau này trường đại học ngoại ngữ hà nội đổi tên thành trường đại học ngoại ngữ cầu giấy do đó trường đại học ngoại ngữ hà nội thành xuân mới trở thành trường đại học trung hà nội,0
trường đẹp nhưng cũ cổng trường mà thỉnh thoảng mình đi qua hơi mở nhiều học sinh xinh đẹp và tài năng,1
thoáng mát rộng rãi có sân vận động cho sinh viên và cư dân xung quanh tập thể dục,2
nhìn từ bên ngoài thì trông khá tồi tàn nhưng ngôi trường khá rộng và có trạm xe buýt khá thuận tiện,2
đại học kiến trúc hà nội là trường đại học đào tạo kiến trúc sư hàng đầu tại việt nam,2
đại học hà nội,1
khoa tiếng trung chiến đấu trường hà nội có nhiều khoa ngôn ngữ rất đặc biệt năm học 20162020,2
đại học hà nội có không gian mở mọi người đều có thể ra vào dễ dàng và sinh viên ở đây rất năng động,2
trường đại học kiến trúc hà nội là trường đại học nghiên cứu công lập được thành lập năm 1969 theo đề nghị của bộ kiến trúc thống nhất với bộ đại học và đào tạo nghề có trụ sở chính tại quận hà đông thành phố hà nội,1
trường có một giảng viên quốc phòng quấy rối nữ sinh,2
khuôn viên trường rộng và có nhiều cây xanh thậm chí còn có cả sân vận động cho mọi người tập luyện nữa,2
môi trường đại học năng động dành cho sinh viên yêu thích sự tự do và sáng tạo,2
rộng rãi thoáng mát vừa comment về trường nhưng chưa học ở đây,2
trường rộng rãi thoáng mát các giáo viên tốt nhiệt tình và dễ thương học sinh hòa đồng và thân thiện,2
chất lượng bằng cử nhân sau khi tốt nghiệp rất tốt tự hào là trường mang tên thủ đô,2
tôi thực sự yêu trường hà nội và tôi thực sự hy vọng tôi có thể quay lại trường một lần nữa khoa tiếng nga,2
trường có phòng tập thể dục rất đẹp ngày nào mình cũng đến đây tập thể dục,2
một trong những trường đại học có nhiều thành tựu và lịch sử nhất tại việt nam,2
trường có một cây vừng rất đẹp vào mùa thu,2
bản đồ chỉ sai hướng chỉ đến khu vực ký túc xá đại học hà nội,0
to rộng đẹp mỗi lối vào đều khó tìm,2
khuôn viên trường rất đẹp có sân bóng đá rộng và nhiều cây bóng mát,2
phòng học đa năng đại học kiến trúc hà nội,2
một trường đại học hàng đầu tại việt nam chuyên về ngôn ngữ học,2
trường có chương trình đào tạo tốt và được nhiều sinh viên yêu thích,2
ngôi trường có chất lượng đào tạo cao nhất tại hà nội,2
sẽ tham gia kỳ thi tuyển sinh vào đại học hà nội năm nay,1
môi trường tuyệt vời không thể tốt hơn,2
một ngôi trường nơi diễn ra quá trình học tập thực sự và các kỳ thi thực sự,0
trường có không gian rộng rãi đẹp và sạch sẽ,2
trường đào tạo ra nhiều nghệ sĩ tài năng,2
học sinh cũng giỏi chơi trò chơi điện tử,2
ngôi trường tôi đã học,1
trình độ quản lý tài chính và quản lý kinh doanh cao,2
